224624.446276,-0.007073
224624.471286,-0.024696
224624.481264,-0.027621
224624.491256,-0.019306
224624.501245,-0.009755
224624.511243,-0.007942
224624.521235,-0.017356
224624.531222,-0.022280
224624.541222,-0.023048
224624.551214,-0.024404
224624.561202,-0.016587
224624.571201,-0.012405
224624.581193,-0.007028
224624.591181,-0.002589
224624.601158,-0.004817
224624.611150,-0.008459
224624.621169,-0.007826
224624.631157,-0.002207
224624.641149,0.004915
224624.651145,0.011952
224624.661138,0.027551
224624.671130,0.042281
224624.681123,0.045448
224624.691116,0.033350
224624.701108,0.009883
224624.711106,-0.015347
224624.721096,-0.038877
224624.731088,-0.056126
224624.741079,-0.051275
224624.751074,-0.031838
224624.761066,-0.005780
224624.771060,0.004780
224624.781053,-0.009345
224624.791045,-0.021029
224624.801038,-0.024702
224624.811032,-0.014612
224624.821024,-0.007454
224624.831017,-0.003422
224624.841016,-0.002145
224624.851008,0.002712
224624.860996,0.002723
224624.870988,-0.000527
224624.880980,-0.006532
224624.890976,-0.005493
224624.900964,-0.000776
224624.910956,-0.010653
224624.920953,-0.022095
224624.930939,-0.035930
224624.940931,-0.044168
224624.950932,-0.054295
224624.960912,-0.050288
224624.970904,-0.033912
224624.980906,-0.009591
224624.990910,0.017948
224625.000902,0.032454
224625.010902,0.023977
224625.020886,0.046790
224625.030878,0.036630
224625.040859,0.004044
224625.050864,-0.016312
224625.060856,-0.037758
224625.070858,-0.057694
224625.080842,-0.059826
224625.090834,-0.037812
224625.100828,-0.014683
224625.110822,-0.010163
224625.120814,-0.036933
224625.130813,-0.057230
224625.140801,-0.043519
224625.150793,0.009344
224625.160793,0.009169
224625.170779,-0.023415
224625.180771,-0.046773
224625.190760,-0.046443
224625.200759,-0.042976
224625.210751,-0.028131
224625.220736,-0.057658
224625.230737,-0.048814
224625.240729,-0.025822
224625.250714,-0.019114
224625.260717,-0.020272
224625.270709,-0.046157
224625.280690,-0.070679
224625.290696,-0.078319
224625.300688,-0.096579
224625.310676,-0.116463
224625.320675,-0.108418
224625.330667,-0.101201
224625.340653,-0.046541
224625.350653,-0.008838
224625.360645,-0.018855
224625.370626,-0.025149
224625.380632,-0.033577
224625.390624,-0.034320
224625.400600,-0.035786
224625.410611,-0.038591
224625.420603,-0.038721
224625.430586,-0.044585
224625.440590,-0.036742
224625.450582,-0.043177
224625.460567,-0.072533
224625.470570,-0.088059
224625.480562,-0.089984
224625.490553,-0.081682
224625.500548,-0.059243
224625.510540,-0.014714
224625.520533,0.037795
224625.530527,0.093029
224625.540519,0.138346
224625.550502,0.165990
224625.560505,0.180899
224625.570497,0.189808
224625.580475,0.184881
224625.590485,0.093497
224625.600477,0.022065
224625.610479,-0.023427
224625.620463,-0.070978
224625.630455,-0.084442
224625.640438,-0.068942
224625.650442,-0.027436
224625.660434,0.024983
224625.670436,0.078542
224625.680421,0.107132
224625.690413,0.092138
224625.700405,0.077844
224625.710394,0.076703
224625.720386,0.094526
224625.730370,0.133617
224625.740380,0.159773
224625.750372,0.155249
224625.760372,0.062242
224625.770361,-0.185281
224625.780353,-0.446559
224625.790337,-0.251644
224625.800337,0.091182
224625.810329,0.244027
224625.820331,0.178965
224625.830317,0.052319
224625.840309,0.089811
224625.850298,0.157513
224625.860296,0.160294
224625.870288,0.184904
224625.880288,0.233533
224625.890275,0.220355
224625.900267,0.209525
224625.910244,0.066380
224625.920254,0.003102
224625.930246,-0.084914
224625.940239,-0.170830
224625.950233,-0.197682
224625.960225,-0.141562
224625.970211,-0.074935
224625.980211,-0.044451
224625.990203,-0.018221
224626.000198,0.012654
224626.010190,-0.005246
224626.020182,-0.022383
224626.030177,-0.060801
224626.040169,-0.164115
224626.050161,-0.185161
224626.060146,-0.147355
224626.070148,-0.176562
224626.080140,-0.176518
224626.090129,-0.205220
224626.100127,-0.221325
224626.110119,-0.258805
224626.120112,-0.318594
224626.130114,-0.365672
224626.140106,-0.418318
224626.150081,-0.476620
224626.160085,-0.545857
224626.170077,-0.599928
224626.180070,-0.646236
224626.190063,-0.659151
224626.200055,-0.646674
224626.210048,-0.613147
224626.220043,-0.605045
224626.230035,-0.618737
224626.240029,-0.646091
224626.250022,-0.675214
224626.260014,-0.706852
224626.269890,-0.735655
224626.279872,-0.748133
224626.289864,-0.745185
224626.299858,-0.736441
224626.309843,-0.680362
224626.319835,-0.612094
224626.329836,-0.550572
224626.339830,-0.484944
224626.349822,-0.419862
224626.359816,-0.385821
224626.369808,-0.355893
224626.379800,-0.353985
224626.389793,-0.359962
224626.399788,-0.375006
224626.409780,-0.415461
224626.419773,-0.459648
224626.429766,-0.458503
224626.439758,-0.484392
224626.449752,-0.530527
224626.459741,-0.576069
224626.469733,-0.594062
224626.479731,-0.685151
224626.489709,-0.826083
224626.499701,-0.978104
224626.509709,-1.076545
224626.519703,-1.058985
224626.529695,-0.962469
224626.539690,-0.869310
224626.549682,-0.719884
224626.559674,-0.676291
224626.569669,-0.722345
224626.579661,-0.801606
224626.589653,-0.841086
224626.599647,-0.780968
224626.609641,-0.642314
224626.619633,-0.521548
224626.629626,-0.452025
224626.639619,-0.430478
224626.649611,-0.335350
224626.659605,-0.157441
224626.669598,-0.091245
224626.679590,-0.091278
224626.689584,-0.107145
224626.699578,-0.081102
224626.709570,0.012928
224626.719563,0.189450
224626.729556,0.332264
224626.739548,0.395894
224626.749541,0.441353
224626.759535,0.477086
224626.769527,0.522804
224626.779521,0.525200
224626.789514,0.479327
224626.799506,0.454205
224626.809499,0.460301
224626.819492,0.501330
224626.829484,0.557842
224626.839484,0.588798
224626.849472,0.625819
224626.859464,0.648639
224626.869469,0.647008
224626.879450,0.658087
224626.889442,0.681827
224626.899437,0.698923
224626.909429,0.681457
224626.919421,0.656354
224626.929415,0.651370
224626.939407,0.651155
224626.949399,0.648382
224626.959400,0.625569
224626.969389,0.599414
224626.979381,0.584686
224626.989373,0.580438
224626.999378,0.583447
224627.009370,0.594767
224627.019353,0.586956
224627.029356,0.580087
224627.039348,0.603241
224627.049323,0.592074
224627.059324,0.567920
224627.069316,0.528047
224627.079310,0.510479
224627.089310,0.489052
224627.099302,0.459063
224627.109289,0.423407
224627.119288,0.369048
224627.129280,0.313039
224627.139267,0.265991
224627.149261,0.242587
224627.159253,0.239095
224627.169227,0.189810
224627.179245,0.175252
224627.189237,0.144255
224627.199226,0.091246
224627.209226,0.045509
224627.219218,0.012855
224627.229205,-0.034116
224627.239194,-0.069918
224627.249186,-0.091709
224627.259184,-0.132881
224627.269171,-0.187820
224627.279163,-0.233399
224627.289163,-0.276587
224627.299169,-0.320875
224627.309161,-0.348085
224627.319142,-0.365944
224627.329148,-0.370126
224627.339140,-0.362440
224627.349120,-0.375034
224627.359098,-0.383740
224627.369090,-0.387350
224627.379098,-0.418277
224627.389097,-0.454096
224627.399089,-0.470816
224627.409078,-0.469989
224627.419065,-0.428766
224627.429057,-0.388804
224627.439057,-0.360723
224627.449032,-0.351882
224627.459024,-0.346891
224627.469036,-0.365852
224627.479032,-0.413991
224627.489024,-0.446439
224627.499015,-0.467917
224627.509020,-0.471860
224627.519012,-0.444165
224627.528994,-0.412079
224627.538999,-0.393062
224627.548991,-0.387286
224627.558973,-0.402502
224627.568967,-0.442413
224627.578959,-0.448664
224627.588952,-0.406906
224627.598935,-0.398135
224627.608927,-0.403615
224627.618929,-0.406309
224627.628930,-0.453859
224627.638922,-0.498922
224627.648918,-0.526990
224627.658903,-0.524069
224627.668895,-0.532909
224627.678878,-0.500082
224627.688870,-0.502253
224627.698862,-0.441715
224627.708851,-0.409640
224627.718870,-0.388183
224627.728862,-0.339427
224627.738846,-0.323621
224627.748838,-0.320593
224627.758830,-0.334294
224627.768826,-0.343031
224627.778806,-0.356538
224627.788798,-0.335703
224627.798805,-0.307595
224627.808798,-0.277505
224627.818790,-0.253468
224627.828784,-0.215072
224627.838766,-0.217097
224627.848758,-0.210605
224627.858762,-0.205963
224627.868755,-0.201508
224627.878747,-0.209785
224627.888742,-0.223928
224627.898733,-0.240247
224627.908725,-0.246279
224627.918720,-0.228957
224627.928713,-0.195297
224627.938705,-0.151370
224627.948700,-0.141962
224627.958676,-0.133420
224627.968668,-0.137204
224627.978679,-0.132583
224627.988672,-0.062688
224627.998664,-0.034515
224628.008657,-0.098473
224628.018642,-0.156756
224628.028634,-0.224237
224628.038624,-0.245165
224628.048629,-0.226968
224628.058621,-0.254723
224628.068615,-0.270224
224628.078602,-0.248386
224628.088594,-0.255431
224628.098594,-0.225901
224628.108567,-0.184274
224628.118559,-0.184832
224628.128573,-0.184013
224628.138578,-0.181125
224628.148570,-0.222015
224628.158551,-0.227959
224628.168546,-0.199920
224628.178538,-0.203736
224628.188531,-0.174442
224628.198515,-0.178828
224628.208507,-0.211964
224628.218511,-0.259355
224628.228512,-0.284571
224628.238504,-0.284480
224628.248489,-0.253427
224628.258475,-0.278402
224628.268467,-0.324246
224628.278468,-0.286061
224628.288452,-0.270069
224628.298444,-0.229149
224628.308447,-0.175248
224628.318441,-0.172059
224628.328433,-0.231472
224628.338425,-0.263135
224628.348419,-0.256263
224628.358411,-0.337004
224628.368412,-0.291683
224628.378397,-0.201321
224628.388389,-0.131776
224628.398384,-0.063874
224628.408377,-0.085227
224628.418369,-0.141007
224628.428362,-0.157283
224628.438356,-0.190660
224628.448348,-0.212292
224628.458352,-0.143168
224628.468335,-0.085986
224628.478327,-0.049152
224628.488310,-0.025903
224628.498314,-0.033489
224628.508306,-0.005090
224628.518309,0.002119
224628.528293,-0.015489
224628.538285,-0.060585
224628.548278,-0.109733
224628.558273,-0.126137
224628.568265,-0.123239
224628.578257,-0.114592
224628.588251,-0.121231
224628.598243,-0.135114
224628.608236,-0.153601
224628.618230,-0.159032
224628.628222,-0.165357
224628.638215,-0.170317
224628.648209,-0.160670
224628.658201,-0.140513
224628.668194,-0.126159
224628.678188,-0.104319
224628.688180,-0.088312
224628.698170,-0.081635
224628.708166,-0.092221
224628.718158,-0.118441
224628.728153,-0.149293
224628.738146,-0.172039
224628.748138,-0.154179
224628.758131,-0.129898
224628.768124,-0.116887
224628.778116,-0.089595
224628.788110,-0.065516
224628.798104,-0.057248
224628.808096,-0.075269
224628.818088,-0.115238
224628.828082,-0.147804
224628.838074,-0.188182
224628.848068,-0.203305
224628.858055,-0.191150
224628.868047,-0.160658
224628.878046,-0.151073
224628.888047,-0.146762
224628.898039,-0.128744
224628.908025,-0.106889
224628.918028,-0.064243
224628.928020,-0.023294
224628.938004,-0.006973
224628.947999,-0.038967
224628.957991,-0.045182
224628.967977,-0.041534
224628.977977,-0.020346
224628.987969,0.021041
224628.997974,0.039060
224629.007956,0.061515
224629.017948,0.067701
224629.027943,0.069681
224629.037935,0.076313
224629.047927,0.073738
224629.057922,0.058936
224629.067917,0.047755
224629.077909,0.037246
224629.087906,-0.035437
224629.097898,-0.072066
224629.107890,-0.095290
224629.117884,-0.189123
224629.127873,-0.233104
224629.137865,-0.296305
224629.147864,-0.363265
224629.157851,-0.553814
224629.167843,-0.607860
224629.177826,-0.585418
224629.187831,-0.553497
224629.197823,-0.543974
224629.207816,-0.526221
224629.217809,-0.493145
224629.227801,-0.496535
224629.237807,-0.515463
224629.247788,-0.528063
224629.257780,-0.512594
224629.267768,-0.485551
224629.277767,-0.442470
224629.287759,-0.453362
224629.297749,-0.468671
224629.307746,-0.478613
224629.317738,-0.449990
224629.327723,-0.418160
224629.337725,-0.406537
224629.347717,-0.290720
224629.357697,-0.433517
224629.367703,-0.411977
224629.377695,-0.415327
224629.387676,-0.465419
224629.397684,-0.468319
224629.407676,-0.458876
224629.417674,-0.487028
224629.427662,-0.576323
224629.437654,-0.544755
224629.447659,-0.498963
224629.457641,-0.567969
224629.467633,-0.676628
224629.477619,-0.729892
224629.487620,-0.757036
224629.497612,-0.695111
224629.507588,-0.648681
224629.517599,-0.694219
224629.527591,-0.681330
224629.537587,-0.602707
224629.547578,-0.548752
224629.557570,-0.534570
224629.567555,-0.506685
224629.577556,-0.515173
224629.587548,-0.567809
224629.597550,-0.646159
224629.607536,-0.708812
224629.617528,-0.723680
224629.627522,-0.697625
224629.637515,-0.672695
224629.647507,-0.689148
224629.657490,-0.741268
224629.667492,-0.778897
224629.677484,-0.738304
224629.687488,-0.740410
224629.697481,-0.710491
224629.707473,-0.669163
224629.717445,-0.685384
224629.727433,-0.695564
224629.737425,-0.625316
224629.747443,-0.613019
224629.757432,-0.705039
224629.767424,-0.716011
224629.777403,-0.780896
224629.787410,-0.789955
224629.797402,-0.703023
224629.807392,-0.534614
224629.817389,-0.296837
224629.827381,-0.219662
224629.837361,-0.191759
224629.847369,-0.230082
224629.857361,-0.293074
224629.867359,-0.335986
224629.877347,-0.340753
224629.887339,-0.300447
224629.897332,-0.308943
224629.907316,-0.239721
224629.917308,-0.143067
224629.927311,-0.050743
224629.937304,0.026687
224629.947296,0.104847
224629.957295,0.219396
224629.967283,0.310031
224629.977275,0.363872
224629.987263,0.398506
224629.997263,0.390032
224630.007255,0.407221
224630.017248,0.426101
224630.027241,0.403589
224630.037233,0.411394
224630.047227,0.495427
224630.057220,0.561574
224630.067212,0.572379
224630.077205,0.589592
224630.087200,0.574997
224630.097192,0.536565
224630.107196,0.570261
224630.117179,0.598248
224630.127171,0.592436
224630.137160,0.566563
224630.147158,0.548254
224630.157150,0.522570
224630.167147,0.539232
224630.177137,0.543994
224630.187129,0.524193
224630.197132,0.490431
224630.207116,0.400006
224630.217108,0.304135
224630.227101,0.243017
224630.237095,0.212456
224630.247087,0.186419
224630.257069,0.187700
224630.267074,0.182994
224630.277066,0.166993
224630.287060,0.137985
224630.297053,0.142798
224630.307045,0.154589
224630.317036,0.175707
224630.327032,0.199527
224630.337024,0.213756
224630.347022,0.279456
224630.357011,0.328220
224630.367003,0.351736
224630.376996,0.362436
224630.386989,0.359242
224630.396981,0.383294
224630.406976,0.340713
224630.416969,0.270876
224630.426961,0.222469
224630.436954,0.167789
224630.446948,0.136471
224630.456940,0.117651
224630.466934,0.109288
224630.476926,0.067966
224630.486918,0.043307
224630.496912,-0.001550
224630.506917,-0.081338
224630.516909,-0.158858
224630.526892,-0.208779
224630.536891,-0.302017
224630.546883,-0.431539
224630.556871,-0.562218
224630.566862,-0.698860
224630.576854,-0.832688
224630.586849,-0.932382
224630.596842,-0.972615
224630.606834,-0.897955
224630.616828,-0.883477
224630.626814,-0.830567
224630.636806,-0.695778
224630.646808,-0.555426
224630.656801,-0.418042
224630.666793,-0.315220
224630.676786,-0.278473
224630.686780,-0.269786
224630.696772,-0.246003
224630.706765,-0.230685
224630.716759,-0.240921
224630.726751,-0.279161
224630.736744,-0.327764
224630.746738,-0.365358
224630.756730,-0.416200
224630.766723,-0.463584
224630.776717,-0.482515
224630.786709,-0.513548
224630.796703,-0.592573
224630.806695,-0.722488
224630.816687,-0.845434
224630.826681,-0.925780
224630.836674,-1.010840
224630.846666,-1.066783
224630.856661,-1.079060
224630.866653,-1.060408
224630.876645,-1.020655
224630.886639,-0.898668
224630.896632,-0.797540
224630.906624,-0.685507
224630.916618,-0.577164
224630.926611,-0.457232
224630.936603,-0.386800
224630.946592,-0.359366
224630.956584,-0.375339
224630.966576,-0.368811
224630.976561,-0.368548
224630.986581,-0.388782
224630.996573,-0.404187
224631.006550,-0.435059
224631.016532,-0.462398
224631.026524,-0.492596
224631.036534,-0.492526
224631.046536,-0.550627
224631.056528,-0.616859
224631.066513,-0.688831
224631.076507,-0.805484
224631.086499,-0.937374
224631.096493,-1.077774
224631.106492,-1.264640
224631.116484,-1.500997
224631.126472,-1.819748
224631.136471,-2.140174
224631.146463,-2.293185
224631.156452,-2.236276
224631.166441,-2.018053
224631.176433,-1.736322
224631.186429,-1.455551
224631.196409,-1.143528
224631.206401,-0.849915
224631.216409,-0.605203
224631.226404,-0.474917
224631.236396,-0.405932
224631.246387,-0.371305
224631.256376,-0.315551
224631.266368,-0.236440
224631.276208,-0.055205
224631.286194,0.162072
224631.296186,0.415593
224631.306184,0.689593
224631.316175,0.978548
224631.326167,1.194421
224631.336166,1.197794
224631.346156,1.006266
224631.356148,0.779159
224631.366146,0.583699
224631.376151,0.481786
224631.386143,0.481547
224631.396124,0.491548
224631.406125,0.440759
224631.416117,0.407472
224631.426104,0.307708
224631.436082,0.161966
224631.446074,0.002814
224631.456083,-0.085482
224631.466086,-0.124099
224631.476078,-0.134719
224631.486062,-0.134584
224631.496056,-0.040395
224631.506048,0.113964
224631.516041,0.235458
224631.526024,0.248195
224631.536016,0.229834
224631.546020,0.177827
224631.556020,0.123328
224631.566012,0.092532
224631.575999,0.107503
224631.586002,0.143879
224631.595994,0.225606
224631.605977,0.289786
224631.615959,0.297609
224631.625951,0.214144
224631.635957,0.086471
224631.645958,0.006989
224631.655950,-0.023235
224631.665936,0.021407
224631.675922,0.064708
224631.685914,0.086943
224631.695913,0.096489
224631.705894,0.094192
224631.715886,0.126890
224631.725900,0.243214
224631.735893,0.422502
224631.745885,0.578083
224631.755866,0.660931
224631.765859,0.673618
224631.775851,0.692532
224631.785852,0.718583
224631.795829,0.757049
224631.805821,0.770428
224631.815840,0.769197
224631.825821,0.754135
224631.835813,0.702550
224631.845810,0.646320
224631.855797,0.594622
224631.865789,0.543128
224631.875789,0.545198
224631.885765,0.580236
224631.895757,0.603696
224631.905768,0.643397
224631.915761,0.586008
224631.925753,0.403243
224631.935746,0.261048
224631.945727,0.174715
224631.955719,0.071300
224631.965726,0.001796
224631.975731,-0.069419
224631.985723,-0.180790
224631.995705,-0.300357
224632.005699,-0.413403
224632.015691,-0.513861
224632.025684,-0.586763
224632.035667,-0.674743
224632.045659,-0.748144
224632.055662,-0.805747
224632.065656,-0.847887
224632.075648,-0.954855
224632.085642,-1.104348
224632.095632,-1.249768
224632.105624,-1.359416
224632.115628,-1.377059
224632.125623,-1.318975
224632.135615,-1.239294
224632.145601,-1.240019
224632.155604,-1.310665
224632.165596,-1.446018
224632.175579,-1.533352
224632.185563,-1.521391
224632.195555,-1.509724
224632.205557,-1.460493
224632.215551,-1.333417
224632.225543,-1.194310
224632.235537,-1.034219
224632.245529,-0.890365
224632.255521,-0.791515
224632.265504,-0.717972
224632.275493,-0.652156
224632.285485,-0.597911
224632.295473,-0.508130
224632.305473,-0.446489
224632.315465,-0.365216
224632.325474,-0.268545
224632.335466,-0.168164
224632.345458,-0.095357
224632.355452,-0.057422
224632.365441,-0.047017
224632.375433,-0.057445
224632.385432,-0.075734
224632.395409,-0.067527
224632.405401,-0.070593
224632.415412,-0.108740
224632.425407,-0.143790
224632.435399,-0.166929
224632.445388,-0.173225
224632.455383,-0.171025
224632.465375,-0.165172
224632.475369,-0.153922
224632.485363,-0.144181
224632.495355,-0.137981
224632.505347,-0.149688
224632.515348,-0.179086
224632.525340,-0.193394
224632.535333,-0.179372
224632.545320,-0.153035
224632.555312,-0.131553
224632.565312,-0.104879
224632.575297,-0.083445
224632.585289,-0.070460
224632.595285,-0.065333
224632.605278,-0.099894
224632.615270,-0.124522
224632.625258,-0.134067
224632.635258,-0.176488
224632.645250,-0.222427
224632.655243,-0.271955
224632.665236,-0.327565
224632.675228,-0.369122
224632.685221,-0.378695
224632.695216,-0.365067
224632.705208,-0.369537
224632.715201,-0.377125
224632.725194,-0.392464
224632.735186,-0.399332
224632.745180,-0.403287
224632.755173,-0.402445
224632.765165,-0.416577
224632.775159,-0.446862
224632.785152,-0.474648
224632.795144,-0.501256
224632.805136,-0.524702
224632.815131,-0.545434
224632.825123,-0.582768
224632.835116,-0.623873
224632.845102,-0.649920
224632.855094,-0.676202
224632.865095,-0.679460
224632.875089,-0.679645
224632.885081,-0.704901
224632.895073,-0.740422
224632.905067,-0.787090
224632.915059,-0.825078
224632.925052,-0.839763
224632.935059,-0.823189
224632.945051,-0.782679
224632.955027,-0.748510
224632.965031,-0.711629
224632.975023,-0.722096
224632.985023,-0.752918
224632.995006,-0.789294
224633.004998,-0.829858
224633.014998,-0.865011
224633.024985,-0.885579
224633.034977,-0.871709
224633.044977,-0.842395
224633.054950,-0.835011
224633.064942,-0.851981
224633.074956,-0.898022
224633.084943,-0.949387
224633.094935,-0.944333
224633.104933,-0.933020
224633.114921,-0.889132
224633.124913,-0.862589
224633.134905,-0.826654
224633.144900,-0.724990
224633.154892,-0.645183
224633.164875,-0.534722
224633.174879,-0.416744
224633.184871,-0.265564
224633.194869,-0.099015
224633.204858,0.020852
224633.214850,0.089910
224633.224836,0.095877
224633.234836,0.096439
224633.244828,0.081269
224633.254836,0.040128
224633.264816,0.022935
224633.274808,0.057173
224633.284804,0.079028
224633.294795,0.094170
224633.304787,0.101588
224633.314789,0.091920
224633.324774,0.100450
224633.334766,0.125369
224633.344754,0.117054
224633.354752,0.099764
224633.364744,0.122724
224633.374729,0.153895
224633.384732,0.207875
224633.394724,0.225534
224633.404729,0.204850
224633.414711,0.178325
224633.424703,0.158499
224633.434701,0.132968
224633.444691,0.105632
224633.454683,0.105952
224633.464682,0.123086
224633.474669,0.130844
224633.484661,0.126810
224633.494642,0.146189
224633.504660,0.127390
224633.514652,0.087711
224633.524642,0.048446
224633.534627,0.006939
224633.544619,-0.025871
224633.554610,-0.035554
224633.564606,-0.014560
224633.574598,0.027606
224633.584577,0.030140
224633.594585,0.030685
224633.604577,0.034713
224633.614576,0.047426
224633.624564,0.066856
224633.634556,0.086182
224633.644545,0.095666
224633.654543,0.093418
224633.664535,0.082282
224633.674513,0.078866
224633.684522,0.087771
224633.694514,0.084939
224633.704512,0.059462
224633.714499,0.011239
224633.724491,-0.054669
224633.734481,-0.124423
224633.744487,-0.178951
224633.754479,-0.229064
224633.764449,-0.265175
224633.774450,-0.284602
224633.784442,-0.305266
224633.794447,-0.347592
224633.804426,-0.403359
224633.814418,-0.490441
224633.824416,-0.569969
224633.834417,-0.643274
224633.844409,-0.713222
224633.854398,-0.772673
224633.864395,-0.820314
224633.874387,-0.835526
224633.884392,-0.828999
224633.894374,-0.830630
224633.904366,-0.856423
224633.914351,-0.898432
224633.924362,-0.942124
224633.934354,-0.978708
224633.944350,-1.006758
224633.954333,-1.025614
224633.964325,-1.025005
224633.974318,-1.004703
224633.984312,-0.955048
224633.994304,-0.930238
224634.004286,-0.917062
224634.014290,-0.920645
224634.024282,-0.930859
224634.034285,-0.929179
224634.044270,-0.963144
224634.054262,-1.006234
224634.064255,-1.031973
224634.074249,-1.056201
224634.084241,-1.077406
224634.094234,-1.060139
224634.104228,-1.001679
224634.114220,-0.932772
224634.124212,-0.887343
224634.134206,-0.880034
224634.144198,-0.883028
224634.154201,-0.894844
224634.164186,-0.913833
224634.174178,-0.925633
224634.184173,-0.885011
224634.194165,-0.839354
224634.204157,-0.825568
224634.214150,-0.827749
224634.224143,-0.838060
224634.234135,-0.853359
224634.244115,-0.870432
224634.254123,-0.893274
224634.264115,-0.910983
224634.274108,-0.934271
224634.284101,-0.959897
224634.294093,-0.969825
224634.304091,-0.965187
224634.314080,-0.966905
224634.324072,-0.968521
224634.334052,-0.976568
224634.344059,-1.006086
224634.354051,-1.030104
224634.364049,-1.041062
224634.374039,-1.017703
224634.384031,-0.970501
224634.394024,-0.908979
224634.404018,-0.833835
224634.414010,-0.750011
224634.423993,-0.687325
224634.433996,-0.671007
224634.443988,-0.685930
224634.453983,-0.694144
224634.463975,-0.719578
224634.473967,-0.726407
224634.483961,-0.721897
224634.493936,-0.721187
224634.503928,-0.699798
224634.513940,-0.688707
224634.523916,-0.712040
224634.533908,-0.807315
224634.543919,-0.947550
224634.553916,-1.087886
224634.563908,-1.196974
224634.573898,-1.246896
224634.583891,-1.236869
224634.593883,-1.180841
224634.603877,-1.118639
224634.613871,-1.091220
224634.623863,-1.104030
224634.633855,-1.154793
224634.643848,-1.225950
224634.653840,-1.268887
224634.663835,-1.285360
224634.673829,-1.269847
224634.683821,-1.234822
224634.693814,-1.192392
224634.703807,-1.179060
224634.713799,-1.162250
224634.723793,-1.165749
224634.733786,-1.149311
224634.743778,-1.119665
224634.753771,-1.085570
224634.763765,-1.052121
224634.773757,-0.998752
224634.783751,-0.928038
224634.793743,-0.838244
224634.803735,-0.777603
224634.813722,-0.745099
224634.823710,-0.693146
224634.833702,-0.682440
224634.843691,-0.681254
224634.853700,-0.695459
224634.863692,-0.694005
224634.873698,-0.685898
224634.883679,-0.638244
224634.893671,-0.608439
224634.903659,-0.586710
224634.913654,-0.566675
224634.923646,-0.550010
224634.933648,-0.541598
224634.943632,-0.540623
224634.953624,-0.551896
224634.963607,-0.549151
224634.973629,-0.550726
224634.983621,-0.477259
224634.993599,-0.325580
224635.003593,-0.130207
224635.013585,0.128339
224635.023582,0.393877
224635.033582,0.555835
224635.043574,0.635588
224635.053562,0.704936
224635.063561,0.717446
224635.073553,0.663273
224635.083540,0.612934
224635.093539,0.624998
224635.103531,0.677935
224635.113519,0.776330
224635.123519,0.875616
224635.133511,0.944587
224635.143498,1.007467
224635.153495,1.127635
224635.163487,1.281554
224635.173477,1.439240
224635.183454,1.585163
224635.193446,1.734104
224635.203441,1.863508
224635.213451,2.008040
224635.223443,2.134992
224635.233443,2.243295
224635.243431,2.318421
224635.253423,2.353454
224635.263421,2.329544
224635.273396,2.286550
224635.283388,2.224806
224635.293378,2.126634
224635.303377,1.965793
224635.313369,1.764121
224635.323378,1.583148
224635.333366,1.424398
224635.343358,1.256604
224635.353351,1.069955
224635.363346,0.853626
224635.373338,0.607221
224635.383336,0.378826
224635.393333,0.160380
224635.403325,-0.047335
224635.413308,-0.240168
224635.423301,-0.398861
224635.433293,-0.515264
224635.443287,-0.562995
224635.453276,-0.561774
224635.463268,-0.546347
224635.473267,-0.529088
224635.483245,-0.510660
224635.493237,-0.503159
224635.503245,-0.533866
224635.513227,-0.586158
224635.523219,-0.633006
224635.533224,-0.657445
224635.543207,-0.631600
224635.553199,-0.587127
224635.563203,-0.528788
224635.573204,-0.481339
224635.583196,-0.467387
224635.593181,-0.467333
224635.603172,-0.473495
224635.613164,-0.439552
224635.623162,-0.413683
224635.633141,-0.407459
224635.643133,-0.416943
224635.653139,-0.440643
224635.663131,-0.499343
224635.673123,-0.559658
224635.683119,-0.583243
224635.693108,-0.579829
224635.703100,-0.536715
224635.713105,-0.496383
224635.723091,-0.468784
224635.733083,-0.460656
224635.743077,-0.457533
224635.753075,-0.464679
224635.763067,-0.468904
224635.773056,-0.479696
224635.783057,-0.545881
224635.793049,-0.645467
224635.803034,-0.792849
224635.813037,-0.977426
224635.823029,-1.156882
224635.833022,-1.300310
224635.843010,-1.410117
224635.853002,-1.484307
224635.862999,-1.522601
224635.872978,-1.587766
224635.882970,-1.662767
224635.892958,-1.737218
224635.902977,-1.826917
224635.912969,-1.894853
224635.922960,-1.940097
224635.932945,-1.936890
224635.942937,-1.922052
224635.952930,-1.904267
224635.962913,-1.848214
224635.972905,-1.766541
224635.982907,-1.634588
224635.992912,-1.507033
224636.002904,-1.386716
224636.012888,-1.264369
224636.022881,-1.141988
224636.032873,-0.996097
224636.042866,-0.838139
224636.052859,-0.718979
224636.062851,-0.630056
224636.072845,-0.550967
224636.082835,-0.492734
224636.092827,-0.425867
224636.102825,-0.363449
224636.112818,-0.302019
224636.122810,-0.246611
224636.132803,-0.190950
224636.142797,-0.135666
224636.152789,-0.087393
224636.162782,-0.056189
224636.172775,-0.046323
224636.182767,-0.087667
224636.192763,-0.218714
224636.202754,-0.391093
224636.212746,-0.571420
224636.222741,-0.713414
224636.232739,-0.733277
224636.242731,-0.638877
224636.252719,-0.481697
224636.262717,-0.299886
224636.272709,-0.174702
224636.282578,-0.088519
224636.292559,-0.165114
224636.302551,-0.293167
224636.312557,-0.352627
224636.322549,-0.462704
224636.332541,-0.548479
224636.342535,-0.478722
224636.352529,-0.479244
224636.362521,-0.587144
224636.372515,-0.717776
224636.382508,-0.761218
224636.392500,-0.870490
224636.402493,-0.984776
224636.412487,-1.045218
224636.422479,-1.020275
224636.432473,-0.781676
224636.442468,-0.320335
224636.452460,0.314341
224636.462451,0.381341
224636.472445,-0.061936
224636.482437,-0.626844
224636.492429,-0.832148
224636.502423,-0.686116
224636.512415,-0.372149
224636.522408,-0.188888
224636.532402,-0.145804
224636.542394,-0.077384
224636.552387,0.125583
224636.562381,0.386439
224636.572373,0.595893
224636.582361,0.646915
224636.592360,0.667544
224636.602352,0.717637
224636.612352,0.817949
224636.622340,0.889632
224636.632332,0.957965
224636.642320,1.025509
224636.652318,1.022927
224636.662310,0.971689
224636.672288,0.923211
224636.682306,0.903456
224636.692298,0.844574
224636.702283,0.766496
224636.712273,0.676138
224636.722265,0.579291
224636.732242,0.501571
224636.742261,0.506604
224636.752253,0.599654
224636.762240,0.674812
224636.772234,0.682088
224636.782226,0.676551
224636.792220,0.649746
224636.802213,0.616306
224636.812205,0.618807
224636.822197,0.685326
224636.832192,0.671472
224636.842184,0.606522
224636.852171,0.566615
224636.862170,0.650760
224636.872162,0.723624
224636.882155,0.789951
224636.892150,0.839184
224636.902142,0.779247
224636.912133,0.721964
224636.922121,0.717354
224636.932113,0.601026
224636.942112,0.465360
224636.952107,0.319409
224636.962099,0.198950
224636.972086,0.101636
224636.982086,-0.021738
224636.992078,-0.264715
224637.002083,-0.635392
224637.012071,-1.009751
224637.022063,-1.236682
224637.032060,-1.255568
224637.042035,-1.283744
224637.052027,-1.453953
224637.062027,-1.675402
224637.072016,-1.832317
224637.082008,-1.985591
224637.092015,-1.928853
224637.102009,-1.724171
224637.112001,-1.511343
224637.121993,-1.374847
224637.131981,-1.228341
224637.141973,-1.026541
224637.151972,-0.649293
224637.161959,-0.603330
224637.171951,-0.658043
224637.181931,-0.759714
224637.191938,-0.845837
224637.201930,-0.900230
224637.211929,-1.013485
224637.221917,-1.215031
224637.231909,-1.341236
224637.241898,-1.307921
224637.251893,-1.283811
224637.261885,-1.374835
224637.271867,-1.505185
224637.281868,-1.553518
224637.291860,-1.559916
224637.301864,-1.548758
224637.311858,-1.592457
224637.321850,-1.648124
224637.331840,-1.576906
224637.341833,-1.452213
224637.351825,-1.305308
224637.361806,-1.101726
224637.371808,-0.935972
224637.381800,-0.870095
224637.391788,-0.691764
224637.401776,-0.618328
224637.411768,-0.698074
224637.421768,-0.638651
224637.431769,-0.559623
224637.441761,-0.557075
224637.451750,-0.536093
224637.461748,-0.608002
224637.471740,-0.670714
224637.481732,-0.605968
224637.491727,-0.447216
224637.501719,-0.370378
224637.511699,-0.267419
224637.521707,-0.308392
224637.531699,-0.290434
224637.541702,-0.327615
224637.551685,-0.256423
224637.561677,-0.266276
224637.571679,-0.194320
224637.581664,-0.020030
224637.591656,0.074535
224637.601640,0.166694
224637.611644,0.151251
224637.621636,0.138277
224637.631637,0.145136
224637.641622,0.229256
224637.651614,0.285027
224637.661605,0.268024
224637.671601,0.330468
224637.681593,0.189198
224637.691575,0.222564
224637.701579,0.245652
224637.711571,0.265480
224637.721573,0.280836
224637.731558,0.369331
224637.741550,0.439760
224637.751542,0.471112
224637.761530,0.459227
224637.771522,0.428622
224637.781510,0.361494
224637.791510,0.245363
224637.801502,0.141185
224637.811509,0.126291
224637.821495,0.186098
224637.831487,0.273363
224637.841468,0.295903
224637.851465,0.230407
224637.861457,0.038661
224637.871445,-0.060075
224637.881453,-0.078797
224637.891445,-0.012469
224637.901437,0.058361
224637.911432,0.053143
224637.921424,0.046572
224637.931430,0.099499
224637.941411,0.096763
224637.951403,0.087880
224637.961380,0.081301
224637.971390,0.065111
224637.981382,0.041828
224637.991379,0.016181
224638.001368,-0.012870
224638.011360,-0.017275
224638.021348,0.059201
224638.031348,0.165804
224638.041340,0.272961
224638.051316,0.349506
224638.061327,0.383044
224638.071319,0.356651
224638.081310,0.296416
224638.091306,0.231888
224638.101298,0.087711
224638.111278,-0.018615
224638.121285,-0.028471
224638.131277,-0.085733
224638.141280,-0.118627
224638.151263,-0.217345
224638.161255,-0.318675
224638.171253,-0.439406
224638.181242,-0.611399
224638.191234,-0.753079
224638.201215,-0.703515
224638.211221,-0.612627
224638.221213,-0.578461
224638.231196,-0.656442
224638.241201,-0.692910
224638.251193,-0.718988
224638.261182,-0.728642
224638.271179,-0.773525
224638.281171,-0.759344
224638.291170,-0.720126
224638.301158,-0.709313
224638.311150,-0.795867
224638.321153,-0.876235
224638.331137,-0.969899
224638.341129,-1.083170
224638.351126,-1.150519
224638.361104,-1.140585
224638.371096,-1.063569
224638.381089,-1.026425
224638.391077,-0.974475
224638.401069,-0.904589
224638.411088,-0.835828
224638.421073,-0.759331
224638.431065,-0.727229
224638.441056,-0.728206
224638.451053,-0.763740
224638.461045,-0.768112
224638.471026,-0.747102
224638.481032,-0.665682
224638.491024,-0.667878
224638.501023,-0.668304
224638.511009,-0.573758
224638.521001,-0.454529
224638.530996,-0.339241
224638.540988,-0.273357
224638.550980,-0.201909
224638.560975,-0.130992
224638.570968,-0.135747
224638.580960,-0.203403
224638.590954,-0.277396
224638.600935,-0.330994
224638.610927,-0.352246
224638.620933,-0.366641
224638.630926,-0.349660
224638.640918,-0.271735
224638.650912,-0.209809
224638.660913,-0.194996
224638.670905,-0.186055
224638.680891,-0.210514
224638.690884,-0.262003
224638.700876,-0.277093
224638.710870,-0.272538
224638.720850,-0.267280
224638.730842,-0.254413
224638.740849,-0.215277
224638.750842,-0.215377
224638.760834,-0.178770
224638.770827,-0.158461
224638.780820,-0.225308
224638.790812,-0.277139
224638.800805,-0.314734
224638.810800,-0.298386
224638.820792,-0.237123
224638.830796,-0.206677
224638.840778,-0.181088
224638.850770,-0.140288
224638.860764,-0.068898
224638.870757,-0.032848
224638.880749,-0.006144
224638.890743,0.016544
224638.900735,0.009949
224638.910727,-0.078643
224638.920722,-0.153320
224638.930714,-0.234265
224638.940706,-0.331501
224638.950700,-0.439599
224638.960688,-0.519924
224638.970680,-0.590377
224638.980687,-0.620030
224638.990685,-0.604178
224639.000677,-0.561852
224639.010649,-0.525839
224639.020655,-0.492010
224639.030647,-0.425528
224639.040635,-0.331889
224639.050623,-0.295105
224639.060615,-0.255800
224639.070616,-0.172622
224639.080610,-0.123334
224639.090602,-0.079699
224639.100596,-0.031126
224639.110595,0.019392
224639.120587,0.012345
224639.130572,0.015673
224639.140558,0.038886
224639.150550,0.029045
224639.160553,0.016328
224639.170556,0.009535
224639.180548,-0.009790
224639.190533,-0.011231
224639.200519,-0.014603
224639.210511,-0.028392
224639.220512,-0.033154
224639.230493,-0.031836
224639.240485,-0.033909
224639.250491,-0.035710
224639.260492,-0.060581
224639.270484,-0.102229
224639.280460,-0.138160
224639.290461,-0.157473
224639.300453,-0.192980
224639.310448,-0.231737
224639.320434,-0.235268
224639.330426,-0.245380
224639.340428,-0.252102
224639.350412,-0.264309
224639.360404,-0.261761
224639.370406,-0.242903
224639.380408,-0.234379
224639.390400,-0.232477
224639.400385,-0.235110
224639.410365,-0.218871
224639.420357,-0.206992
224639.430364,-0.206827
224639.440368,-0.194475
224639.450360,-0.167063
224639.460343,-0.126870
224639.470334,-0.090833
224639.480326,-0.052513
224639.490322,-0.013709
224639.500300,-0.023382
224639.510292,-0.021037
224639.520302,-0.045670
224639.530298,-0.048161
224639.540290,-0.058130
224639.550280,-0.065725
224639.560267,-0.092982
224639.570259,-0.120802
224639.580258,-0.122489
224639.590254,-0.102590
224639.600246,-0.090795
224639.610234,-0.097862
224639.620234,-0.117364
224639.630226,-0.131737
224639.640217,-0.149914
224639.650202,-0.151748
224639.660194,-0.157561
224639.670195,-0.164350
224639.680196,-0.164565
224639.690188,-0.163870
224639.700174,-0.170498
224639.710169,-0.182067
224639.720161,-0.182036
224639.730147,-0.181485
224639.740137,-0.170303
224639.750129,-0.139827
224639.760138,-0.127996
224639.770133,-0.133328
224639.780125,-0.137963
224639.790116,-0.148405
224639.800100,-0.156524
224639.810092,-0.156769
224639.820091,-0.143660
224639.830072,-0.140259
224639.840064,-0.138071
224639.850067,-0.126029
224639.860071,-0.120429
224639.870063,-0.135829
224639.880048,-0.157279
224639.890041,-0.171956
224639.900033,-0.180215
224639.910027,-0.185532
224639.920026,-0.173009
224639.930018,-0.149916
224639.940006,-0.128325
224639.949994,-0.071018
224639.959986,-0.056782
224639.969985,-0.065005
224639.979972,-0.067955
224639.989964,-0.044659
224639.999964,-0.047504
224640.009957,-0.042538
224640.019949,-0.035626
224640.029943,-0.025478
224640.039932,-0.020969
224640.049924,-0.031685
224640.059922,-0.041794
224640.069915,-0.047072
224640.079907,-0.059905
224640.089902,-0.055214
224640.099880,-0.051538
224640.109872,-0.044401
224640.119880,-0.031553
224640.129873,-0.010720
224640.139865,0.011926
224640.149860,0.024942
224640.159847,0.022375
224640.169839,0.014804
224640.179838,0.000590
224640.189831,-0.012729
224640.199823,-0.031442
224640.209817,-0.033375
224640.219811,-0.027206
224640.229803,-0.015819
224640.239796,-0.005654
224640.249789,-0.002815
224640.259781,-0.007056
224640.269775,-0.007445
224640.279768,-0.006681
224640.289760,-0.013428
224640.299754,-0.012110
224640.309739,-0.015906
224640.319731,-0.021027
224640.329733,-0.021350
224640.339716,-0.016876
224640.349708,-0.014262
224640.359712,-0.019947
224640.369715,-0.032116
224640.379707,-0.041439
224640.389690,-0.042503
224640.399684,-0.046141
224640.409676,-0.044994
224640.419670,-0.037792
224640.429651,-0.030943
224640.439643,-0.027499
224640.449649,-0.022682
224640.459642,-0.018278
224640.469634,0.000321
224640.479629,0.018267
224640.489621,0.028241
224640.499613,0.039137
224640.509607,0.042368
224640.519600,0.048303
224640.529592,0.044721
224640.539585,0.025537
224640.549573,-0.000327
224640.559565,-0.062820
224640.569575,-0.043978
224640.579558,-0.038387
224640.589550,-0.031805
224640.599534,-0.021425
224640.609537,-0.016659
224640.619529,0.008429
224640.629523,0.039085
224640.639516,0.068078
224640.649508,0.115395
224640.659501,0.105723
224640.669495,0.074714
224640.679487,0.054727
224640.689480,0.004237
224640.699474,-0.013775
224640.709466,-0.017516
224640.719468,-0.021501
224640.729436,-0.035871
224640.739428,-0.025264
224640.749438,-0.006872
224640.759433,0.001904
224640.769425,-0.007946
224640.779417,-0.017997
224640.789411,-0.026426
224640.799403,-0.033772
224640.809396,-0.042197
224640.819390,-0.046866
224640.829382,-0.046134
224640.839374,-0.029712
224640.849369,-0.001036
224640.859361,0.017735
224640.869354,0.029241
224640.879348,0.029577
224640.889340,0.032780
224640.899332,0.022694
224640.909327,-0.010337
224640.919319,-0.034852
224640.929311,-0.028507
224640.939305,-0.015275
224640.949297,-0.003065
224640.959285,0.015466
224640.969279,0.025312
224640.979271,0.032997
224640.989264,0.011893
224640.999257,-0.007259
224641.009249,-0.022382
224641.019261,0.001819
224641.029228,0.105365
224641.039220,-0.043285
224641.049241,-0.109256
224641.059221,-0.080804
224641.069213,-0.022620
224641.079209,0.003026
224641.089197,0.004470
224641.099189,-0.014411
224641.109187,-0.021090
224641.119180,0.005906
224641.129172,0.033527
224641.139171,0.022206
224641.149159,-0.201721
224641.159151,-0.283761
224641.169149,-0.099487
224641.179138,-0.025782
224641.189130,-0.067239
224641.199113,-0.046019
224641.209118,0.000977
224641.219110,-0.009601
224641.229112,-0.026905
224641.239096,-0.020659
224641.249088,-0.028012
224641.259079,-0.008242
224641.269075,0.012557
224641.278936,0.016240
224641.288917,0.008906
224641.298923,0.031332
224641.308915,0.029649
224641.318916,0.034930
224641.328901,0.036568
224641.338893,0.023414
224641.348884,0.005677
224641.358880,0.014540
224641.368872,0.012714
224641.378852,0.009767
224641.388860,-0.000800
224641.398852,-0.033464
224641.408846,0.001283
224641.418839,0.056081
224641.428831,0.059812
224641.438814,0.026384
224641.448818,-0.022528
224641.458810,-0.053639
224641.468790,-0.054276
224641.478798,-0.046237
224641.488790,-0.033644
224641.498778,-0.013186
224641.508762,-0.011682
224641.518754,-0.013210
224641.528751,0.010914
224641.538755,0.032423
224641.548747,0.028062
224641.558726,0.003990
224641.568734,-0.001332
224641.578726,-0.021697
224641.588715,-0.029892
224641.598713,-0.021831
224641.608705,-0.020289
224641.618707,-0.008286
224641.628692,0.003321
224641.638684,0.007783
224641.648689,0.010599
224641.658671,0.013450
224641.668663,0.007287
224641.678657,-0.014633
224641.688649,-0.024342
224641.698641,-0.025803
224641.708637,-0.019889
224641.718629,-0.021962
224641.728621,-0.010130
224641.738598,0.004979
224641.748607,0.004059
224641.758599,-0.003287
224641.768600,-0.024196
224641.778587,-0.021823
224641.788579,-0.024635
224641.798564,-0.022251
224641.808565,-0.004326
224641.818557,-0.006482
224641.828559,-0.001624
224641.838546,-0.001951
224641.848538,-0.018361
224641.858525,-0.031170
224641.868514,-0.038158
224641.878506,-0.035729
224641.888522,-0.028501
224641.898506,-0.020817
224641.908498,-0.006718
224641.918495,-0.004692
224641.928482,-0.013244
224641.938474,-0.022019
224641.948466,-0.022602
224641.958461,-0.020043
224641.968453,-0.024456
224641.978446,-0.020587
224641.988440,-0.010063
224641.998432,0.004914
224642.008425,0.006910
224642.018419,0.016083
224642.028411,0.013616
224642.038405,0.005710
224642.048398,-0.008395
224642.058390,-0.012517
224642.068366,-0.006250
224642.078376,0.002688
224642.088368,0.005252
224642.098363,0.004041
224642.108357,0.000724
224642.118349,-0.002376
224642.128342,-0.001310
224642.138329,0.000333
224642.148321,0.000557
224642.158322,0.000287
224642.168314,-0.003144
224642.178306,-0.025945
224642.188300,-0.039909
224642.198293,-0.036997
224642.208285,-0.034976
224642.218278,0.026432
224642.228272,0.086904
224642.238264,0.091521
224642.248255,0.054879
224642.258251,0.000232
224642.268243,-0.009728
224642.278245,-0.013276
224642.288230,-0.023781
224642.298222,-0.049778
224642.308215,-0.097148
224642.318209,-0.121664
224642.328201,-0.137937
224642.338195,-0.131046
224642.348188,-0.095470
224642.358180,-0.047976
224642.368173,-0.016949
224642.378168,0.005930
224642.388160,0.006271
224642.398138,-0.018558
224642.408146,-0.023584
224642.418138,-0.017329
224642.428133,-0.005843
224642.438126,0.005847
224642.448118,0.030760
224642.458111,0.033589
224642.468110,0.020973
224642.478102,0.003850
224642.488093,-0.002882
224642.498081,-0.000284
224642.508073,0.003332
224642.518074,-0.006974
224642.528062,-0.013645
224642.538054,-0.009777
224642.548048,-0.006756
224642.558041,-0.007325
224642.568033,-0.002120
224642.578027,0.012324
224642.588032,0.025077
224642.598024,0.032447
224642.608006,0.029684
224642.618005,0.015796
224642.627997,0.001991
224642.637985,-0.008195
224642.647962,-0.015544
224642.657954,-0.013335
224642.667964,-0.012335
224642.677958,-0.002911
224642.687950,-0.006249
224642.697943,-0.015725
224642.707936,-0.004999
224642.717928,0.117706
224642.727922,0.046639
224642.737915,0.003556
224642.747907,0.003227
224642.757901,-0.028391
224642.767895,-0.056276
224642.777887,-0.068857
224642.787867,-0.056778
224642.797873,-0.036412
224642.807865,-0.014810
224642.817860,-0.010271
224642.827852,-0.015826
224642.837844,-0.003053
224642.847839,-0.001582
224642.857831,-0.005850
224642.867823,-0.009496
224642.877817,-0.009050
224642.887811,-0.005252
224642.897803,-0.016831
224642.907796,-0.028048
224642.917789,-0.016774
224642.927781,0.019440
224642.937775,0.024355
224642.947768,0.004765
224642.957760,-0.011174
224642.967754,-0.012736
224642.977746,-0.004581
224642.987738,-0.002871
224642.997732,-0.008276
224643.007720,-0.015507
224643.017712,-0.021673
224643.027719,-0.029631
224643.037699,-0.021333
224643.047691,0.004809
224643.057692,0.010593
224643.067697,0.006818
224643.077689,-0.000272
224643.087673,-0.003298
224643.097672,-0.002655
224643.107664,-0.015894
224643.117650,-0.020749
224643.127640,-0.012199
224643.137632,-0.003631
224643.147628,-0.012310
224643.157622,-0.008709
224643.167614,0.001238
224643.177608,0.003843
224643.187607,0.003724
224643.197599,-0.015037
224643.207587,-0.014732
224643.217585,-0.014205
224643.227577,-0.007806
224643.237566,-0.014738
224643.247549,-0.026630
224643.257541,-0.032181
224643.267544,-0.027141
224643.277543,-0.032124
224643.287535,-0.024679
224643.297523,-0.019769
224643.307511,-0.019852
224643.317503,-0.032371
224643.327503,-0.041736
224643.337511,-0.042164
224643.347503,-0.040204
224643.357482,-0.029958
224643.367472,-0.036477
224643.377464,-0.027065
224643.387461,-0.008091
224643.397448,-0.002905
224643.407440,-0.012883
224643.417440,-0.021759
224643.427428,-0.023810
224643.437420,-0.032338
224643.447419,-0.037035
224643.457411,-0.034199
224643.467403,-0.009429
224643.477398,0.019253
224643.487382,0.037073
224643.497374,0.044900
224643.507377,0.031119
224643.517381,0.025261
224643.527373,0.020827
224643.537356,0.026788
224643.547349,0.027172
224643.557341,0.022307
224643.567335,0.017046
