224823.317580,-0.006790
224823.342562,0.053485
224823.352555,0.022864
224823.362547,0.014042
224823.372534,0.005957
224823.382531,0.007321
224823.392523,0.008007
224823.402518,-0.026447
224823.412512,-0.104674
224823.422504,-0.132206
224823.432495,-0.147107
224823.442486,-0.132343
224823.452478,-0.069804
224823.462473,-0.039184
224823.472466,-0.024465
224823.482458,0.009724
224823.492450,0.003391
224823.502443,0.009226
224823.512435,-0.154915
224823.522429,-0.166140
224823.532429,-0.107818
224823.542421,0.069321
224823.552406,0.205298
224823.562399,0.193771
224823.572391,0.132660
224823.582383,0.079704
224823.592365,0.027823
224823.602357,-0.003607
224823.612361,-0.018700
224823.622364,-0.028143
224823.632356,-0.042332
224823.642331,-0.060661
224823.652320,-0.072723
224823.662312,-0.077384
224823.672300,-0.059848
224823.682310,-0.031320
224823.692302,-0.026936
224823.702301,-0.024269
224823.712287,-0.021069
224823.722279,-0.034654
224823.732273,-0.010017
224823.742265,0.006304
224823.752257,-0.026020
224823.762250,-0.029161
224823.772243,-0.027890
224823.782235,-0.019244
224823.792227,-0.014735
224823.802221,-0.022950
224823.812213,-0.022867
224823.822204,0.007802
224823.832198,0.009388
224823.842190,0.024121
224823.852195,0.015183
224823.862176,0.022011
224823.872168,0.032492
224823.882159,0.022626
224823.892153,0.007912
224823.902145,-0.008051
224823.912123,-0.008554
224823.922131,-0.000209
224823.932123,-0.004417
224823.942116,-0.004150
224823.952094,-0.008356
224823.962086,-0.006090
224823.972094,0.009300
224823.982087,0.005658
224823.992079,-0.005153
224824.002072,-0.029152
224824.012065,-0.036874
224824.022057,-0.040472
224824.032053,-0.034710
224824.042043,-0.027376
224824.052035,-0.018988
224824.062027,-0.004112
224824.072020,0.041520
224824.082012,0.060764
224824.092006,0.065412
224824.101997,0.059155
224824.111989,0.012686
224824.121983,-0.130395
224824.131976,-0.024774
224824.141968,-0.005674
224824.151961,0.003094
224824.161953,0.012919
224824.171945,0.000430
224824.181939,-0.019844
224824.191930,-0.039049
224824.201922,-0.039002
224824.211916,-0.035853
224824.221915,-0.019548
224824.231907,-0.002606
224824.241894,0.004757
224824.251877,0.033631
224824.261869,0.075703
224824.271872,0.091263
224824.281871,0.012853
224824.291863,-0.003052
224824.301849,0.041461
224824.311842,0.055234
224824.321834,0.056230
224824.331827,0.068326
224824.341820,0.018552
224824.351812,-0.022379
224824.361805,-0.037473
224824.371798,-0.040529
224824.381790,-0.022602
224824.391782,-0.000429
224824.401775,-0.000294
224824.411767,-0.020074
224824.421760,-0.050461
224824.431753,-0.051166
224824.441745,-0.027637
224824.451737,-0.058053
224824.461732,-0.118916
224824.471724,-0.115512
224824.481715,-0.118936
224824.491709,0.051641
224824.501701,0.081102
224824.511693,0.092269
224824.521687,0.051616
224824.531679,0.017270
224824.541665,0.021451
224824.551664,0.043882
224824.561656,0.057407
224824.571643,0.038877
224824.581643,0.024908
224824.591635,0.017617
224824.601626,0.017541
224824.611620,0.009657
224824.621612,0.016785
224824.631590,0.004280
224824.641598,-0.013788
224824.651590,-0.020867
224824.661595,-0.027084
224824.671576,-0.014650
224824.681568,-0.002515
224824.691548,-0.050508
224824.701553,0.019316
224824.711545,0.023215
224824.721549,0.014460
224824.731531,0.002406
224824.741523,-0.017949
224824.751505,-0.075344
224824.761504,-0.114353
224824.771496,-0.106785
224824.781504,-0.068974
224824.791487,-0.049385
224824.801479,-0.053339
224824.811471,-0.038192
224824.821465,-0.002411
224824.831457,0.027646
224824.841441,0.034228
224824.851442,0.030099
224824.861434,0.044405
224824.871429,0.098085
224824.881420,0.134322
224824.891412,0.255988
224824.901408,0.583835
224824.911383,0.508135
224824.921375,0.337106
224824.931375,0.556548
224824.941376,-0.456282
224824.951368,0.007335
224824.961344,-0.012532
224824.971353,-0.017041
224824.981345,0.010807
224824.991343,-0.014843
224825.001331,-0.010631
224825.011323,-0.006023
224825.021311,-0.007213
224825.031308,-0.006420
224825.041300,-0.011943
224825.051280,-0.001869
224825.061298,-0.010597
224825.071290,-0.009559
224825.081277,-0.007376
224825.091258,-0.006412
224825.101250,-0.009052
224825.111246,-0.010120
224825.121242,-0.006488
224825.131234,-0.005453
224825.141214,-0.008065
224825.151223,-0.006635
224825.161215,-0.009065
224825.171214,-0.011192
224825.181198,-0.008178
224825.191190,-0.009483
224825.201181,-0.006227
224825.211175,-0.008678
224825.221167,-0.007330
224825.231150,-0.008317
224825.241153,-0.008816
224825.251145,-0.006432
224825.261134,-0.009312
224825.271131,-0.011780
224825.281123,-0.007351
224825.291117,-0.007211
224825.301110,-0.006659
224825.311102,-0.008029
224825.321084,-0.006362
224825.331087,-0.007733
224825.341079,-0.008082
224825.351084,-0.008705
224825.361065,-0.006963
224825.371057,-0.010180
224825.381052,-0.010041
224825.391043,-0.008162
224825.401035,-0.005429
224825.411021,-0.007151
224825.421020,-0.007653
224825.431012,-0.007911
224825.441014,-0.007085
224825.450999,-0.009541
224825.460991,-0.008486
224825.470989,-0.006502
224825.480976,-0.006409
224825.490968,-0.007399
224825.500970,-0.004407
224825.510953,-0.010647
224825.520945,-0.007594
224825.530925,-0.008524
224825.540932,-0.008493
224825.550924,-0.007607
224825.560922,-0.007103
224825.570909,-0.006370
224825.580901,-0.008566
224825.590890,-0.008368
224825.600887,-0.010320
224825.610879,-0.009923
224825.620858,-0.008625
224825.630866,-0.008548
224825.640858,-0.009203
224825.650858,-0.005983
224825.660843,-0.005983
224825.670835,-0.008057
224825.680827,-0.006850
224825.690821,-0.008223
224825.700813,-0.007963
224825.710795,-0.008771
224825.720799,-0.007566
224825.730791,-0.006696
224825.740784,-0.008725
224825.750776,-0.007107
224825.760768,-0.006740
224825.770758,-0.010524
224825.780754,-0.008403
224825.790746,-0.007289
224825.800730,-0.007808
224825.810733,-0.007411
224825.820725,-0.007471
224825.830717,-0.006403
224825.840710,-0.007562
224825.850702,-0.012277
224825.860697,-0.008981
224825.870686,-0.007088
224825.880678,-0.006752
224825.890672,-0.008736
224825.900673,-0.006523
224825.910665,-0.006827
224825.920651,-0.010016
224825.930644,-0.007467
224825.940636,-0.004339
224825.950628,-0.011937
224825.960605,-0.014592
224825.970597,-0.006184
224825.980606,-0.005710
224825.990599,-0.009220
224826.000591,-0.009006
224826.010569,-0.007388
224826.020577,-0.006732
224826.030569,-0.008868
224826.040562,-0.008380
224826.050554,-0.008883
224826.060546,-0.008837
224826.070539,-0.009890
224826.080531,-0.009708
224826.090523,-0.007145
224826.100518,-0.010182
224826.110510,-0.008094
224826.120502,-0.002143
224826.130494,-0.013297
224826.140488,-0.008000
224826.150480,-0.009509
224826.160473,-0.005647
224826.170466,-0.009400
224826.180458,-0.007539
224826.190459,-0.002808
224826.200446,-0.007080
224826.210438,-0.008101
224826.220429,-0.011991
224826.230421,-0.012372
224826.240413,-0.017833
224826.250405,-0.057123
224826.260399,-0.053920
224826.270391,-0.014359
224826.280377,0.016884
224826.290377,0.019273
224826.300369,0.006526
224826.310362,-0.011168
224826.320210,-0.060641
224826.330202,-0.022674
224826.340198,-0.018937
224826.350188,0.018157
224826.360180,0.069702
224826.370173,-0.001566
224826.380166,-0.025504
224826.390158,-0.011068
224826.400151,0.017122
224826.410137,0.002072
224826.420129,-0.015775
224826.430129,-0.000476
224826.440122,-0.009255
224826.450114,-0.023732
224826.460107,0.006520
224826.470100,-0.043559
224826.480092,-0.019896
224826.490085,-0.015645
224826.500078,-0.024213
224826.510070,-0.020585
224826.520062,-0.040224
224826.530056,-0.070138
224826.540048,-0.068041
224826.550040,-0.057814
224826.560032,-0.044709
224826.570024,-0.035531
224826.580017,-0.034829
224826.590010,-0.022300
224826.600002,-0.014696
224826.609995,-0.001754
224826.619988,0.001886
224826.629980,0.001145
224826.639973,-0.029675
224826.649967,-0.028390
224826.659959,-0.027408
224826.669952,-0.018555
224826.679943,-0.008640
224826.689935,0.002724
224826.699929,0.030994
224826.709907,0.023258
224826.719899,0.017420
224826.729907,0.021410
224826.739893,0.018479
224826.749885,0.024040
224826.759884,0.012503
224826.769863,-0.003011
224826.779855,-0.001605
224826.789862,0.010930
224826.799854,0.011597
224826.809846,0.023878
224826.819841,0.020140
224826.829823,0.015582
224826.839815,0.034225
224826.849818,0.044695
224826.859810,0.059230
224826.869802,0.072652
224826.879795,0.067684
224826.889788,0.039904
224826.899780,0.033399
224826.909773,0.044608
224826.919760,0.049140
224826.929752,0.041284
224826.939752,0.016354
224826.949756,0.057031
224826.959748,0.086671
224826.969729,0.112877
224826.979734,0.142976
224826.989726,0.240696
224826.999708,0.529047
224827.009702,0.680928
224827.019694,0.683424
224827.029685,-0.125899
224827.039670,0.571272
224827.049662,0.496693
224827.059663,-0.007975
224827.069638,-0.034892
224827.079630,-0.008540
224827.089640,-0.006297
224827.099638,0.009755
224827.109630,-0.028346
224827.119607,-0.002696
224827.129617,-0.004435
224827.139609,-0.011515
224827.149604,-0.010569
224827.159598,-0.011256
224827.169590,0.001241
224827.179574,-0.010966
224827.189556,-0.003675
224827.199548,-0.009828
224827.209552,-0.006093
224827.219546,-0.009115
224827.229538,-0.011325
224827.239529,-0.007157
224827.249508,-0.007584
224827.259500,-0.007551
224827.269508,-0.003125
224827.279507,-0.009058
224827.289499,-0.006875
224827.299485,-0.007972
224827.309475,-0.009634
224827.319467,-0.008352
224827.329462,-0.010029
224827.339444,-0.009417
224827.349436,-0.004747
224827.359440,-0.008119
224827.369443,-0.007813
224827.379435,-0.006974
224827.389418,-0.011749
224827.399411,-0.012039
224827.409403,-0.010649
224827.419396,-0.006223
224827.429379,-0.006833
224827.439371,-0.006603
224827.449374,-0.006282
224827.459363,-0.008296
224827.469355,-0.009073
224827.479357,-0.009027
224827.489346,-0.007867
224827.499338,-0.009622
224827.509329,-0.007973
224827.519315,-0.008217
224827.529307,-0.006828
224827.539307,-0.010154
224827.549297,-0.006995
224827.559289,-0.007835
224827.569285,-0.008292
224827.579263,-0.008230
224827.589255,-0.006154
224827.599263,-0.008153
224827.609261,-0.007100
224827.619253,-0.008671
224827.629241,-0.008519
224827.639223,-0.007588
224827.649215,-0.007450
224827.659219,-0.007770
224827.669217,-0.008090
224827.679209,-0.006625
224827.689196,-0.006121
224827.699184,-0.007448
224827.709176,-0.009508
224827.719174,-0.008104
224827.729153,-0.007326
224827.739145,-0.008195
224827.749151,-0.006929
224827.759152,-0.008195
224827.769144,-0.005998
224827.779129,-0.006776
224827.789120,-0.006685
224827.799112,-0.007005
224827.809107,-0.006608
224827.819100,-0.007478
224827.829092,-0.007859
224827.839086,-0.007844
224827.849087,-0.006165
224827.859079,-0.005326
224827.869063,-0.011231
224827.879056,-0.007096
224827.889048,-0.010086
224827.899041,-0.009140
224827.909023,-0.007172
224827.919015,-0.006714
224827.929029,-0.006225
224827.939011,-0.007217
224827.949003,-0.009383
224827.959003,-0.007369
224827.968988,-0.007171
224827.978980,-0.011596
224827.988973,-0.008742
224827.998967,-0.009368
224828.008959,-0.008422
224828.018939,-0.007506
224828.028944,-0.006315
224828.038936,-0.008512
224828.048930,-0.008329
224828.058925,-0.008695
224828.068917,-0.007276
224828.078895,-0.008848
224828.088895,-0.006574
224828.098887,-0.006482
224828.108885,-0.005887
224828.118878,-0.008405
224828.128870,-0.009473
224828.138874,-0.006390
224828.148862,-0.008038
224828.158854,-0.007337
224828.168841,-0.008481
224828.178820,-0.008511
224828.188812,-0.009442
224828.198818,-0.009121
224828.208810,-0.009503
224828.218802,-0.008420
224828.228796,-0.007321
224828.238797,-0.006390
224828.248789,-0.007809
224828.258774,-0.008404
224828.268765,-0.008968
224828.278757,-0.006237
224828.288752,-0.005993
224828.298745,-0.007137
224828.308737,-0.008037
224828.318729,-0.007930
224828.328732,-0.007610
224828.338724,-0.007320
224828.348707,-0.007427
224828.358704,-0.006114
224828.368696,-0.005977
224828.378686,-0.009624
224828.388669,-0.010265
224828.398661,-0.007457
224828.408662,-0.006511
224828.418655,-0.007045
224828.428647,-0.009044
224828.438640,-0.007183
224828.448641,-0.007244
224828.458633,-0.009105
224828.468619,-0.008266
224828.478603,-0.005291
224828.488595,-0.008831
224828.498597,-0.009609
224828.508589,-0.006543
224828.518581,-0.009442
224828.528574,-0.005261
224828.538555,-0.005490
224828.548547,-0.006284
224828.558551,-0.009916
224828.568545,-0.007781
224828.578537,-0.006959
224828.588528,-0.007097
224828.598505,-0.005404
224828.608497,-0.008930
224828.618513,-0.010254
224828.628501,-0.009720
224828.638493,-0.007676
224828.648485,-0.004697
224828.658475,-0.007515
224828.668467,-0.006172
224828.678463,-0.004312
224828.688456,-0.005410
224828.698448,-0.007032
224828.708423,-0.006727
224828.718433,-0.007706
224828.728425,-0.008661
224828.738418,-0.009222
224828.748397,-0.008151
224828.758389,-0.014651
224828.768378,-0.024752
224828.778390,-0.026734
224828.788382,0.001236
224828.798374,-0.025465
224828.808367,0.006336
224828.818359,-0.007716
224828.828351,-0.012387
224828.838345,0.006869
224828.848337,-0.016937
224828.858330,-0.019734
224828.868321,-0.002147
224828.878313,-0.013812
224828.888307,0.001254
224828.898300,-0.002783
224828.908292,-0.010621
224828.918285,-0.002284
224828.928278,-0.015188
224828.938270,-0.005692
224828.948263,-0.002528
224828.958256,-0.017692
224828.968248,-0.016820
224828.978240,-0.010671
224828.988232,-0.020254
224828.998224,-0.018647
224829.008218,-0.013944
224829.018205,-0.027039
224829.028197,-0.051997
224829.038195,-0.080917
224829.048188,-0.069583
224829.058180,-0.053261
224829.068173,-0.048305
224829.078152,-0.040982
224829.088144,-0.035202
224829.098151,-0.036632
224829.108145,-0.032968
224829.118137,-0.035556
224829.128129,-0.037120
224829.138129,-0.029770
224829.148121,-0.035188
224829.158107,-0.033849
224829.168100,-0.010892
224829.178092,0.000963
224829.188084,0.008372
224829.198087,0.020126
224829.208079,0.024068
224829.218057,0.030422
224829.228055,0.042118
224829.238047,0.047524
224829.248034,0.054354
224829.258033,0.065802
224829.268025,0.071561
224829.278029,0.057575
224829.288012,0.053286
224829.298004,0.052847
224829.308002,0.050728
224829.317988,0.059707
224829.327980,0.068566
224829.337981,0.070475
224829.347967,0.062220
224829.357959,0.046435
224829.367958,0.043535
224829.377945,0.046084
224829.387937,0.043939
224829.397935,0.035561
224829.407922,0.025084
224829.417914,0.016451
224829.427906,0.012812
224829.437900,-0.002543
224829.447892,-0.011458
224829.457883,0.005687
224829.467878,0.220634
224829.477870,0.469602
224829.487867,0.668414
224829.497856,0.652237
224829.507848,-0.313921
224829.517831,0.419210
224829.527834,-0.283191
224829.537826,0.024778
224829.547814,0.010922
224829.557810,-0.031055
224829.567802,0.003658
224829.577790,-0.002751
224829.587789,-0.021290
224829.597781,-0.001535
224829.607787,-0.008310
224829.617767,-0.006570
224829.627759,-0.010507
224829.637737,-0.004697
224829.647745,-0.003964
224829.657737,-0.008176
224829.667716,-0.002606
224829.677722,-0.011486
224829.687714,-0.005107
224829.697710,-0.009318
224829.707700,-0.009958
224829.717692,-0.005349
224829.727680,-0.008126
224829.737678,-0.005897
224829.747670,-0.004737
224829.757651,-0.009894
224829.767656,-0.007375
224829.777648,-0.007756
224829.787646,-0.009754
224829.797634,-0.008152
224829.807626,-0.008121
224829.817615,-0.005907
224829.827610,-0.007311
224829.837602,-0.006242
224829.847583,-0.007538
224829.857588,-0.005356
224829.867580,-0.010543
224829.877582,-0.007049
224829.887566,-0.009338
224829.897558,-0.006606
224829.907535,-0.007689
224829.917544,-0.006164
224829.927536,-0.007674
224829.937522,-0.007735
224829.947516,-0.009184
224829.957508,-0.007643
224829.967517,-0.008467
224829.977505,-0.008146
224829.987497,-0.003797
224829.997486,-0.006925
224830.007468,-0.007688
224830.017460,-0.007444
224830.027454,-0.006894
224830.037455,-0.008725
224830.047447,-0.007306
224830.057452,-0.007901
224830.067441,-0.006177
224830.077433,-0.006268
224830.087421,-0.006482
224830.097411,-0.007565
224830.107403,-0.005902
224830.117389,-0.007367
224830.127389,-0.007840
224830.137381,-0.003705
224830.147357,-0.007977
224830.157366,-0.006940
224830.167358,-0.007046
224830.177347,-0.005932
224830.187345,-0.008205
224830.197337,-0.007259
224830.207327,-0.007961
224830.217322,-0.008068
224830.227314,-0.007183
224830.237290,-0.006771
224830.247300,-0.008541
224830.257292,-0.007305
224830.267292,-0.010280
224830.277278,-0.010144
224830.287270,-0.008114
224830.297260,-0.007946
224830.307255,-0.008328
224830.317247,-0.007656
224830.327228,-0.007717
224830.337233,-0.007916
224830.347225,-0.007657
224830.357214,-0.009488
224830.367211,-0.007657
224830.377203,-0.008359
224830.387195,-0.009320
224830.397188,-0.004727
224830.407180,-0.007901
224830.417173,-0.008099
224830.427166,-0.007916
224830.437158,-0.006619
224830.447162,-0.006970
224830.457145,-0.007168
224830.467137,-0.006452
224830.477130,-0.009397
224830.487123,-0.007657
224830.497115,-0.007703
224830.507099,-0.009336
224830.517087,-0.009885
224830.527079,-0.009015
224830.537085,-0.007458
224830.547078,-0.008297
224830.557070,-0.007443
224830.567062,-0.010297
224830.577055,-0.008573
224830.587047,-0.008298
224830.597033,-0.008328
224830.607033,-0.008359
224830.617025,-0.009259
224830.627018,-0.006849
224830.637011,-0.006421
224830.647003,-0.008359
224830.656988,-0.008069
224830.666982,-0.007474
224830.676974,-0.007948
224830.686974,-0.006895
224830.696967,-0.007032
224830.706959,-0.009168
224830.716952,-0.008283
224830.726956,-0.006681
224830.736948,-0.008726
224830.746929,-0.007613
224830.756910,-0.008011
224830.766902,-0.009096
224830.776907,-0.007495
224830.786900,-0.005740
224830.796892,-0.005998
224830.806884,-0.005646
224830.816878,-0.007858
224830.826870,-0.008712
224830.836863,-0.009552
224830.846856,-0.009216
224830.856848,-0.009415
224830.866840,-0.008454
224830.876833,-0.008515
224830.886825,-0.009797
224830.896817,-0.009202
224830.906811,-0.005479
224830.916803,-0.004410
224830.926807,-0.008925
224830.936788,-0.010633
224830.946780,-0.007291
224830.956773,-0.004956
224830.966766,-0.008054
224830.976758,-0.015881
224830.986752,-0.034068
224830.996728,-0.035760
224831.006720,-0.027444
224831.016728,-0.003383
224831.026722,-0.009232
224831.036714,-0.018869
224831.046707,-0.007407
224831.056700,0.011044
224831.066692,0.000992
224831.076683,-0.004101
224831.086678,-0.005549
224831.096670,-0.008874
224831.106662,-0.005852
224831.116656,-0.000069
224831.126648,-0.007851
224831.136640,-0.022794
224831.146633,0.000579
224831.156625,0.012805
224831.166617,0.018943
224831.176610,0.000954
224831.186602,-0.029568
224831.196594,-0.005234
224831.206588,-0.017765
224831.216580,-0.027993
224831.226573,-0.017271
224831.236566,-0.018119
224831.246558,-0.032866
224831.256551,-0.040004
224831.266544,-0.054584
224831.276536,-0.047423
224831.286529,-0.051220
224831.296524,-0.060857
224831.306516,-0.012423
224831.316504,0.023920
224831.326362,0.011060
224831.336354,-0.004608
224831.346353,-0.015538
224831.356344,-0.032841
224831.366336,-0.031451
224831.376330,-0.022755
224831.386323,-0.030814
224831.396315,-0.042392
224831.406308,-0.039621
224831.416300,-0.026416
224831.426292,-0.019906
224831.436285,-0.015524
224831.446265,-0.013061
224831.456257,0.000927
224831.466263,-0.006189
224831.476271,-0.019541
224831.486263,-0.038153
224831.496241,-0.027729
224831.506240,-0.009623
224831.516232,0.007187
224831.526219,0.022957
224831.536202,0.034484
224831.546194,0.030139
224831.556197,0.033240
224831.566200,0.039176
224831.576192,0.046222
224831.586160,0.044476
224831.596179,0.043791
224831.606171,0.066447
224831.616146,0.072816
224831.626147,0.071557
224831.636139,0.075357
224831.646130,0.082679
224831.656115,0.083327
224831.666107,0.070716
224831.676107,0.066758
224831.686083,0.046102
224831.696075,0.028928
224831.706085,0.031211
224831.716087,0.031786
224831.726079,0.021449
224831.736063,0.004197
224831.746050,0.008427
224831.756042,0.127911
224831.766042,0.371668
224831.776039,0.592932
224831.786031,0.704303
224831.796019,0.692902
224831.806002,0.036103
224831.815994,0.383652
224831.825996,0.574721
224831.835985,-0.314927
224831.845977,-0.091233
224831.855968,-0.015336
224831.865954,-0.004060
224831.875946,0.016964
224831.885947,-0.027500
224831.895953,-0.004718
224831.905945,-0.004703
224831.915929,-0.014261
224831.925921,-0.009485
224831.935913,-0.012095
224831.945914,0.000784
224831.955889,-0.010462
224831.965881,-0.003595
224831.975886,-0.008247
224831.985874,-0.007436
224831.995866,-0.007741
224832.005863,-0.009236
224832.015856,-0.007833
224832.025848,-0.009191
224832.035841,-0.008321
224832.045824,-0.003484
224832.055816,-0.007391
224832.065818,-0.009054
224832.075823,-0.008688
224832.085815,-0.009848
224832.095796,-0.007087
224832.105790,-0.008826
224832.115782,-0.008186
224832.125774,-0.003380
224832.135760,-0.006279
224832.145752,-0.007134
224832.155751,-0.005288
224832.165734,-0.010156
224832.175726,-0.007745
224832.185729,-0.008478
224832.195727,-0.005029
224832.205719,-0.006754
224832.215707,-0.006708
224832.225697,-0.006876
224832.235689,-0.005641
224832.245685,-0.008006
224832.255663,-0.010478
224832.265655,-0.008251
224832.275662,-0.009304
224832.285662,-0.007534
224832.295654,-0.004971
224832.305641,-0.007794
224832.315630,-0.006986
224832.325622,-0.007383
224832.335619,-0.007078
224832.345624,-0.009246
224832.355616,-0.006011
224832.365596,-0.006240
224832.375573,-0.007094
224832.385565,-0.006469
224832.395574,-0.007154
224832.405563,-0.008907
224832.415555,-0.010051
224832.425552,-0.010631
224832.435534,-0.007885
224832.445526,-0.008541
224832.455530,-0.007214
224832.465533,-0.005718
224832.475525,-0.008832
224832.485507,-0.010068
224832.495501,-0.009244
224832.505493,-0.008420
224832.515485,-0.009122
224832.525477,-0.006468
224832.535469,-0.008925
224832.545463,-0.009276
224832.555465,-0.010329
224832.565457,-0.005721
224832.575436,-0.007064
224832.585426,-0.009445
224832.595418,-0.007829
224832.605418,-0.007066
224832.615412,-0.004427
224832.625404,-0.008243
224832.635396,-0.008793
224832.645373,-0.006337
224832.655365,-0.006810
224832.665372,-0.006063
224832.675367,-0.006506
224832.685359,-0.006217
224832.695347,-0.006766
224832.705338,-0.005607
224832.715330,-0.007591
224832.725319,-0.005699
224832.735322,-0.005974
224832.745314,-0.008889
224832.755291,-0.006906
224832.765301,-0.006814
224832.775293,-0.008738
224832.785285,-0.008586
224832.795277,-0.007061
224832.805269,-0.009336
224832.815262,-0.006407
224832.825256,-0.007583
224832.835248,-0.006546
224832.845240,-0.006135
224832.855233,-0.009034
224832.865225,-0.007035
224832.875218,-0.006105
224832.885198,-0.007891
224832.895190,-0.007022
224832.905195,-0.007999
224832.915189,-0.005619
224832.925181,-0.004048
224832.935174,-0.006108
224832.945167,-0.009420
224832.955159,-0.008810
224832.965151,-0.005332
224832.975144,-0.008157
224832.985136,-0.007684
224832.995129,-0.006281
224833.005121,-0.007335
224833.015113,-0.007853
224833.025107,-0.006007
224833.035100,-0.004146
224833.045092,-0.006832
224833.055093,-0.007549
224833.065077,-0.005839
224833.075069,-0.006480
224833.085062,-0.008922
224833.095048,-0.010005
224833.105040,-0.008098
224833.115041,-0.006984
224833.125017,-0.007564
224833.135009,-0.007091
224833.145018,-0.006969
224833.155016,-0.007854
224833.165008,-0.008037
224833.174996,-0.008419
224833.184999,-0.007778
224833.194991,-0.007107
224833.204973,-0.008435
224833.214966,-0.008511
224833.224958,-0.007183
224833.234951,-0.006680
224833.244952,-0.007686
224833.254944,-0.007228
224833.264929,-0.006892
224833.274922,-0.003687
224833.284914,-0.006540
224833.294907,-0.009500
224833.304885,-0.009134
224833.314877,-0.008692
224833.324885,-0.007624
224833.334877,-0.007181
224833.344869,-0.007227
224833.354862,-0.006601
224833.364864,-0.007730
224833.374856,-0.007088
224833.384835,-0.010506
224833.394833,-0.007607
224833.404825,-0.005944
224833.414818,-0.005638
224833.424810,-0.006371
224833.434802,-0.006645
224833.444795,-0.007759
224833.454789,-0.008827
224833.464781,-0.006172
224833.474773,-0.005073
224833.484764,-0.009223
224833.494756,-0.007224
224833.504759,-0.006901
224833.514744,-0.004791
224833.524736,-0.009203
224833.534719,-0.007693
224833.544721,-0.008041
224833.554713,-0.005977
224833.564706,-0.008403
224833.574699,-0.006788
224833.584691,-0.007941
224833.594684,-0.010077
224833.604677,-0.005651
224833.614669,-0.009005
224833.624662,-0.007429
224833.634654,-0.007733
224833.644646,-0.006938
224833.654639,-0.008615
224833.664633,-0.009056
224833.674625,-0.006860
224833.684617,-0.019250
224833.694611,-0.060951
224833.704603,-0.050652
224833.714578,-0.000622
224833.724588,0.008670
224833.734580,-0.029626
224833.744572,-0.004648
224833.754565,0.019184
224833.764557,-0.001166
224833.774549,-0.008291
224833.784544,-0.006626
224833.794536,-0.007435
224833.804527,-0.010900
224833.814522,-0.014017
224833.824514,-0.002368
224833.834504,-0.024230
224833.844487,-0.032221
224833.854479,-0.044841
224833.864468,-0.028912
224833.874476,-0.041496
224833.884468,-0.046531
224833.894455,-0.088861
224833.904447,-0.082626
224833.914439,-0.076863
224833.924451,-0.058416
224833.934439,-0.043496
224833.944431,-0.040109
224833.954415,-0.043211
224833.964403,-0.048522
224833.974395,-0.033449
224833.984401,-0.023335
224833.994372,-0.008363
224834.004364,0.006742
224834.014379,0.014396
224834.024366,0.038810
224834.034358,0.054240
224834.044345,0.053602
224834.054343,0.058474
224834.064335,0.075193
224834.074321,0.084115
224834.084320,0.089791
224834.094312,0.088647
224834.104312,0.080535
224834.114299,0.076081
224834.124291,0.071416
224834.134272,0.062856
224834.144277,0.069209
224834.154269,0.083412
224834.164251,0.080896
224834.174255,0.085860
224834.184247,0.094357
224834.194241,0.116514
224834.204231,0.175244
224834.214223,0.414818
224834.224215,0.621362
224834.234210,0.705390
224834.244202,0.663628
224834.254189,-0.318087
224834.264188,0.457285
224834.274180,-0.017128
224834.284164,-0.031830
224834.294166,0.021652
224834.304158,-0.031296
224834.314142,0.006317
224834.324143,0.000503
224834.334135,-0.019929
224834.344140,-0.000123
224834.354120,-0.009170
224834.364112,-0.007812
224834.374115,-0.012069
224834.384099,-0.005218
224834.394091,-0.004946
224834.404089,-0.008929
224834.414076,0.000089
224834.424068,-0.010440
224834.434060,-0.005669
224834.444052,-0.009621
224834.454044,-0.009163
224834.464025,-0.004281
224834.474032,-0.007913
224834.484024,-0.006753
224834.494027,-0.002114
224834.504010,-0.010872
224834.514002,-0.008340
224834.523978,-0.008950
224834.533987,-0.007027
224834.543979,-0.007287
224834.553983,-0.008477
224834.563965,-0.007896
224834.573957,-0.004356
224834.583933,-0.005791
224834.593943,-0.006264
224834.603935,-0.009560
224834.613931,-0.010734
224834.623921,-0.010151
224834.633913,-0.008839
224834.643899,-0.007145
224834.653897,-0.147207
224834.663889,0.065821
224834.673867,-0.009739
224834.683869,-0.000141
224834.693861,-0.013508
224834.703866,-0.012577
224834.713859,-0.005862
224834.723851,-0.022905
224834.733834,-0.055223
224834.743821,-0.052615
224834.753813,0.005700
224834.763803,0.022678
224834.773800,-0.021228
224834.783792,-0.006160
224834.793801,-0.002418
224834.803787,-0.005222
224834.813779,-0.010074
224834.823764,-0.010503
224834.833765,-0.017559
224834.843757,-0.020684
224834.853754,-0.007532
224834.863745,-0.004603
224834.873737,-0.009502
224834.883718,0.011308
224834.893720,0.007927
224834.903712,-0.004654
224834.913704,-0.029175
224834.923698,-0.032679
224834.933690,-0.017367
224834.943675,-0.014360
224834.953676,-0.009391
224834.963668,-0.003509
224834.973661,-0.015746
224834.983653,-0.021251
224834.993645,-0.011399
224835.003639,-0.001460
224835.013632,0.007857
224835.023624,0.017829
224835.033608,0.048047
224835.043609,0.215114
224835.053601,0.385159
224835.063594,0.569862
224835.073588,0.461048
224835.083580,-0.336241
224835.093564,1.021649
224835.103565,-0.588852
224835.113557,-0.012738
224835.123537,0.003543
224835.133542,-0.023803
224835.143534,0.007782
224835.153540,-0.008224
224835.163521,-0.007476
224835.173513,-0.005373
224835.183510,-0.008882
224835.193497,-0.007433
224835.203489,-0.011126
224835.213482,-0.002415
224835.223475,-0.008442
224835.233467,-0.006092
224835.243445,-0.007450
224835.253453,-0.010503
224835.263445,-0.007482
224835.273438,-0.012227
224835.283431,-0.009618
224835.293423,-0.007404
224835.303406,-0.006779
224835.313409,-0.006580
224835.323401,-0.006045
224835.333400,-0.008868
224835.343387,-0.008013
224835.353379,-0.009889
224835.363381,-0.006333
224835.373364,-0.007661
224835.383356,-0.010666
224835.393342,-0.006759
224835.403342,-0.006485
224835.413334,-0.005264
224835.423327,-0.009505
224835.433306,-0.006835
224835.443298,-0.005987
224835.453304,-0.008534
224835.463298,-0.007110
224835.473290,-0.005127
224835.483282,-0.005705
224835.493275,-0.006877
224835.503267,-0.008634
224835.513261,-0.007638
224835.523247,-0.009292
224835.533239,-0.007442
224835.543238,-0.004943
224835.553237,-0.004683
224835.563229,-0.020034
224835.573229,-0.043748
224835.583203,-0.032509
224835.593195,-0.012299
224835.603193,0.000357
224835.613177,-0.001041
224835.623169,0.006306
224835.633171,-0.017951
224835.643164,-0.018316
224835.653156,-0.007560
224835.663149,-0.008045
224835.673144,-0.009927
224835.683136,-0.011094
224835.693124,-0.014387
224835.703119,-0.024218
224835.713111,-0.017561
224835.723104,-0.017441
224835.733098,-0.014379
224835.743090,-0.018188
224835.753082,-0.018570
224835.763074,-0.028061
224835.773066,-0.042671
224835.783059,-0.031938
224835.793053,-0.016201
224835.803045,-0.015230
224835.813038,-0.016094
224835.823030,-0.013605
224835.833022,-0.010433
224835.843015,-0.014422
224835.853008,-0.028772
224835.863000,-0.015275
224835.872993,-0.002884
224835.882986,0.004441
224835.892978,0.022242
224835.902970,0.041724
224835.912963,-0.003840
224835.922955,0.071341
224835.932947,0.076295
224835.942942,0.180728
224835.952934,0.411995
224835.962925,0.776509
224835.972918,0.590524
224835.982910,0.554378
224835.992911,-0.705054
224836.002896,0.831526
224836.012888,0.284848
224836.022882,0.227057
224836.032875,-0.083185
224836.042867,-0.031184
224836.052859,0.001270
224836.062852,-0.000973
224836.072844,-0.016262
224836.082821,-0.001354
224836.092821,-0.007979
224836.102813,-0.005492
224836.112816,-0.012496
224836.122807,-0.002242
224836.132799,-0.005769
224836.142793,-0.009797
224836.152780,-0.002931
224836.162772,-0.010774
224836.172770,-0.008196
224836.182757,-0.010882
224836.192749,-0.009951
224836.202748,-0.005526
224836.212753,-0.007922
224836.222745,-0.006441
224836.232726,-0.003541
224836.242724,-0.008681
224836.252716,-0.007185
224836.262703,-0.009672
224836.272698,-0.008527
224836.282690,-0.007443
224836.292681,-0.005306
224836.302679,-0.004466
224836.312671,-0.005534
224836.322503,-0.006601
224836.332507,-0.005929
224836.342499,-0.005914
224836.352468,-0.008080
224836.362468,-0.006142
224836.372460,-0.006492
224836.382459,-0.004676
224836.392447,-0.006353
224836.402439,-0.006811
224836.412439,-0.005971
224836.422426,-0.005711
224836.432418,-0.007832
224836.442415,-0.007968
224836.452407,-0.006915
224836.462399,-0.005267
224836.472392,-0.006793
224836.482375,-0.007159
224836.492367,-0.008058
224836.502367,-0.008745
224836.512374,-0.007875
224836.522366,-0.007661
224836.532347,-0.008912
224836.542340,-0.008439
224836.552332,-0.005997
224836.562325,-0.007340
224836.572319,-0.005250
224836.582311,-0.008180
224836.592303,-0.007706
224836.602279,-0.006821
224836.612271,-0.007782
224836.622280,-0.008545
224836.632277,-0.007325
224836.642269,-0.007386
224836.652259,-0.007782
224836.662246,-0.007477
224836.672238,-0.007996
224836.682236,-0.006989
224836.692234,-0.007157
224836.702226,-0.007156
224836.712214,-0.007645
224836.722194,-0.006500
224836.732186,-0.005661
224836.742191,-0.004806
224836.752181,-0.006927
224836.762173,-0.006713
224836.772176,-0.007293
224836.782148,-0.010040
224836.792140,-0.007628
224836.802154,-0.005904
224836.812148,0.004732
224836.822140,-0.030547
224836.832125,0.004534
224836.842115,-0.004744
224836.852107,-0.011777
224836.862096,-0.007616
224836.872084,-0.014345
224836.882076,-0.001649
224836.892080,-0.017060
224836.902085,-0.015564
224836.912077,0.002091
224836.922059,-0.008575
224836.932051,-0.008179
224836.942043,-0.009887
224836.952036,-0.002502
224836.962019,-0.009765
224836.972011,-0.008436
224836.982013,-0.007642
224836.992017,-0.014383
224837.002009,-0.038703
224837.011991,-0.052292
224837.021987,0.038921
224837.031979,-0.004435
224837.041975,0.005708
224837.051955,-0.003984
224837.061947,-0.014930
224837.071946,-0.017146
224837.081923,-0.029017
224837.091915,-0.037668
224837.101925,-0.031631
224837.111906,-0.020156
224837.121898,0.006206
224837.131902,0.007311
224837.141898,-0.018614
224837.151890,-0.014060
224837.161870,0.002208
224837.171880,0.004766
224837.181872,-0.022554
224837.191859,-0.052058
224837.201857,-0.035044
224837.211849,-0.040394
224837.221836,-0.056894
224837.231826,-0.064523
224837.241818,-0.074751
224837.251814,-0.063014
224837.261794,-0.116848
224837.271786,-0.069190
224837.281792,-0.005756
224837.291794,-0.009770
224837.301786,-0.012723
224837.311769,-0.024240
224837.321762,-0.069888
224837.331754,-0.050995
224837.341747,-0.060344
224837.351721,-0.071904
224837.361713,-0.066960
224837.371725,-0.058163
224837.381718,-0.032891
224837.391710,0.006940
224837.401703,0.001719
224837.411696,-0.014852
224837.421688,-0.000077
224837.431680,0.006067
224837.441675,-0.004210
224837.451667,0.004515
224837.461658,0.014942
224837.471651,0.042813
224837.481643,0.067457
224837.491635,0.073703
224837.501628,0.052503
224837.511620,-0.018665
224837.521625,0.013147
224837.531607,0.006550
224837.541599,-0.031450
224837.551599,-0.056791
224837.561595,-0.066783
224837.571587,-0.059835
224837.581568,-0.041403
224837.591562,0.063406
224837.601554,0.023690
224837.611547,-0.019188
224837.621539,-0.012863
224837.631531,-0.065175
224837.641517,-0.101673
224837.651518,-0.096338
224837.661510,-0.102060
224837.671503,-0.113286
224837.681495,-0.116470
224837.691487,-0.126711
224837.701480,-0.100905
224837.711474,-0.081697
224837.721466,-0.090870
224837.731458,-0.084482
224837.741451,-0.013211
224837.751443,0.002780
224837.761436,-0.008914
224837.771429,-0.036823
224837.781421,-0.064837
224837.791413,-0.062709
224837.801406,-0.044091
224837.811398,-0.020982
224837.821391,-0.007264
224837.831383,0.044761
224837.841375,0.100322
224837.851369,0.144232
224837.861362,0.169471
224837.871354,0.181953
224837.881347,0.164024
224837.891339,0.117557
224837.901331,0.064493
224837.911324,0.046946
224837.921310,0.044947
224837.931302,0.065299
224837.941302,0.086987
224837.951299,0.070781
224837.961291,0.010356
224837.971276,-0.046349
224837.981275,-0.039785
224837.991267,0.010792
224838.001258,0.052081
224838.011251,0.063179
224838.021243,0.049314
224838.031235,0.051810
224838.041229,0.058479
224838.051221,0.022623
224838.061214,-0.055681
224838.071206,0.000539
224838.081198,0.022200
224838.091191,-0.015824
224838.101183,0.000688
224838.111175,0.015842
224838.121168,0.025588
224838.131161,0.051446
224838.141153,0.077138
224838.151146,0.087002
224838.161139,0.084264
224838.171131,0.056533
224838.181124,0.021533
224838.191117,-0.009714
224838.201109,-0.037398
224838.211102,-0.038060
224838.221095,-0.025587
224838.231087,0.002605
224838.241080,0.041408
224838.251072,0.072530
224838.261064,0.080266
224838.271058,0.065794
224838.281051,0.050977
224838.291043,0.060338
224838.301034,0.071120
224838.311006,0.065059
224838.320998,0.044243
224838.331013,0.024071
224838.341006,0.000135
224838.350998,-0.020551
224838.360989,-0.039029
224838.370984,-0.072658
224838.380976,-0.089549
224838.390981,-0.076952
224838.400962,-0.064942
224838.410954,-0.057521
224838.420953,-0.053215
224838.430939,-0.044362
224838.440931,-0.043916
224838.450931,-0.046382
224838.460917,-0.050276
224838.470909,-0.048662
224838.480901,-0.031243
224838.490895,-0.017697
224838.500887,-0.011105
224838.510873,-0.003546
224838.520872,0.002416
224838.530864,0.006837
224838.540868,0.004495
224838.550851,0.001690
224838.560843,0.011431
224838.570847,0.017628
224838.580828,0.016834
224838.590820,0.027868
224838.600805,0.039128
224838.610806,0.038154
224838.620798,0.020432
224838.630807,0.006843
224838.640784,0.002197
224838.650776,-0.005683
224838.660775,-0.019727
224838.670761,-0.014437
224838.680753,-0.017193
224838.690738,-0.026726
224838.700739,-0.021889
224838.710731,-0.024187
224838.720729,-0.016818
224838.730717,-0.011995
224838.740709,-0.010302
224838.750708,-0.014526
224838.760694,-0.050877
224838.770686,-0.065969
224838.780675,-0.053132
224838.790683,-0.033256
224838.800675,-0.034074
224838.810640,-0.044936
224838.820650,-0.041645
224838.830642,-0.038209
224838.840637,-0.028497
224838.850631,-0.007959
224838.860623,0.011099
224838.870611,0.018545
224838.880598,0.032393
224838.890590,0.005608
224838.900579,-0.029077
224838.910584,-0.044558
224838.920576,-0.054096
224838.930578,-0.048349
224838.940561,-0.024045
224838.950553,-0.011774
224838.960533,-0.005316
224838.970522,-0.009537
224838.980514,-0.018592
224838.990502,-0.013692
224839.000517,0.003436
224839.010509,-0.008322
224839.020512,-0.045973
224839.030494,-0.095972
224839.040486,-0.120321
224839.050481,-0.123893
224839.060473,-0.097184
224839.070465,-0.099220
224839.080444,-0.103721
224839.090451,-0.059275
224839.100443,-0.038474
224839.110418,-0.016255
224839.120428,0.041392
224839.130420,0.075656
224839.140417,0.078164
224839.150405,0.066851
224839.160397,0.056567
224839.170385,0.041724
224839.180383,0.026550
224839.190375,0.026143
224839.200361,0.029339
224839.210361,0.014722
224839.220353,-0.014066
224839.230338,-0.014439
224839.240339,0.059130
224839.250331,0.315924
224839.260318,0.060094
224839.270296,-0.035668
224839.280288,-0.102110
224839.290294,-0.099013
224839.300294,-0.061635
224839.310286,-0.067781
224839.320287,-0.083286
224839.330273,-0.083200
224839.340265,-0.058210
224839.350255,-0.045506
224839.360251,-0.035488
224839.370243,-0.032844
224839.380224,-0.039158
224839.390228,-0.036216
224839.400220,-0.024178
224839.410223,-0.014271
224839.420206,-0.015051
224839.430198,0.006561
224839.440191,0.006800
224839.450183,-0.005118
224839.460175,-0.016155
224839.470169,-0.021373
224839.480161,-0.026976
224839.490153,-0.026225
224839.500139,-0.018867
224839.510139,-0.000110
224839.520131,0.025318
224839.530133,0.055139
224839.540114,0.069082
224839.550106,0.074881
224839.560097,0.081093
224839.570094,0.079005
224839.580086,0.062938
224839.590086,0.049610
224839.600067,0.026482
224839.610059,0.018781
224839.620061,0.020864
224839.630050,0.034059
224839.640042,0.052784
224839.650035,0.064727
224839.660018,0.068095
224839.670010,0.062960
224839.680024,0.057576
224839.690006,0.073113
224839.699998,0.076125
224839.709990,0.065064
224839.719983,0.067365
224839.729975,0.067701
224839.739965,0.065087
224839.749961,0.044770
224839.759953,-0.001630
224839.769945,-0.022731
224839.779939,-0.002374
224839.789931,0.025959
224839.799932,0.030812
224839.809916,0.003401
224839.819908,-0.032570
224839.829902,-0.094959
224839.839894,-0.139911
224839.849886,-0.166103
224839.859866,-0.152938
224839.869871,-0.133819
224839.879863,-0.111546
224839.889858,-0.129797
224839.899851,-0.150771
224839.909843,-0.153944
224839.919834,-0.129289
224839.929828,-0.101807
224839.939820,-0.072191
224839.949804,-0.066570
224839.959806,-0.070226
224839.969798,-0.076046
224839.979795,-0.089792
224839.989783,-0.069229
224839.999775,-0.041226
224840.009768,-0.014478
224840.019761,0.004880
224840.029753,0.007665
224840.039735,0.012202
224840.049739,0.030506
224840.059731,0.039518
224840.069724,0.049055
224840.079717,0.052152
224840.089709,0.048796
224840.099706,0.035340
224840.109695,0.049633
224840.119687,0.075118
224840.129679,0.078455
224840.139672,0.079923
224840.149664,0.066870
224840.159643,0.043278
224840.169651,0.021861
224840.179643,0.004952
224840.189635,-0.024256
224840.199630,-0.033529
224840.209622,-0.029882
224840.219605,-0.054240
224840.229606,-0.069308
224840.239598,-0.078301
224840.249590,-0.084315
224840.259583,-0.075054
224840.269575,-0.071680
224840.279552,-0.077053
224840.289561,-0.071477
224840.299553,-0.059454
224840.309545,-0.037836
224840.319538,-0.008533
224840.329530,0.006367
224840.339524,0.003613
224840.349516,0.010581
224840.359508,0.022706
224840.369501,-0.042209
224840.379487,-0.221065
224840.389479,-0.041284
224840.399479,0.028304
224840.409473,0.003670
224840.419465,0.026906
224840.429457,0.044106
224840.439450,0.033761
224840.449442,0.017472
224840.459441,-0.004739
224840.469435,-0.004092
224840.479427,0.006698
224840.489413,0.011591
224840.499406,0.046829
224840.509398,0.050611
224840.519390,0.031341
224840.529373,0.019289
224840.539365,0.030673
224840.549370,0.021113
224840.559361,0.007585
224840.569353,0.011050
224840.579346,0.004674
224840.589338,0.010925
224840.599330,0.034918
224840.609322,0.050358
224840.619317,0.054329
224840.629309,0.023551
224840.639302,0.007079
224840.649294,0.002408
224840.659286,-0.001560
224840.669280,-0.008572
224840.679272,0.000443
224840.689264,-0.000308
224840.699257,-0.017720
224840.709250,-0.035891
224840.719242,-0.045332
224840.729234,-0.058552
224840.739227,-0.080289
224840.749219,-0.075685
224840.759212,-0.055731
224840.769205,-0.033346
224840.779197,-0.013594
224840.789189,-0.005510
224840.799183,0.008360
224840.809175,0.014734
224840.819173,0.006440
224840.829160,0.005654
224840.839152,0.012935
224840.849153,-0.000365
224840.859131,-0.013425
224840.869123,-0.021942
224840.879124,-0.029834
224840.889110,-0.039023
224840.899102,-0.033006
224840.909086,-0.034340
224840.919088,-0.036644
224840.929080,-0.018195
224840.939062,0.014064
224840.949084,0.018237
224840.959076,-0.000357
224840.969057,-0.021437
224840.979034,-0.031551
224840.989026,-0.039021
224840.999035,-0.024688
224841.009035,-0.006061
224841.019027,0.005261
224841.029013,0.019053
224841.039007,0.013987
224841.048999,0.023143
224841.058990,0.001884
224841.068984,-0.010709
224841.078976,-0.030525
224841.088968,-0.046624
224841.098967,0.006127
224841.108959,0.037873
224841.118945,0.024906
224841.128937,0.006335
224841.138929,-0.018687
224841.148923,-0.021139
224841.158920,-0.003848
224841.168912,0.005751
224841.178902,-0.051784
224841.188893,-0.104399
224841.198885,-0.109891
224841.208879,-0.124534
224841.218855,-0.170842
224841.228847,-0.156341
224841.238857,-0.108053
224841.248841,-0.069782
224841.258833,-0.027418
224841.268817,0.052379
224841.278817,0.032150
224841.288809,0.048538
224841.298813,0.021984
224841.308819,-0.046201
224841.318682,-0.081993
224841.328661,-0.107646
224841.338648,-0.107036
224841.348640,-0.043579
224841.358639,0.000522
224841.368620,-0.038473
224841.378612,-0.083334
224841.388617,-0.081460
224841.398594,-0.081161
224841.408586,-0.088354
224841.418595,-0.103369
224841.428596,-0.111983
224841.438588,-0.097077
224841.448572,-0.058676
224841.458568,-0.026722
224841.468560,-0.069740
224841.478551,-0.255931
224841.488533,-0.115164
224841.498525,0.003641
224841.508531,-0.023657
224841.518519,-0.071160
224841.528511,-0.086962
224841.538499,-0.133907
224841.548500,-0.133031
224841.558492,-0.092123
224841.568483,-0.023474
224841.578467,0.035092
224841.588459,0.029817
224841.598462,-0.003211
224841.608467,-0.043288
224841.618459,-0.052480
224841.628440,-0.023706
224841.638434,-0.033071
224841.648426,-0.053890
224841.658416,-0.039863
224841.668403,-0.021737
224841.678395,0.014717
224841.688388,0.025163
224841.698371,0.041235
224841.708363,0.043253
224841.718380,0.017281
224841.728370,0.002549
224841.738362,0.017895
224841.748346,0.054790
224841.758338,0.051919
224841.768330,0.002874
224841.778312,0.033427
224841.788307,0.025421
224841.798299,0.005694
224841.808306,-0.036269
224841.818306,-0.047448
224841.828298,-0.019870
224841.838283,0.014310
224841.848274,0.018825
224841.858266,0.022098
224841.868261,0.034127
224841.878242,-0.012302
224841.888234,0.018970
224841.898239,0.029130
224841.908240,0.030917
224841.918232,0.024999
224841.928217,-0.001570
224841.938208,-0.012697
224841.948200,0.004268
224841.958194,0.012259
224841.968180,0.018428
224841.978172,0.043704
224841.988173,0.085913
224841.998176,0.139505
224842.008168,0.143182
224842.018151,0.201287
224842.028134,0.215368
224842.038126,0.181309
224842.048129,0.117098
224842.058113,0.038482
224842.068105,-0.084745
224842.078112,-0.138131
224842.088083,-0.129123
224842.098075,-0.053078
224842.108084,0.047827
224842.118079,0.117509
224842.128071,0.156097
224842.138062,0.172523
224842.148048,0.102562
224842.158040,-0.031341
224842.168039,-0.121045
224842.178027,-0.168432
224842.188019,-0.157687
224842.198017,-0.090233
224842.208015,-0.034377
224842.218007,-0.009159
224842.227995,0.007987
224842.237988,0.015303
224842.247980,0.040993
224842.257973,0.033616
224842.267952,0.015588
224842.277944,-0.014395
224842.287950,-0.054090
224842.297944,-0.066389
224842.307936,-0.053275
224842.317929,-0.034662
224842.327919,-0.018721
224842.337911,-0.093785
224842.347906,-0.146538
224842.357886,-0.139169
224842.367878,-0.113477
224842.377884,-0.068544
224842.387886,-0.036894
224842.397878,-0.041166
224842.407862,-0.039055
224842.417854,-0.024806
224842.427846,-0.009645
224842.437839,-0.005816
224842.447832,-0.026712
224842.457824,-0.034895
224842.467819,0.000940
224842.477816,0.015616
224842.487808,0.002403
224842.497786,-0.042051
224842.507788,-0.127170
224842.517780,-0.245981
224842.527775,-0.101986
224842.537751,0.001672
224842.547743,0.042184
224842.557751,0.031316
224842.567743,0.028202
224842.577735,-0.050250
224842.587736,-0.331583
224842.597722,0.067507
224842.607714,-0.035619
224842.617707,-0.054114
224842.627700,0.004541
224842.637692,0.009457
224842.647683,0.033627
224842.657678,0.035214
224842.667670,-0.011874
224842.677662,0.000788
224842.687655,0.010943
224842.697647,-0.007724
224842.707640,-0.017478
224842.717645,0.003885
224842.727637,0.029124
224842.737617,0.063137
224842.747611,0.081898
224842.757603,0.029780
224842.767595,0.040740
224842.777583,0.078204
224842.787575,0.080878
224842.797572,0.106981
224842.807567,0.114992
224842.817559,0.110270
224842.827551,0.043049
224842.837543,0.005348
224842.847535,-0.939347
224842.857529,-0.448247
224842.867525,0.288554
224842.877517,0.186454
224842.887506,-0.201529
224842.897506,0.173028
224842.907498,-0.062244
224842.917484,-0.017916
224842.927477,-0.043408
224842.937469,-0.042619
224842.947462,-0.062676
224842.957454,-0.036736
224842.967446,0.000376
224842.977440,0.035003
224842.987431,0.049408
224842.997423,0.015099
224843.007417,0.003244
224843.017410,-0.006655
224843.027402,0.005228
224843.037395,-0.036049
224843.047388,-0.068931
224843.057380,-0.052218
224843.067373,-0.020203
224843.077367,-0.000868
224843.087359,0.005202
224843.097352,0.002346
224843.107345,-0.019328
224843.117337,-0.016804
224843.127329,0.015560
224843.137306,0.034981
224843.147298,0.051079
224843.157307,0.059273
224843.167300,0.086828
224843.177292,0.150997
224843.187284,0.232676
224843.197277,0.356505
224843.207269,0.390386
224843.217262,-0.364122
224843.227254,0.971510
224843.237246,0.070581
224843.247252,-0.408989
224843.257233,0.128521
224843.267225,-0.034226
224843.277217,0.001418
224843.287210,-0.001771
224843.297202,-0.019716
224843.307207,-0.005347
224843.317176,-0.005942
224843.327168,-0.009056
224843.337180,-0.012261
224843.347166,-0.005375
224843.357158,-0.004277
224843.367151,-0.009938
224843.377144,-0.003637
224843.387136,-0.008680
224843.397124,-0.007368
224843.407122,-0.012327
224843.417114,-0.009688
224843.427107,-0.007207
224843.437100,-0.007574
224843.447092,-0.004788
224843.457085,-0.002325
224843.467077,-0.007810
224843.477069,-0.006263
224843.487063,-0.007736
224843.497057,-0.008677
224843.507049,-0.007421
224843.517040,-0.007432
224843.527033,-0.006970
224843.537025,-0.006403
224843.547018,-0.007559
224843.557011,-0.005542
224843.567003,-0.004914
224843.576996,-0.009946
224843.586989,-0.008967
224843.596981,-0.006141
224843.606973,-0.006718
224843.616966,-0.006411
224843.626958,-0.005876
224843.636951,-0.006576
224843.646944,-0.006971
224843.656936,-0.007320
224843.666929,-0.006448
224843.676922,-0.008873
224843.686914,-0.007422
224843.696907,-0.004751
224843.706899,-0.004581
224843.716891,-0.005419
224843.726896,-0.007570
224843.736872,-0.007050
224843.746864,-0.007812
224843.756863,-0.006896
224843.766861,-0.005537
224843.776853,-0.004285
224843.786840,-0.006573
224843.796833,-0.007091
224843.806825,-0.007716
224843.816818,-0.009165
224843.826812,-0.008311
224843.836804,-0.007410
224843.846796,-0.006234
224843.856788,-0.006081
224843.866780,-0.007103
224843.876774,-0.003883
224843.886767,-0.007895
224843.896759,-0.008489
224843.906752,-0.007161
224843.916744,-0.007939
224843.926736,-0.007390
224843.936730,-0.005390
224843.946723,-0.007801
224843.956715,-0.006229
224843.966708,-0.008594
224843.976700,-0.008410
224843.986692,-0.008165
224843.996685,-0.007326
224844.006678,-0.007112
224844.016670,-0.007127
224844.026663,-0.006638
224844.036655,-0.005630
224844.046647,-0.006561
224844.056639,-0.008483
224844.066615,-0.005920
224844.076607,-0.006164
224844.086625,-0.008361
224844.096613,-0.006285
224844.106605,-0.006407
224844.116588,-0.004453
224844.126588,-0.004865
224844.136580,-0.006543
224844.146568,-0.008557
224844.156568,-0.005169
224844.166560,-0.006970
224844.176557,-0.006756
224844.186545,-0.007626
224844.196537,-0.006558
224844.206529,-0.005718
224844.216523,-0.006450
224844.226515,-0.007518
224844.236507,-0.006572
224844.246501,-0.007273
224844.256493,-0.007502
224844.266478,-0.008204
224844.276478,-0.008844
224844.286470,-0.007410
224844.296462,-0.008676
224844.306465,-0.007791
224844.316457,-0.007516
224844.326447,-0.006509
224844.336434,-0.007272
224844.346426,-0.006768
224844.356418,-0.008904
224844.366412,-0.007851
224844.376404,-0.006768
224844.386399,-0.009484
224844.396379,-0.008187
224844.406371,-0.007088
224844.416367,-0.008812
224844.426368,-0.007576
224844.436360,-0.006752
224844.446364,-0.007500
224844.456345,-0.007057
224844.466337,-0.007545
224844.476314,-0.007148
224844.486323,-0.007850
224844.496315,-0.007408
224844.506315,-0.007835
224844.516300,-0.006873
224844.526292,-0.008383
224844.536292,-0.008826
224844.546278,-0.007102
224844.556270,-0.006735
224844.566251,-0.006796
224844.576256,-0.006338
224844.586248,-0.006537
224844.596247,-0.009024
224844.606239,-0.007590
224844.616231,-0.005972
224844.626224,-0.005957
224844.636213,-0.008200
224844.646205,-0.007299
224844.656187,-0.006231
224844.666190,-0.008444
224844.676182,-0.008794
224844.686165,-0.010793
224844.696162,-0.006582
224844.706154,-0.007238
224844.716166,-0.005987
224844.726146,-0.005895
224844.736138,-0.006246
224844.746123,-0.004461
224844.756123,-0.006185
224844.766115,-0.007055
224844.776090,-0.006292
224844.786092,-0.005881
224844.796084,-0.008322
224844.806090,-0.006979
224844.816079,-0.005606
224844.826071,-0.007254
224844.836058,-0.007681
224844.846057,-0.005499
224844.856049,-0.006582
224844.866026,-0.007422
224844.876035,-0.007879
224844.886027,-0.006735
224844.896024,-0.005300
224844.906012,-0.007208
224844.916004,-0.005865
224844.925992,-0.006048
224844.935990,-0.009100
224844.945982,-0.007803
224844.955961,-0.006673
224844.965968,-0.006719
224844.975960,-0.008581
224844.985961,-0.009939
224844.995946,-0.007406
224845.005938,-0.006277
224845.015927,-0.008490
224845.025924,-0.008169
224845.035916,-0.008642
224845.045921,-0.008169
224845.055901,-0.007574
224845.065893,-0.008596
224845.075898,-0.006994
224845.085880,-0.007421
224845.095872,-0.007344
224845.105870,-0.005666
224845.115864,-0.005590
224845.125856,-0.006231
224845.135833,-0.006017
224845.145835,-0.006536
224845.155827,-0.006276
224845.165814,-0.007253
224845.175813,-0.004552
224845.185805,-0.006337
224845.195799,-0.005422
224845.205790,-0.007421
224845.215782,-0.007222
224845.225766,-0.007955
224845.235769,-0.007390
224845.245761,-0.006780
224845.255737,-0.006596
224845.265747,-0.005238
224845.275739,-0.008702
224845.285727,-0.006047
224845.295725,-0.007420
224845.305717,-0.008671
224845.315703,-0.007496
224845.325702,-0.004719
224845.335694,-0.006718
224845.345687,-0.006123
224845.355680,-0.008763
224845.365672,-0.005634
224845.375670,-0.008885
224845.385658,-0.007557
224845.395650,-0.008976
224845.405643,-0.009632
224845.415635,-0.005970
224845.425627,-0.007664
224845.435621,-0.005512
224845.445622,-0.005970
224845.455614,-0.008320
224845.465605,-0.007129
224845.475591,-0.005893
224845.485583,-0.008228
224845.495577,-0.007999
224845.505569,-0.006839
224845.515561,-0.007282
224845.525555,-0.005848
224845.535546,-0.003330
224845.545538,-0.007174
224845.555533,-0.007494
224845.565532,-0.006746
224845.575524,-0.008592
224845.585510,-0.007173
224845.595493,-0.008118
224845.605485,-0.005310
224845.615487,-0.006073
224845.625488,-0.005524
224845.635480,-0.009292
224845.645465,-0.006576
224845.655458,-0.007354
224845.665450,-0.006896
224845.675443,-0.007964
224845.685436,-0.008757
224845.695428,-0.006896
224845.705420,-0.006606
224845.715414,-0.006179
224845.725406,-0.007446
224845.735399,-0.006256
224845.745392,-0.006226
224845.755384,-0.005403
224845.765376,-0.007875
224845.775356,-0.009325
224845.785348,-0.009035
224845.795355,-0.007280
224845.805347,-0.007906
224845.815339,-0.008166
224845.825332,-0.007586
224845.835326,-0.008776
224845.845318,-0.006869
224845.855309,-0.006732
224845.865303,-0.006152
224845.875295,-0.005877
224845.885288,-0.006472
224845.895281,-0.007266
224845.905273,-0.005816
224845.915266,-0.007006
224845.925259,-0.004687
224845.935251,-0.009036
224845.945243,-0.006305
224845.955236,-0.007144
224845.965228,-0.006427
224845.975205,-0.007861
224845.985214,-0.006900
224845.995206,-0.006274
224846.005208,-0.006426
224846.015192,-0.007159
224846.025184,-0.005328
224846.035183,-0.006289
224846.045170,-0.008166
224846.055162,-0.005724
224846.065153,-0.007876
224846.075149,-0.009081
224846.085141,-0.008532
224846.095133,-0.008074
224846.105127,-0.008333
224846.115119,-0.008395
224846.125118,-0.006716
224846.135104,-0.005160
224846.145096,-0.005908
224846.155089,-0.006549
224846.165082,-0.007830
224846.175074,-0.006305
224846.185067,-0.006869
224846.195059,-0.006137
224846.205051,-0.007312
224846.215044,-0.005480
224846.225038,-0.008837
224846.235030,-0.007052
224846.245022,-0.006533
224846.255015,-0.007678
224846.265007,-0.009493
224846.275000,-0.007953
224846.284993,-0.007098
224846.294985,-0.007083
224846.304978,-0.006427
224846.314827,-0.002902
224846.324819,-0.008227
224846.334813,-0.009067
224846.344806,-0.007709
224846.354798,-0.008487
224846.364791,-0.005511
224846.374784,-0.008746
224846.384776,-0.007449
