224312.366185,-0.012960
224312.391177,-0.011140
224312.401171,0.021804
224312.411163,0.081404
224312.421157,0.069690
224312.431161,0.028198
224312.441153,-0.018056
224312.451134,-0.058038
224312.461128,-0.073027
224312.471120,-0.052095
224312.481114,-0.036200
224312.491107,-0.031180
224312.501099,-0.028154
224312.511086,-0.022300
224312.521086,-0.023341
224312.531078,-0.030800
224312.541071,-0.028539
224312.551064,-0.008526
224312.561056,-0.029942
224312.571050,-0.060968
224312.581043,-0.068289
224312.591035,-0.010268
224312.601029,0.024460
224312.611022,0.006360
224312.621014,-0.017301
224312.630999,0.006353
224312.641000,0.016351
224312.650992,0.020212
224312.660986,0.036432
224312.670978,-0.020198
224312.680970,-0.049122
224312.690965,0.007354
224312.700958,-0.000121
224312.710950,-0.003500
224312.720942,0.009806
224312.730936,-0.000585
224312.740928,-0.017778
224312.750920,-0.025795
224312.760915,-0.024205
224312.770907,-0.011553
224312.780906,0.019445
224312.790893,0.018946
224312.800885,-0.009199
224312.810872,-0.026838
224312.820871,-0.038625
224312.830863,-0.023099
224312.840849,-0.006815
224312.850849,0.037968
224312.860841,0.110992
224312.870819,0.042817
224312.880829,-0.026340
224312.890821,0.017687
224312.900815,0.027913
224312.910801,0.009677
224312.920793,-0.014952
224312.930793,-0.053915
224312.940798,-0.076965
224312.950790,-0.043059
224312.960772,-0.006972
224312.970773,-0.005135
224312.980765,-0.000915
224312.990750,0.010059
224313.000751,0.013946
224313.010743,0.010331
224313.020730,0.002250
224313.030729,-0.013828
224313.040721,-0.020270
224313.050708,-0.007699
224313.060712,0.001568
224313.070704,0.013231
224313.080687,0.018953
224313.090675,0.012309
224313.100667,-0.000200
224313.110666,0.011889
224313.120647,0.028974
224313.130639,0.036264
224313.140645,0.036134
224313.150634,0.026055
224313.160626,0.005785
224313.170624,-0.007800
224313.180610,-0.031472
224313.190602,-0.024243
224313.200602,-0.016443
224313.210589,-0.042596
224313.220581,-0.053285
224313.230580,-0.017071
224313.240579,-0.010699
224313.250571,-0.017879
224313.260559,-0.026280
224313.270535,-0.037283
224313.280527,-0.041339
224313.290545,-0.047985
224313.300540,-0.041335
224313.310532,-0.031897
224313.320515,-0.021437
224313.330514,-0.026839
224313.340506,-0.026759
224313.350495,-0.033587
224313.360482,-0.031301
224313.370474,-0.024275
224313.380474,-0.015338
224313.390451,-0.010067
224313.400443,-0.006107
224313.410453,-0.005543
224313.420449,-0.007201
224313.430441,-0.007272
224313.440431,-0.013773
224313.450418,-0.024951
224313.460410,-0.019052
224313.470409,-0.010194
224313.480386,0.005078
224313.490378,0.004457
224313.500387,-0.003718
224313.510384,-0.004730
224313.520376,0.001221
224313.530365,0.003804
224313.540343,0.005958
224313.550335,0.001956
224313.560340,-0.002625
224313.570321,-0.003786
224313.580313,-0.001793
224313.590323,-0.005889
224313.600320,-0.016861
224313.610312,-0.027812
224313.620293,-0.024670
224313.630288,-0.020070
224313.640280,-0.013946
224313.650282,-0.013504
224313.660257,-0.016910
224313.670249,-0.021136
224313.680258,-0.019006
224313.690255,-0.028750
224313.700247,-0.034830
224313.710239,-0.038082
224313.720224,-0.028874
224313.730216,-0.008653
224313.740217,0.015090
224313.750220,0.025576
224313.760212,0.023703
224313.770196,0.020888
224313.780191,0.019024
224313.790183,0.016839
224313.800174,0.005646
224313.810165,0.000112
224313.820157,0.003256
224313.830153,0.004260
224313.840154,0.007725
224313.850146,0.010708
224313.860131,0.013783
224313.870117,0.014707
224313.880109,0.002491
224313.890110,-0.009987
224313.900093,-0.021485
224313.910085,-0.026171
224313.920089,-0.025686
224313.930064,-0.018541
224313.940056,-0.003282
224313.950067,-0.003242
224313.960059,-0.008809
224313.970051,-0.017536
224313.980040,-0.024201
224313.990037,-0.036109
224314.000029,-0.048336
224314.010024,-0.054570
224314.020017,-0.061590
224314.030009,-0.066003
224314.040004,-0.077290
224314.049990,-0.096979
224314.059982,-0.123259
224314.069982,-0.141332
224314.079965,0.611758
224314.089957,0.901693
224314.099961,0.456804
224314.109962,-0.113904
224314.119954,-0.219694
224314.129940,-0.056376
224314.139932,-0.032342
224314.149924,-0.101528
224314.159918,-0.148134
224314.169900,-0.190904
224314.179892,-0.229919
224314.189897,-0.254372
224314.199890,-0.222520
224314.209882,-0.115679
224314.219875,-0.016119
224314.229867,0.035240
224314.239859,0.055624
224314.249855,0.046568
224314.259847,0.021703
224314.269839,0.015260
224314.279832,0.030590
224314.289833,0.047702
224314.299825,0.058939
224314.309803,0.064136
224314.319792,0.073199
224314.329784,0.077009
224314.339790,0.070553
224314.349783,0.057202
224314.359775,0.037145
224314.369769,0.020844
224314.379762,0.001332
224314.389754,-0.011263
224314.399747,-0.020893
224314.409735,-0.026037
224314.419727,-0.028783
224314.429726,-0.027246
224314.439719,-0.025343
224314.449711,-0.021839
224314.459703,-0.024798
224314.469698,-0.040398
224314.479690,-0.051247
224314.489685,-0.049772
224314.499676,-0.032618
224314.509668,-0.025792
224314.519647,-0.030770
224314.529656,-0.026318
224314.539648,-0.020352
224314.549643,-0.016637
224314.559633,-0.016434
224314.569625,-0.010104
224314.579618,0.008432
224314.589613,0.006128
224314.599605,-0.003870
224314.609598,-0.002404
224314.619591,0.001765
224314.629583,0.003248
224314.639576,-0.005939
224314.649570,-0.014291
224314.659562,-0.016260
224314.669555,-0.014929
224314.679548,-0.013207
224314.689540,-0.017689
224314.699534,-0.017550
224314.709528,-0.014908
224314.719520,-0.014814
224314.729513,-0.016522
224314.739506,-0.025896
224314.749498,-0.029532
224314.759491,-0.028510
224314.769484,-0.027710
224314.779476,-0.031533
224314.789469,-0.025637
224314.799463,-0.021054
224314.809455,-0.026143
224314.819448,-0.033470
224314.829441,-0.048926
224314.839433,-0.058728
224314.849426,-0.060944
224314.859402,-0.064780
224314.869394,-0.063608
224314.879404,-0.064733
224314.889398,-0.062895
224314.899390,-0.046415
224314.909383,0.768428
224314.919379,0.894338
224314.929371,0.185616
224314.939361,-0.235493
224314.949345,-0.228929
224314.959337,-0.049200
224314.969335,-0.020558
224314.979337,-0.076946
224314.989329,-0.122747
224314.999331,-0.140683
224315.009313,-0.128246
224315.019305,-0.090842
224315.029283,-0.059489
224315.039292,-0.014527
224315.049284,0.021580
224315.059284,0.035109
224315.069271,0.026759
224315.079263,0.008769
224315.089262,-0.003108
224315.099249,-0.004496
224315.109241,0.003763
224315.119232,0.018414
224315.129228,0.027236
224315.139220,0.039644
224315.149200,0.048139
224315.159207,0.043909
224315.169199,0.026730
224315.179191,0.002653
224315.189185,-0.014820
224315.199177,-0.026028
224315.209181,-0.032135
224315.219163,-0.026818
224315.229155,-0.033467
224315.239138,-0.036934
224315.249143,-0.035445
224315.259135,-0.027211
224315.269141,-0.020235
224315.279121,-0.018660
224315.289113,-0.029791
224315.299099,-0.033630
224315.309100,-0.026356
224315.319092,-0.015944
224315.329091,-0.006630
224315.339079,-0.018898
224315.349071,-0.018500
224315.359050,-0.013154
224315.369057,-0.002014
224315.379049,-0.000267
224315.389031,-0.006255
224315.399036,-0.005485
224315.409028,0.002322
224315.419031,0.013101
224315.429014,-0.000666
224315.439006,-0.019618
224315.449005,-0.019168
224315.458993,-0.010281
224315.468985,-0.008733
224315.478970,-0.011338
224315.488972,-0.023826
224315.498964,-0.026986
224315.508941,-0.028617
224315.518950,-0.022731
224315.528942,-0.014196
224315.538940,-0.004664
224315.548928,-0.002933
224315.558920,0.001835
224315.568909,0.006604
224315.578907,0.010581
224315.588899,0.005211
224315.598876,0.001554
224315.608887,-0.004597
224315.618879,-0.010429
224315.628864,-0.010769
224315.638865,-0.018780
224315.648857,-0.026597
224315.658844,-0.035370
224315.668838,-0.047353
224315.678830,-0.061723
224315.688840,-0.078800
224315.698827,-0.078419
224315.708819,-0.071902
224315.718810,0.296487
224315.728801,0.833325
224315.738793,0.416441
224315.748779,-0.142203
224315.758780,-0.314085
224315.768772,-0.105152
224315.778747,0.050215
224315.788744,0.011815
224315.798736,-0.102953
224315.808746,-0.153891
224315.818722,-0.155444
224315.828714,-0.143902
224315.838703,-0.143848
224315.848721,-0.112539
224315.858713,-0.052343
224315.868707,0.003700
224315.878695,0.044060
224315.888687,0.051280
224315.898680,0.043111
224315.908673,0.038568
224315.918665,0.046579
224315.928651,0.067213
224315.938651,0.075949
224315.948643,0.077939
224315.958649,0.072809
224315.968630,0.068088
224315.978622,0.053463
224315.988620,0.042763
224315.998608,0.032205
224316.008600,0.016192
224316.018594,-0.006031
224316.028595,-0.024782
224316.038587,-0.036669
224316.048584,-0.058752
224316.058567,-0.068336
224316.068559,-0.066990
224316.078551,-0.053662
224316.088546,-0.037446
224316.098538,-0.031706
224316.108525,-0.041782
224316.118523,-0.049213
224316.128515,-0.038938
224316.138519,-0.024652
224316.148503,-0.018507
224316.158495,-0.019577
224316.168492,-0.014323
224316.178481,-0.003517
224316.188473,-0.003668
224316.198467,-0.007301
224316.208315,-0.005029
224316.218307,0.002473
224316.228324,0.008707
224316.238309,0.001642
224316.248301,-0.003478
224316.258295,-0.010307
224316.268288,-0.020337
224316.278280,-0.019686
224316.288262,-0.010944
224316.298267,-0.005987
224316.308259,-0.007448
224316.318246,-0.012191
224316.328245,-0.012479
224316.338237,-0.009992
224316.348219,-0.011988
224316.358223,-0.010726
224316.368215,-0.008689
224316.378197,-0.005969
224316.388203,0.002605
224316.398195,0.011505
224316.408187,0.003371
224316.418181,-0.006592
224316.428173,-0.018252
224316.438167,-0.024147
224316.448159,-0.025668
224316.458151,-0.036567
224316.468156,-0.040075
224316.478150,-0.044198
224316.488142,-0.051254
224316.498107,-0.060918
224316.508119,-0.065317
224316.518111,-0.064014
224316.528103,-0.067405
224316.538088,-0.062089
224316.548080,-0.063984
224316.558081,-0.056307
224316.568075,-0.047090
224316.578067,-0.038262
224316.588060,-0.028076
224316.598053,-0.025458
224316.608045,0.046409
224316.618045,0.967342
224316.628032,0.624824
224316.638024,-0.068308
224316.648017,-0.314962
224316.658011,-0.108016
224316.668003,0.059935
224316.677996,0.052271
224316.687989,-0.005208
224316.697981,-0.071152
224316.707974,-0.140943
224316.717969,-0.225179
224316.727961,-0.257978
224316.737953,-0.176621
224316.747947,-0.026182
224316.757939,0.086766
224316.767933,0.146867
224316.777926,0.146644
224316.787918,0.107472
224316.797912,0.056429
224316.807904,0.010738
224316.817896,-0.017362
224316.827890,-0.016151
224316.837883,-0.008910
224316.847875,0.000491
224316.857868,0.014712
224316.867862,0.022612
224316.877854,0.021570
224316.887847,0.010012
224316.897841,0.005101
224316.907833,-0.002097
224316.917809,-0.009579
224316.927818,-0.028980
224316.937810,-0.047834
224316.947797,-0.066962
224316.957798,-0.071521
224316.967790,-0.070144
224316.977774,-0.070819
224316.987776,-0.063232
224316.997768,-0.055940
224317.007762,-0.041647
224317.017754,-0.033580
224317.027746,-0.033190
224317.037743,-0.039088
224317.047728,-0.034602
224317.057720,-0.031810
224317.067720,-0.024621
224317.077724,-0.017084
224317.087716,-0.008369
224317.097699,-0.003055
224317.107698,-0.003042
224317.117690,-0.002169
224317.127677,-0.000159
224317.137677,0.006601
224317.147669,0.005821
224317.157656,0.004236
224317.167655,-0.009950
224317.177647,-0.010233
224317.187634,-0.012431
224317.197631,-0.013961
224317.207623,-0.012725
224317.217613,-0.014422
224317.227602,-0.012670
224317.237594,-0.015868
224317.247591,-0.011801
224317.257582,-0.001143
224317.267574,0.000285
224317.277581,-0.004627
224317.287558,-0.008208
224317.297550,-0.007893
224317.307548,-0.008690
224317.317539,-0.004841
224317.327531,-0.006534
224317.337528,-0.009097
224317.347514,-0.014757
224317.357506,-0.014480
224317.367506,-0.011483
224317.377504,-0.017454
224317.387496,-0.023901
224317.397485,-0.028361
224317.407473,-0.032297
224317.417465,-0.041471
224317.427464,-0.039087
224317.437442,-0.035890
224317.447434,-0.025471
224317.457443,-0.026812
224317.467439,-0.034076
224317.477431,-0.033335
224317.487422,-0.034302
224317.497408,0.071074
224317.507400,0.190550
224317.517400,0.404068
224317.527375,0.397525
224317.537367,0.101630
224317.547379,-0.068402
224317.557375,-0.059480
224317.567367,0.026724
224317.577357,0.104281
224317.587343,0.131567
224317.597335,0.111741
224317.607323,0.087076
224317.617342,0.059794
224317.627334,0.019872
224317.637315,-0.025249
224317.647292,-0.065457
224317.657284,-0.083528
224317.667293,-0.078412
224317.677278,-0.065130
224317.687270,-0.050343
224317.697283,-0.066772
224317.707277,-0.096730
224317.717269,-0.110670
224317.727258,-0.097698
224317.737245,-0.088185
224317.747237,-0.079469
224317.757230,-0.085906
224317.767213,-0.101739
224317.777205,-0.138484
224317.787194,-0.171955
224317.797212,-0.180061
224317.807204,-0.161370
224317.817188,-0.139610
224317.827181,-0.112343
224317.837173,-0.050596
224317.847166,0.001553
224317.857148,0.069454
224317.867140,0.121975
224317.877145,0.150345
224317.887150,0.147246
224317.897142,0.129448
224317.907123,0.118368
224317.917112,0.106933
224317.927104,0.095260
224317.937096,0.080782
224317.947084,0.068249
224317.957076,0.055856
224317.967081,0.041528
224317.977074,0.028888
224317.987066,0.015205
224317.997060,-0.001595
224318.007052,-0.020299
224318.017044,-0.035076
224318.027039,-0.038888
224318.037031,-0.045672
224318.047023,-0.053206
224318.057017,-0.066801
224318.067011,-0.076136
224318.077003,-0.080870
224318.086996,-0.073951
224318.096974,-0.061532
224318.106966,-0.047750
224318.116974,-0.027992
224318.126968,-0.012386
224318.136960,-0.004618
224318.146954,0.001787
224318.156942,0.005793
224318.166934,-0.002175
224318.176932,-0.011796
224318.186922,-0.005471
224318.196914,-0.006755
224318.206910,-0.016692
224318.216890,-0.022922
224318.226882,-0.027233
224318.236889,-0.031351
224318.246883,-0.030646
224318.256875,-0.028250
224318.266868,-0.027516
224318.276861,-0.027697
224318.286853,-0.023100
224318.296847,-0.025116
224318.306840,-0.028620
224318.316832,-0.024176
224318.326825,-0.017636
224318.336819,-0.015855
224318.346811,-0.011916
224318.356805,-0.006299
224318.366780,0.204909
224318.376772,0.400643
224318.386791,0.328007
224318.396777,0.003034
224318.406769,-0.201419
224318.416762,-0.166059
224318.426755,-0.029517
224318.436747,0.057332
224318.446751,0.046353
224318.456734,0.024642
224318.466726,0.024337
224318.476719,0.037168
224318.486713,0.063968
224318.496705,0.087507
224318.506697,0.102279
224318.516691,0.109501
224318.526683,0.087724
224318.536675,0.018547
224318.546670,-0.045056
224318.556662,-0.074932
224318.566656,-0.124680
224318.576649,-0.163820
224318.586641,-0.183678
224318.596641,-0.183539
224318.606628,-0.155925
224318.616620,-0.109316
224318.626614,-0.088653
224318.636607,-0.072065
224318.646599,-0.059545
224318.656591,-0.033204
224318.666585,-0.035959
224318.676577,-0.053225
224318.686571,-0.076999
224318.696564,-0.085629
224318.706556,-0.085769
224318.716549,-0.081078
224318.726542,-0.067323
224318.736534,-0.053999
224318.746527,-0.025012
224318.756522,0.019760
224318.766514,0.080998
224318.776507,0.140046
224318.786500,0.166047
224318.796492,0.154158
224318.806485,0.128437
224318.816478,0.100451
224318.826470,0.074314
224318.836464,0.044723
224318.846456,0.021906
224318.856448,0.000288
224318.866442,-0.018582
224318.876441,-0.031306
224318.886433,-0.046133
224318.896422,-0.063805
224318.906421,-0.069269
224318.916413,-0.055717
224318.926401,-0.034767
224318.936393,-0.009973
224318.946385,0.007515
224318.956378,0.016579
224318.966358,0.014600
224318.976350,0.011390
224318.986357,0.009368
224318.996350,0.008099
224319.006342,-0.010771
224319.016336,-0.026789
224319.026330,-0.030549
224319.036322,-0.032300
224319.046314,-0.033550
224319.056308,-0.030476
224319.066300,-0.030129
224319.076293,-0.034399
224319.086287,-0.044961
224319.096279,-0.055178
224319.106267,-0.062323
224319.116266,-0.035078
224319.126258,0.356633
224319.136245,0.396728
224319.146245,0.151485
224319.156237,-0.091209
224319.166229,-0.126832
224319.176224,-0.023298
224319.186216,0.056335
224319.196195,0.033608
224319.206202,0.000252
224319.216194,0.021152
224319.226182,0.067467
224319.236181,0.081585
224319.246173,0.033466
224319.256157,0.056844
224319.266160,0.038656
224319.276152,0.028617
224319.286146,-0.005468
224319.296138,-0.016752
224319.306130,-0.045517
224319.316125,-0.061437
224319.326100,-0.076293
224319.336092,-0.091315
224319.346093,-0.112941
224319.356097,-0.142070
224319.366089,-0.151317
224319.376092,-0.164495
224319.386075,-0.178993
224319.396067,-0.194422
224319.406060,-0.198235
224319.416053,-0.166837
224319.426045,-0.118079
224319.436027,-0.060348
224319.446033,-0.019352
224319.456025,0.043848
224319.466027,0.104424
224319.476010,0.160661
224319.486002,0.194185
224319.495995,0.175786
224319.505990,0.127788
224319.515982,0.074646
224319.525963,0.037401
224319.535967,0.017541
224319.545959,-0.007954
224319.555962,-0.033819
224319.565953,-0.064027
224319.575945,-0.064692
224319.585926,-0.085385
224319.595920,-0.072508
224319.605912,-0.050079
224319.615898,-0.023178
224319.625905,0.001928
224319.635897,0.011404
224319.645894,0.005870
224319.655886,0.004771
224319.665878,0.004306
224319.675866,0.005099
224319.685862,-0.012286
224319.695854,-0.028664
224319.705834,-0.051461
224319.715841,-0.079782
224319.725833,-0.095574
224319.735833,-0.102313
224319.745819,-0.104480
224319.755811,0.370160
224319.765813,0.647330
224319.775798,0.378277
224319.785790,-0.003213
224319.795769,-0.146224
224319.805777,-0.041461
224319.815769,0.086685
224319.825768,0.124857
224319.835756,0.063180
224319.845748,0.007134
224319.855735,-0.020011
224319.865735,-0.024917
224319.875727,-0.000036
224319.885705,0.052368
224319.895714,0.103919
224319.905706,0.110308
224319.915703,0.053056
224319.925692,0.021626
224319.935684,-0.070410
224319.945680,-0.134338
224319.955671,-0.202915
224319.965663,-0.210811
224319.975663,-0.211306
224319.985649,-0.204548
224319.995641,-0.195602
224320.005644,-0.166181
224320.015628,-0.134571
224320.025620,-0.099678
224320.035607,-0.076082
224320.045607,-0.073456
224320.055599,-0.074192
224320.065593,-0.063878
224320.075585,-0.035539
224320.085577,0.014499
224320.095574,0.063314
224320.105564,0.100109
224320.115556,0.112918
224320.125539,0.110322
224320.135540,0.102825
224320.145532,0.082077
224320.155541,0.051495
224320.165521,0.018320
224320.175513,-0.001519
224320.185509,-0.012835
224320.195501,-0.024538
224320.205493,-0.031162
224320.215472,-0.029458
224320.225480,-0.032228
224320.235472,-0.019066
224320.245465,-0.015484
224320.255458,-0.022465
224320.265450,-0.025829
224320.275439,-0.031054
224320.285437,-0.040768
224320.295429,-0.043826
224320.305423,-0.039329
224320.315416,-0.039672
224320.325408,-0.040982
224320.335414,-0.045990
224320.345394,-0.043311
224320.355386,-0.040255
224320.365380,-0.031872
224320.375373,-0.032346
224320.385365,-0.030549
224320.395359,-0.025045
224320.405351,-0.021726
224320.415343,-0.019804
224320.425338,-0.021996
224320.435330,-0.015131
224320.445322,0.002357
224320.455316,0.008600
224320.465304,0.020461
224320.475296,0.036208
224320.485295,0.049036
224320.495272,0.061557
224320.505264,0.069656
224320.515274,0.065371
224320.525270,0.069355
224320.535262,0.057888
224320.545245,0.032889
224320.555246,0.014437
224320.565238,-0.009631
224320.575231,-0.040559
224320.585225,-0.059537
224320.595217,-0.073193
224320.605205,-0.074614
224320.615204,-0.078161
224320.625196,-0.095462
224320.635188,-0.099898
224320.645182,0.543280
224320.655174,0.399302
224320.665167,0.090902
224320.675160,-0.107917
224320.685152,-0.004674
224320.695146,0.124249
224320.705139,0.124177
224320.715131,0.106372
224320.725124,0.147633
224320.735119,0.182888
224320.745111,0.147232
224320.755104,0.048240
224320.765097,-0.059362
224320.775089,-0.137113
224320.785082,-0.198644
224320.795072,-0.252461
224320.805064,-0.281533
224320.815055,-0.278784
224320.825055,-0.241524
224320.835047,-0.179652
224320.845046,-0.114509
224320.855034,-0.053206
224320.865026,-0.006168
224320.875018,0.018748
224320.885012,0.024477
224320.895004,0.021384
224320.904992,0.031993
224320.914990,0.040956
224320.924982,0.054243
224320.934978,0.064509
224320.944966,0.067435
224320.954958,0.059731
224320.964937,0.048581
224320.974949,0.029622
224320.984941,0.019403
224320.994933,0.015288
224321.004926,0.004865
224321.014918,-0.013568
224321.024895,-0.030628
224321.034906,-0.041174
224321.044898,-0.055875
224321.054890,-0.061345
224321.064884,-0.068285
224321.074876,-0.079568
224321.084870,-0.077340
224321.094863,-0.067039
224321.104855,-0.045018
224321.114848,-0.032824
224321.124849,-0.035700
224321.134841,-0.025500
224321.144828,-0.008476
224321.154820,0.004518
224321.164812,0.003780
224321.174807,0.000957
224321.184799,-0.012228
224321.194791,-0.028882
224321.204779,-0.053777
224321.214623,-0.073420
224321.224615,-0.083635
224321.234610,-0.100988
224321.244597,-0.108649
224321.254589,-0.113471
224321.264589,0.760700
224321.274581,1.033816
224321.284573,0.302699
224321.294567,-0.250362
224321.304559,-0.227243
224321.314551,0.026634
224321.324546,-0.002538
224321.334527,-0.160202
224321.344519,-0.171086
224321.354525,-0.100331
224321.364531,-0.100894
224321.374523,-0.160534
224321.384504,-0.185511
224321.394492,-0.156873
224321.404484,-0.099367
224321.414483,-0.045308
224321.424469,-0.008899
224321.434461,0.012103
224321.444462,0.012960
224321.454438,0.009861
224321.464430,0.008389
224321.474441,0.008277
224321.484422,0.015084
224321.494414,0.027323
224321.504419,0.033952
224321.514405,0.040267
224321.524397,0.045051
224321.534385,0.046031
224321.544373,0.044198
224321.554365,0.035498
224321.564371,0.032567
224321.574371,0.028081
224321.584363,0.009798
224321.594355,-0.018483
224321.604342,-0.023250
224321.614334,-0.026428
224321.624334,-0.033355
224321.634338,-0.033084
224321.644330,-0.025355
224321.654312,-0.034669
224321.664307,-0.049063
224321.674299,-0.047190
224321.684287,-0.035281
224321.694275,-0.026444
224321.704267,-0.017421
224321.714271,-0.004427
224321.724274,-0.011694
224321.734266,-0.012838
224321.744249,-0.013576
224321.754242,-0.004783
224321.764234,-0.005208
224321.774213,-0.004322
224321.784215,-0.005621
224321.794207,-0.002988
224321.804207,-0.005915
224321.814209,-0.002541
224321.824201,0.002372
224321.834185,-0.007489
224321.844178,-0.018007
224321.854170,-0.016561
224321.864164,-0.012754
224321.874149,-0.007458
224321.884141,-0.009689
224321.894143,-0.010378
224321.904139,-0.021982
224321.914131,-0.030768
224321.924122,-0.028963
224321.934113,-0.025852
224321.944105,-0.022675
224321.954100,-0.022588
224321.964081,-0.020461
224321.974073,-0.020764
224321.984079,-0.019759
224321.994080,-0.022597
224322.004072,-0.018576
224322.014057,-0.015998
224322.024048,0.068075
224322.034040,0.708043
224322.044037,0.471227
224322.054040,0.034724
224322.064032,-0.221375
224322.074015,-0.166550
224322.084016,-0.104476
224322.094008,-0.119169
224322.103994,-0.181339
224322.113984,-0.202559
224322.123976,-0.172985
224322.133973,-0.120412
224322.143952,-0.065309
224322.153944,-0.023688
224322.163952,-0.000435
224322.173950,0.017500
224322.183942,0.017225
224322.193926,-0.001040
224322.203913,-0.018369
224322.213905,-0.019365
224322.223909,0.000404
224322.233903,0.017689
224322.243895,0.043603
224322.253889,0.056650
224322.263886,0.061766
224322.273878,0.061704
224322.283867,0.050688
224322.293847,0.035115
224322.303839,0.016720
224322.313846,-0.000255
224322.323842,-0.009605
224322.333834,-0.014165
224322.343825,-0.022214
224322.353818,-0.019783
224322.363810,-0.026451
224322.373802,-0.033682
224322.383797,-0.034697
224322.393789,-0.031200
224322.403770,-0.030191
224322.413776,-0.033929
224322.423768,-0.038851
224322.433751,-0.029566
224322.443745,-0.012643
224322.453737,-0.008366
224322.463729,-0.004893
224322.473733,-0.002985
224322.483725,-0.003406
224322.493719,-0.011715
224322.503712,-0.011987
224322.513704,-0.006066
224322.523704,-0.027371
224322.533689,-0.033992
224322.543681,-0.026305
224322.553676,-0.012069
224322.563669,-0.009293
224322.573661,-0.016787
224322.583640,-0.017622
224322.593659,-0.014960
224322.603651,-0.013032
224322.613633,-0.020399
224322.623626,-0.019687
224322.633618,-0.015705
224322.643607,-0.014457
224322.653587,-0.017038
224322.663579,-0.022384
224322.673591,-0.015582
224322.683584,-0.009323
224322.693576,-0.005072
224322.703571,-0.007331
224322.713564,-0.003471
224322.723556,-0.001102
224322.733549,-0.004241
224322.743542,0.002613
224322.753534,0.007402
224322.763528,0.007076
224322.773521,0.732299
224322.783513,0.762954
224322.793507,0.208619
224322.803498,-0.341448
224322.813490,-0.486024
224322.823485,-0.324428
224322.833467,-0.134391
224322.843459,-0.095050
224322.853464,-0.146518
224322.863465,-0.171327
224322.873457,-0.131836
224322.883443,-0.047202
224322.893431,0.013553
224322.903423,0.034059
224322.913421,0.032001
224322.923415,0.025780
224322.933407,0.013825
224322.943400,-0.002339
224322.953395,-0.007243
224322.963387,0.002293
224322.973379,0.028009
224322.983373,0.047075
224322.993365,0.053740
224323.003364,0.055736
224323.013336,0.043355
224323.023328,0.034721
224323.033337,0.014147
224323.043330,-0.008999
224323.053322,-0.026300
224323.063316,-0.028934
224323.073300,-0.023548
224323.083292,-0.026182
224323.093294,-0.032017
224323.103288,-0.032636
224323.113280,-0.027818
224323.123274,-0.018645
224323.133271,-0.022890
224323.143263,-0.030850
224323.153252,-0.028196
224323.163245,-0.010140
224323.173237,0.002240
224323.183231,0.000710
224323.193225,0.001404
224323.203217,0.006181
224323.213209,0.010958
224323.223202,0.000690
224323.233194,-0.006841
224323.243174,-0.011844
224323.253181,-0.010053
224323.263173,-0.011164
224323.273174,-0.015910
224323.283161,-0.031847
224323.293153,-0.045202
224323.303133,-0.043895
224323.313140,-0.043377
224323.323132,-0.045919
224323.333108,-0.044655
224323.343118,-0.031651
224323.353110,-0.025993
224323.363098,-0.033326
224323.373097,-0.026227
224323.383089,-0.017917
224323.393091,-0.012575
224323.403075,-0.000580
224323.413067,0.892340
224323.423045,0.588968
224323.433055,-0.154831
224323.443047,-0.286679
224323.453047,-0.001229
224323.463033,0.075343
224323.473025,-0.144466
224323.483011,-0.216658
224323.492999,-0.103682
224323.502991,-0.073847
224323.512992,-0.128179
224323.522990,-0.157958
224323.532982,-0.148566
224323.542975,-0.123576
224323.552969,-0.092088
224323.562961,-0.058388
224323.572961,-0.019211
224323.582948,-0.002958
224323.592940,0.016978
224323.602924,0.041853
224323.612927,0.045472
224323.622919,0.055748
224323.632915,0.055902
224323.642904,0.059940
224323.652896,0.060953
224323.662896,0.052247
224323.672890,0.039627
224323.682882,0.027798
224323.692863,0.016546
224323.702869,0.019535
224323.712861,0.002456
224323.722861,-0.015898
224323.732850,-0.023481
224323.742842,-0.026508
224323.752830,-0.026588
224323.762831,-0.015324
224323.772823,-0.029194
224323.782797,-0.046094
224323.792804,-0.046378
224323.802796,-0.030775
224323.812796,-0.022385
224323.822779,-0.016575
224323.832771,-0.019736
224323.842765,-0.016263
224323.852758,-0.007933
224323.862750,0.007522
224323.872733,0.011239
224323.882737,0.000668
224323.892729,-0.006409
224323.902732,-0.015737
224323.912715,-0.010107
224323.922707,-0.012571
224323.932700,-0.022476
224323.942694,-0.020021
224323.952686,-0.014500
224323.962669,-0.005976
224323.972673,-0.008751
224323.982665,-0.022068
224323.992666,-0.037965
224324.002652,-0.045982
224324.012644,-0.040438
224324.022636,-0.038523
224324.032631,-0.044329
224324.042623,-0.048875
224324.052604,-0.049567
224324.062610,-0.047794
224324.072602,-0.037769
224324.082603,-0.030313
224324.092588,-0.026562
224324.102580,-0.020631
224324.112570,-0.016959
224324.122567,0.573640
224324.132559,1.028630
224324.142543,0.165486
224324.152546,-0.334344
224324.162538,-0.279658
224324.172521,-0.048863
224324.182524,-0.134136
224324.192516,-0.273036
224324.202506,-0.256536
224324.212494,-0.177247
224324.222486,-0.126245
224324.232474,-0.074453
224324.242482,-0.029503
224324.252474,0.021846
224324.262473,0.050005
224324.272461,0.051753
224324.282453,0.025767
224324.292454,-0.008110
224324.302440,-0.023460
224324.312432,-0.011417
224324.322410,0.011695
224324.332419,0.044960
224324.342411,0.067003
224324.352412,0.079923
224324.362398,0.084138
224324.372390,0.066852
224324.382370,0.048835
224324.392376,0.014710
224324.402368,-0.015578
224324.412352,-0.037301
224324.422351,-0.035706
224324.432343,-0.041717
224324.442342,-0.043209
224324.452334,-0.033054
224324.462326,-0.029672
224324.472308,-0.022110
224324.482313,-0.008691
224324.492305,-0.014837
224324.502311,-0.026409
224324.512290,-0.025724
224324.522282,-0.018899
224324.532279,-0.004453
224324.542264,0.008610
224324.552256,0.004740
224324.562245,-0.002763
224324.572249,0.001509
224324.582241,0.004113
224324.592246,0.000540
224324.602229,-0.011233
224324.612221,-0.027428
224324.622207,-0.034757
224324.632219,-0.032052
224324.642211,-0.022590
224324.652183,-0.029697
224324.662186,-0.032306
224324.672178,-0.024845
224324.682181,-0.012627
224324.692165,-0.002076
224324.702157,-0.002024
224324.712150,-0.007244
224324.722143,-0.013579
224324.732135,-0.015696
224324.742131,-0.025804
224324.752122,-0.028647
224324.762114,-0.026090
224324.772116,-0.013544
224324.782101,-0.014421
224324.792093,-0.013779
224324.802085,-0.016861
224324.812079,-0.013741
224324.822071,0.063750
224324.832053,1.081091
224324.842058,0.281927
224324.852050,-0.391404
224324.862052,-0.494900
224324.872040,-0.314823
224324.882032,-0.156474
224324.892020,-0.153109
224324.902017,-0.104879
224324.912009,-0.013136
224324.921998,0.055759
224324.931996,0.082828
224324.941988,0.094413
224324.951986,0.066216
224324.961974,0.021383
224324.971966,-0.017233
224324.981963,-0.037727
224324.991953,-0.031739
224325.001945,-0.004934
224325.011924,0.022052
224325.021932,0.046683
224325.031924,0.063017
224325.041923,0.064554
224325.051910,0.042449
224325.061902,0.017739
224325.071891,-0.006530
224325.081888,-0.034502
224325.091880,-0.048480
224325.101873,-0.045223
224325.111868,-0.037371
224325.121860,-0.034667
224325.131858,-0.029215
224325.141846,-0.014824
224325.151838,-0.008740
224325.161833,-0.015843
224325.171826,-0.021034
224325.181818,-0.018061
224325.191811,-0.014754
224325.201804,-0.018924
224325.211796,-0.007399
224325.221790,0.002720
224325.231784,0.021511
224325.241776,0.031680
224325.251769,0.021966
224325.261762,0.005346
224325.271754,-0.004925
224325.281730,-0.011972
224325.291739,-0.021812
224325.301731,-0.025240
224325.311727,-0.034375
224325.321727,-0.037891
224325.331719,-0.033442
224325.341705,-0.022408
224325.351685,-0.017374
224325.361677,-0.019871
224325.371684,-0.024201
224325.381678,-0.027651
224325.391670,-0.017526
224325.401663,-0.030216
224325.411656,-0.040360
224325.421648,-0.031722
224325.431642,-0.019580
224325.441635,-0.013402
224325.451627,0.000708
224325.461621,-0.003597
224325.471614,-0.012613
224325.481606,-0.006575
224325.491599,0.004974
224325.501594,0.013596
224325.511586,0.020856
224325.521578,0.501887
224325.531572,0.399540
224325.541564,-0.078956
224325.551556,-0.322493
224325.561551,-0.324981
224325.571543,-0.189773
224325.581536,-0.050782
224325.591529,0.026480
224325.601521,0.045329
224325.611500,0.057848
224325.621509,0.058980
224325.631501,0.035017
224325.641494,-0.013812
224325.651487,-0.054548
224325.661479,-0.066894
224325.671472,-0.050207
224325.681465,-0.020450
224325.691457,0.011514
224325.701456,0.036058
224325.711444,0.032326
224325.721436,0.028695
224325.731436,0.023604
224325.741423,0.011299
224325.751415,-0.010264
224325.761394,-0.029025
224325.771401,-0.036300
224325.781393,-0.030910
224325.791389,-0.019612
224325.801380,-0.014014
224325.811372,-0.004297
224325.821366,-0.002645
224325.831360,-0.007518
224325.841352,-0.014406
224325.851346,-0.021126
224325.861339,-0.022814
224325.871331,-0.022218
224325.881309,-0.018331
224325.891318,-0.009522
224325.901310,0.006736
224325.911303,0.009718
224325.921297,0.005586
224325.931289,-0.003415
224325.941281,-0.009768
224325.951276,-0.007270
224325.961268,-0.015397
224325.971261,-0.023046
224325.981254,-0.027448
224325.991246,-0.024495
224326.001240,-0.015610
224326.011230,-0.007688
224326.021222,0.001789
224326.031198,-0.005865
224326.041213,-0.018738
224326.051205,-0.021339
224326.061210,-0.034386
224326.071191,-0.035660
224326.081183,-0.032700
224326.091176,-0.021112
224326.101168,-0.013300
224326.111160,-0.010301
224326.121155,-0.006783
224326.131134,-0.001531
224326.141126,-0.001837
224326.151134,-0.005834
224326.161123,-0.006217
224326.171115,-0.006129
224326.181113,-0.002883
224326.191101,0.039297
224326.201093,0.239120
224326.210956,0.174557
224326.220948,-0.045407
224326.230940,-0.206108
224326.240935,-0.183484
224326.250933,-0.066112
224326.260925,0.027878
224326.270913,0.055312
224326.280897,0.041552
224326.290889,0.029360
224326.300892,0.016274
224326.310879,-0.006726
224326.320871,-0.028727
224326.330870,-0.032990
224326.340857,-0.021555
224326.350849,-0.000263
224326.360850,0.011600
224326.370836,0.016739
224326.380828,0.013028
224326.390828,0.006098
224326.400828,-0.006135
224326.410820,-0.026671
224326.420807,-0.036951
224326.430803,-0.035708
224326.440795,-0.035507
224326.450787,-0.025765
224326.460785,-0.013793
224326.470777,-0.010425
224326.480765,-0.008833
224326.490749,-0.008287
224326.500741,-0.007847
224326.510745,-0.011350
224326.520751,-0.008068
224326.530743,-0.001764
224326.540723,-0.006479
224326.550707,-0.008377
224326.560699,0.004217
224326.570703,-0.001776
224326.580704,-0.003912
224326.590696,-0.005042
224326.600680,-0.004925
224326.610672,-0.005439
224326.620664,-0.015338
224326.630659,-0.017242
224326.640642,-0.016732
224326.650634,-0.024238
224326.660641,-0.021872
224326.670640,-0.017568
224326.680632,-0.015920
224326.690621,-0.019974
224326.700609,-0.018903
224326.710601,-0.011669
224326.720585,-0.009603
224326.730577,-0.004070
224326.740569,0.133155
224326.750584,0.286976
224326.760576,0.119473
224326.770568,-0.119578
224326.780553,-0.216563
224326.790544,-0.134257
224326.800536,-0.026488
224326.810533,-0.005484
224326.820517,-0.047332
224326.830509,-0.048906
224326.840512,-0.008478
224326.850495,0.019526
224326.860487,0.021564
224326.870490,-0.021311
224326.880479,-0.022817
224326.890471,-0.013538
224326.900468,0.002048
224326.910448,0.019531
224326.920440,0.032863
224326.930447,0.030957
224326.940447,0.019169
224326.950439,-0.001521
224326.960427,-0.023531
224326.970412,-0.036829
224326.980404,-0.042281
224326.990406,-0.040598
224327.000383,-0.030980
224327.010375,-0.015701
224327.020384,-0.012475
224327.030382,-0.013326
224327.040374,-0.014050
224327.050363,-0.015279
224327.060356,-0.015501
224327.070348,-0.018546
224327.080342,-0.021982
224327.090347,-0.022132
224327.100339,-0.015761
224327.110321,-0.011734
224327.120320,-0.002206
224327.130312,0.007599
224327.140300,0.008285
224327.150286,-0.000683
224327.160278,-0.004359
224327.170278,-0.015632
224327.180269,-0.025095
224327.190261,-0.021969
224327.200258,-0.009934
224327.210253,-0.006451
224327.220245,-0.001889
224327.230236,0.007506
224327.240221,0.438675
224327.250213,0.494892
224327.260215,0.058179
224327.270209,-0.237403
224327.280201,-0.249737
224327.290194,-0.112469
224327.300188,-0.065647
224327.310180,-0.084799
224327.320173,-0.102399
224327.330169,-0.076578
224327.340161,-0.046644
224327.350152,-0.047406
224327.360153,-0.064540
224327.370145,-0.066678
224327.380131,-0.047391
224327.390123,-0.029270
224327.400115,-0.029911
224327.410103,-0.040177
224327.420103,-0.032479
224327.430095,-0.010086
224327.440078,0.013008
224327.450082,0.029301
224327.460074,0.044997
224327.470070,0.045628
224327.480061,0.040050
224327.490053,0.028443
224327.500039,0.015505
224327.510027,0.003982
224327.520019,-0.000559
224327.530026,-0.006651
224327.540019,-0.012507
224327.550011,-0.024248
224327.560004,-0.027546
224327.569998,-0.029191
224327.579990,-0.032338
224327.589983,-0.033468
224327.599976,-0.032045
224327.609968,-0.039624
224327.619962,-0.040919
224327.629955,-0.037105
224327.639947,-0.024390
224327.649941,-0.017687
224327.659934,-0.011646
224327.669926,-0.018415
224327.679918,-0.019750
224327.689913,-0.012006
224327.699905,-0.013918
224327.709898,-0.008789
224327.719891,0.001230
224327.729883,0.010006
224327.739877,0.011053
224327.749871,0.006044
224327.759863,0.006655
224327.769857,0.003764
224327.779849,0.001963
224327.789841,0.002890
224327.799835,-0.000648
224327.809836,0.000173
224327.819828,0.001313
224327.829814,0.000331
224327.839807,0.001738
224327.849799,0.004674
224327.859793,0.005505
224327.869785,0.009989
224327.879777,0.016381
224327.889772,0.025371
224327.899765,0.030727
224327.909757,0.036675
224327.919747,0.036055
224327.929722,0.032432
224327.939714,0.019566
224327.949728,0.111217
224327.959723,0.599564
224327.969715,0.368120
224327.979708,0.052797
224327.989702,0.000069
224327.999694,0.111620
224328.009687,0.161890
224328.019681,0.097131
224328.029673,0.037806
224328.039665,0.010463
224328.049659,-0.035240
224328.059651,-0.107095
224328.069644,-0.174766
224328.079638,-0.206395
224328.089630,-0.206753
224328.099624,-0.204916
224328.109618,-0.206326
224328.119610,-0.220977
224328.129602,-0.227306
224328.139596,-0.212505
224328.149588,-0.211291
224328.159581,-0.210889
224328.169575,-0.209284
224328.179567,-0.204768
224328.189571,-0.189490
224328.199553,-0.146859
224328.209545,-0.091943
224328.219535,-0.023037
224328.229533,0.049636
224328.239525,0.097287
224328.249520,0.130177
224328.259512,0.149674
224328.269504,0.152864
224328.279490,0.139833
224328.289490,0.121722
224328.299482,0.107219
224328.309485,0.100273
224328.319469,0.089853
224328.329461,0.078661
224328.339462,0.068513
224328.349449,0.060928
224328.359441,0.039833
224328.369439,0.021171
224328.379427,0.014698
224328.389419,0.014179
224328.399423,-0.005891
224328.409406,-0.020541
224328.419398,-0.036529
224328.429384,-0.044344
224328.439384,-0.052556
224328.449376,-0.073965
224328.459380,-0.082106
224328.469364,-0.069623
224328.479356,-0.052515
224328.489338,-0.039656
224328.499342,-0.033929
224328.509334,-0.042331
224328.519330,-0.037709
224328.529320,-0.025050
224328.539312,-0.011588
224328.549294,-0.002979
224328.559308,0.003431
224328.569300,0.003159
224328.579280,0.002358
224328.589268,-0.004412
224328.599260,-0.005324
224328.609261,0.479095
224328.619248,0.662640
224328.629240,0.392350
224328.639229,-0.105875
224328.649237,-0.256490
224328.659229,-0.083059
224328.669216,0.137659
224328.679215,0.166099
224328.689207,0.070565
224328.699196,0.049456
224328.709195,0.096497
224328.719187,0.128023
224328.729165,0.117906
224328.739175,0.080689
224328.749167,0.025804
224328.759163,-0.028724
224328.769152,-0.102510
224328.779144,-0.195340
224328.789141,-0.259152
224328.799132,-0.275387
224328.809124,-0.269475
224328.819100,-0.259330
224328.829110,-0.230899
224328.839102,-0.187043
224328.849099,-0.142821
224328.859089,-0.118392
224328.869081,-0.110794
224328.879067,-0.127155
224328.889068,-0.156534
224328.899060,-0.172466
224328.909058,-0.189161
224328.919046,-0.195289
224328.929038,-0.189779
224328.939034,-0.164131
224328.949025,-0.130568
224328.959017,-0.091809
224328.968996,-0.046383
224328.978990,0.001492
224328.988982,0.075125
224328.999000,0.133177
224329.008983,0.171786
224329.018975,0.192113
224329.028969,0.184567
224329.038963,0.157426
224329.048955,0.135297
224329.058955,0.118176
224329.068941,0.113778
224329.078933,0.109804
224329.088936,0.113949
224329.098921,0.110115
224329.108913,0.106827
224329.118897,0.103738
224329.128899,0.097696
224329.138891,0.085068
224329.148884,0.072076
224329.158878,0.051409
224329.168870,0.026684
224329.178872,0.005768
224329.188857,-0.007766
224329.198849,-0.035479
224329.208830,-0.054291
224329.218836,-0.061363
224329.228828,-0.052078
224329.238808,-0.047182
224329.248814,-0.043662
224329.258806,-0.038715
224329.268800,-0.027316
224329.278794,-0.023823
224329.288786,-0.022387
224329.298771,-0.018772
224329.308772,-0.013012
224329.318764,0.001286
224329.328758,0.011160
224329.338751,0.021967
224329.348743,0.035279
224329.358736,0.052418
224329.368730,0.518740
224329.378722,0.832544
224329.388715,0.632791
224329.398708,0.054848
224329.408700,-0.215093
224329.418696,-0.132089
224329.428696,0.029533
224329.438688,0.080071
224329.448674,-0.067130
224329.458668,-0.186132
224329.468660,-0.237008
224329.478653,-0.257673
224329.488628,-0.270588
224329.498620,-0.287393
224329.508632,-0.282780
224329.518625,-0.261502
224329.528617,-0.213926
224329.538610,-0.169796
224329.548603,-0.154989
224329.558595,-0.138087
224329.568582,-0.103144
224329.578583,-0.079447
224329.588575,-0.077222
224329.598568,-0.083424
224329.608568,-0.086631
224329.618560,-0.087935
224329.628548,-0.088659
224329.638541,-0.085010
224329.648533,-0.078870
224329.658526,-0.082561
224329.668519,-0.084852
224329.678511,-0.049880
224329.688504,0.008130
224329.698499,0.088764
224329.708491,0.162895
224329.718484,0.195141
224329.728477,0.186233
224329.738469,0.152878
224329.748463,0.124296
224329.758457,0.105982
224329.768449,0.093770
224329.778441,0.086505
224329.788430,0.083876
224329.798422,0.080868
224329.808419,0.079211
224329.818413,0.069420
224329.828405,0.053339
224329.838399,0.040412
224329.848393,0.039506
224329.858385,0.034754
224329.868384,0.018740
224329.878371,-0.010034
224329.888363,-0.031532
224329.898357,-0.044016
224329.908350,-0.055706
224329.918342,-0.058740
224329.928322,-0.060537
224329.938330,-0.064709
224329.948322,-0.066796
224329.958315,-0.060482
224329.968308,-0.056579
224329.978300,-0.051115
224329.988289,-0.048790
224329.998288,-0.045337
224330.008280,-0.053300
224330.018273,-0.056389
224330.028266,-0.053105
224330.038258,-0.043050
224330.048256,-0.032604
224330.058245,-0.026534
224330.068237,-0.017406
224330.078231,-0.005830
224330.088224,0.005196
224330.098216,0.009027
224330.108210,0.015193
224330.118215,0.019412
224330.128207,0.022599
224330.138188,0.014241
224330.148181,0.015807
224330.158173,0.157852
224330.168148,0.662442
224330.178160,0.699597
224330.188152,0.358221
224330.198146,-0.017089
224330.208138,-0.101952
224330.218130,0.041606
224330.228125,0.181130
224330.238117,0.126064
224330.248109,-0.012659
224330.258105,-0.082403
224330.268091,-0.094003
224330.278083,-0.107647
224330.288082,-0.165136
224330.298075,-0.225035
224330.308067,-0.256616
224330.318062,-0.253235
224330.328041,-0.231846
224330.338033,-0.189770
224330.348041,-0.134190
224330.358046,-0.076820
224330.368038,-0.024820
224330.378020,0.001937
224330.388005,0.007283
224330.397997,-0.009809
224330.407998,-0.029825
224330.417986,-0.055633
224330.427978,-0.087191
224330.437967,-0.101570
224330.447954,-0.106583
224330.457946,-0.094687
224330.467956,-0.093605
224330.477950,-0.103238
224330.487942,-0.096158
224330.497935,-0.079419
224330.507928,-0.063060
224330.517920,-0.033101
224330.527914,0.009804
224330.537895,0.065796
224330.547887,0.121978
224330.557900,0.152604
224330.567886,0.139289
224330.577878,0.108321
224330.587871,0.086581
224330.597866,0.069426
224330.607858,0.048812
224330.617834,0.033222
224330.627844,0.023300
224330.637836,0.019501
224330.647831,0.013682
224330.657824,0.006694
224330.667816,-0.000377
224330.677809,-0.007668
224330.687802,-0.014329
224330.697794,-0.012547
224330.707788,-0.014890
224330.717782,-0.013588
224330.727774,-0.018883
224330.737766,-0.023618
224330.747760,-0.020415
224330.757752,-0.030709
224330.767756,-0.040963
224330.777739,-0.037702
224330.787731,-0.031732
224330.797731,-0.034587
224330.807719,-0.044525
224330.817711,-0.052637
224330.827703,-0.055741
224330.837697,-0.050084
224330.847689,-0.038968
224330.857673,-0.029168
224330.867675,-0.023168
224330.877667,-0.025784
224330.887661,-0.016290
224330.897655,0.003484
224330.907647,0.021570
224330.917640,0.043470
224330.927634,0.063498
224330.937626,0.077533
224330.947620,0.086377
224330.957612,0.095090
224330.967604,0.101007
224330.977598,0.094942
224330.987590,0.101203
224330.997582,0.118076
224331.007577,0.113103
224331.017570,0.103667
224331.027562,0.447890
224331.037544,0.742360
224331.047543,0.536403
224331.057535,0.069085
224331.067535,-0.164145
224331.077522,-0.122080
224331.087514,-0.003480
224331.097514,0.040621
224331.107518,-0.003618
224331.117510,-0.039643
224331.127498,-0.019826
224331.137480,-0.005349
224331.147472,-0.034517
224331.157466,-0.093929
224331.167467,-0.154088
224331.177459,-0.191737
224331.187450,-0.216492
224331.197456,-0.233591
224331.207448,-0.230762
224331.217287,-0.207371
224331.227279,-0.160163
224331.237271,-0.129429
224331.247265,-0.120380
224331.257268,-0.133746
224331.267260,-0.163904
224331.277245,-0.179708
224331.287230,-0.175100
224331.297222,-0.174598
224331.307223,-0.176616
224331.317207,-0.168876
224331.327199,-0.144891
224331.337202,-0.116284
224331.347190,-0.076549
224331.357182,-0.025353
224331.367181,0.034115
224331.377172,0.071041
224331.387164,0.074663
224331.397160,0.056737
224331.407146,0.031154
224331.417138,0.022181
224331.427139,0.026237
224331.437130,0.036044
224331.447122,0.053159
224331.457118,0.066084
224331.467098,0.071511
224331.477090,0.081546
224331.487097,0.088992
224331.497097,0.086941
224331.507089,0.076412
224331.517077,0.064448
224331.527064,0.052091
224331.537056,0.037512
224331.547056,0.027321
224331.557033,0.018096
224331.567025,0.013469
224331.577034,0.001178
224331.587032,-0.017436
224331.597024,-0.021020
224331.607013,-0.028578
224331.616996,-0.036129
224331.626988,-0.041915
224331.636992,-0.047801
224331.646969,-0.055873
224331.656961,-0.070484
224331.666971,-0.078377
224331.676967,-0.080971
224331.686959,-0.078722
224331.696950,-0.080530
224331.706928,-0.072117
224331.716920,0.610164
224331.726928,0.676084
224331.736931,0.262881
224331.746923,-0.140360
224331.756920,-0.210156
224331.766902,-0.088520
224331.776894,0.037626
224331.786894,0.054906
224331.796883,0.016479
224331.806875,0.005916
224331.816864,0.043444
224331.826845,0.079096
224331.836837,0.083878
224331.846844,0.065540
224331.856836,0.042032
224331.866828,0.024277
224331.876823,-0.000566
224331.886806,-0.039476
224331.896798,-0.075885
224331.906802,-0.105306
224331.916805,-0.133698
224331.926797,-0.165428
224331.936781,-0.195973
224331.946773,-0.227671
224331.956765,-0.253071
224331.966760,-0.238109
224331.976738,-0.194799
224331.986730,-0.141240
224331.996722,-0.086864
224332.006732,-0.026583
224332.016724,0.011730
224332.026718,0.014202
224332.036711,0.009083
224332.046703,-0.004366
224332.056697,-0.009359
224332.066702,0.004626
224332.076694,0.022734
224332.086676,0.035317
224332.096669,0.052845
224332.106661,0.058858
224332.116655,0.066931
224332.126648,0.065796
224332.136640,0.053352
224332.146634,0.043474
224332.156615,0.036372
224332.166607,0.034473
224332.176613,0.020178
224332.186611,-0.005431
224332.196603,-0.030223
224332.206592,-0.038879
224332.216579,-0.043689
224332.226571,-0.032277
224332.236571,-0.038696
224332.246564,-0.054750
224332.256556,-0.064084
224332.266550,-0.064869
224332.276539,-0.069737
224332.286531,-0.077521
224332.296529,-0.083205
224332.306522,-0.076008
224332.316514,-0.070766
224332.326495,0.073045
224332.336513,0.675075
224332.346505,0.598101
224332.356487,0.146172
224332.366480,-0.208471
224332.376472,-0.216544
224332.386466,-0.055003
224332.396437,0.077003
224332.406429,0.060385
224332.416444,-0.039563
224332.426438,-0.109539
224332.436430,-0.130994
224332.446423,-0.136666
224332.456417,-0.151474
224332.466409,-0.171637
224332.476402,-0.168007
224332.486395,-0.142954
224332.496387,-0.116142
224332.506380,-0.091281
224332.516375,-0.065614
224332.526367,-0.027614
224332.536364,-0.003037
224332.546354,0.002672
224332.556346,-0.008259
224332.566328,-0.019824
224332.576333,-0.016119
224332.586325,-0.007373
224332.596328,0.001862
224332.606313,0.007751
224332.616305,0.017653
224332.626297,0.025982
224332.636291,0.029640
224332.646283,0.020935
224332.656271,0.017255
224332.666269,0.021766
224332.676261,0.026447
224332.686256,0.029087
224332.696248,0.015925
224332.706240,0.000938
224332.716234,-0.002296
224332.726222,-0.003182
224332.736214,-0.004965
224332.746213,0.000037
224332.756206,0.007020
224332.766198,0.003556
224332.776192,-0.008714
224332.786186,-0.018571
224332.796178,-0.017827
224332.806170,-0.007949
224332.816164,-0.001043
224332.826156,-0.000951
224332.836150,-0.013641
224332.846143,-0.021159
224332.856135,-0.024078
224332.866128,-0.022094
224332.876122,-0.020526
224332.886114,-0.023104
224332.896107,-0.015972
224332.906101,-0.007093
224332.916093,-0.002175
224332.926086,-0.006934
224332.936079,-0.008523
224332.946071,-0.000642
224332.956065,-0.002859
224332.966067,-0.013201
224332.976059,-0.022617
224332.986043,-0.018368
224332.996029,-0.007588
224333.006021,0.006909
224333.016022,0.000858
224333.026028,-0.005563
224333.036020,0.006020
224333.045997,0.013954
224333.055996,0.019482
224333.065988,0.031103
224333.075975,0.011751
224333.085974,0.001100
224333.095966,-0.002525
224333.105972,0.002915
224333.115954,0.010600
224333.125946,0.006776
224333.135943,-0.009725
224333.145932,-0.017989
224333.155924,-0.016418
224333.165918,-0.009246
224333.175913,-0.006733
224333.185905,-0.002764
224333.195907,-0.006733
224333.205891,-0.014879
224333.215883,-0.020999
224333.225875,-0.025313
224333.235870,-0.023807
224333.245862,-0.027220
224333.255865,-0.029779
224333.265849,-0.029346
224333.275841,-0.028060
224333.285823,-0.023422
224333.295828,-0.019408
224333.305820,-0.017115
224333.315814,-0.008529
224333.325807,-0.001296
224333.335799,0.002026
224333.345808,0.004077
224333.355788,0.006697
224333.365780,0.005252
224333.375762,0.006185
224333.385769,0.004801
224333.395761,0.011707
224333.405745,0.013627
224333.415743,0.009149
224333.425735,0.007045
224333.435725,0.007742
224333.445722,0.005508
224333.455714,0.004278
224333.465701,0.004758
224333.475702,-0.002517
224333.485694,-0.011279
224333.495672,-0.013717
224333.505681,-0.020986
224333.515673,-0.022028
224333.525652,-0.021530
224333.535660,-0.027145
224333.545652,-0.033813
224333.555632,-0.035648
224333.565639,-0.033141
224333.575631,-0.025555
224333.585619,-0.016974
224333.595618,-0.002389
224333.605610,-0.004401
224333.615588,-0.003957
224333.625597,-0.003866
224333.635589,-0.005305
224333.645587,-0.010292
224333.655576,-0.013041
224333.665568,-0.015096
224333.675555,-0.009170
224333.685561,-0.004273
224333.695553,-0.000401
224333.705541,-0.001571
224333.715529,-0.009615
224333.725521,-0.016728
224333.735518,-0.017081
224333.745512,-0.017879
224333.755504,-0.023706
224333.765484,-0.018040
224333.775485,-0.015635
224333.785477,-0.014219
224333.795482,-0.012634
224333.805476,-0.013905
224333.815468,-0.011067
224333.825457,-0.009831
224333.835443,-0.006278
224333.845435,0.001420
224333.855425,0.005743
224333.865428,0.014253
224333.875420,0.010408
224333.885424,0.011902
224333.895412,0.009077
224333.905404,0.004741
224333.915392,0.009530
224333.925386,0.013123
224333.935378,0.007636
224333.945373,0.002400
224333.955365,0.000236
224333.965357,-0.001884
224333.975335,-0.012637
224333.985345,-0.011584
224333.995337,-0.000965
224334.005325,-0.006099
224334.015323,-0.005472
224334.025315,0.002413
224334.035293,0.004717
224334.045302,-0.001442
224334.055294,-0.009995
224334.065288,-0.013088
224334.075281,-0.017097
224334.085273,-0.021126
224334.095263,-0.017788
224334.105260,-0.019308
224334.115252,-0.020515
224334.125246,-0.020161
224334.135239,-0.008157
224334.145231,0.045935
224334.155230,0.037301
224334.165217,0.028340
224334.175209,0.013924
224334.185203,0.018802
224334.195196,0.015549
224334.205188,0.004708
224334.215178,0.001375
224334.225177,-0.007241
224334.235169,-0.014859
224334.245162,-0.024334
224334.255155,-0.033070
224334.265147,-0.033860
224334.275133,-0.036416
224334.285134,-0.040098
