224210.594226,-0.115604
224210.604229,-0.092483
224210.614233,-0.078570
224210.624225,-0.069212
224210.634206,-0.074812
224210.644201,-0.093900
224210.654193,-0.109483
224210.664185,-0.120121
224210.674178,-0.119617
224210.684170,-0.105544
224210.694162,-0.103623
224210.704138,-0.108912
224210.714130,-0.090541
224210.724148,-0.065665
224210.734135,-0.067991
224210.744127,-0.081639
224210.754117,-0.085569
224210.764106,-0.102281
224210.774098,-0.095199
224210.784106,-0.078354
224210.794072,-0.083171
224210.804064,-0.092548
224210.814080,-0.083180
224210.824067,-0.074624
224210.834059,-0.075643
224210.844051,0.161301
224210.854044,-0.002096
224210.864036,-0.045437
224210.874029,0.008255
224210.884024,-0.057528
224210.894016,-0.044713
224210.904007,-0.021147
224210.914000,0.024707
224210.923992,-0.086726
224210.933985,-0.180152
224210.943979,-0.150832
224210.953971,-0.139265
224210.963963,-0.162758
224210.973944,-0.186735
224210.983936,-0.110567
224210.993942,-0.066262
224211.003942,-0.046968
224211.013934,-0.046389
224211.023920,-0.073793
224211.033912,-0.075064
224211.043904,-0.074692
224211.053897,-0.083212
224211.063891,-0.091490
224211.073883,-0.077334
224211.083875,-0.086484
224211.093868,-0.058197
224211.103860,-0.017687
224211.113853,-0.012109
224211.123846,-0.021448
224211.133838,-0.019650
224211.143831,0.008490
224211.153823,-0.000611
224211.163815,-0.022995
224211.173809,-0.051970
224211.183807,-0.088866
224211.193799,-0.047839
224211.203674,-0.040360
224211.213662,-0.034363
224211.223654,-0.027328
224211.233662,-0.042327
224211.243658,-0.060857
224211.253650,-0.072202
224211.263636,-0.042941
224211.273629,-0.026075
224211.283621,-0.023608
224211.293614,-0.023083
224211.303610,-0.038004
224211.313602,-0.023334
224211.323592,0.018540
224211.333585,0.019553
224211.343577,0.008974
224211.353570,-0.003885
224211.363550,-0.013060
224211.373542,-0.016120
224211.383557,-0.042065
224211.393541,-0.055420
224211.403533,-0.039092
224211.413526,-0.040548
224211.423513,-0.045123
224211.433505,-0.041697
224211.443505,-0.026914
224211.453497,-0.024708
224211.463489,-0.010219
224211.473482,0.028477
224211.483475,0.027496
224211.493467,-0.038985
224211.503461,-0.063737
224211.513448,-0.045515
224211.523440,-0.019119
224211.533438,-0.011539
224211.543441,-0.006911
224211.553433,-0.011665
224211.563417,-0.012244
224211.573410,-0.014473
224211.583402,-0.007056
224211.593395,-0.007163
224211.603384,-0.006762
224211.613376,0.007575
224211.623372,0.007740
224211.633352,0.003808
224211.643344,-0.010572
224211.653350,-0.030300
224211.663343,-0.054154
224211.673335,-0.039460
224211.683327,-0.032396
224211.693321,-0.027342
224211.703313,-0.023685
224211.713305,-0.030900
224211.723300,-0.036467
224211.733292,-0.030170
224211.743273,-0.009187
224211.753278,0.002763
224211.763270,-0.027919
224211.773262,-0.053725
224211.783256,-0.051515
224211.793248,-0.042542
224211.803234,-0.043880
224211.813234,-0.050818
224211.823226,-0.062693
224211.833219,-0.051724
224211.843212,-0.048297
224211.853204,-0.042052
224211.863197,-0.036864
224211.873189,-0.019970
224211.883181,0.003630
224211.893174,0.072096
224211.903168,0.002115
224211.913160,-0.078864
224211.923152,-0.054126
224211.933145,-0.031435
224211.943137,-0.038667
224211.953130,-0.032065
224211.963124,-0.021383
224211.973116,-0.029103
224211.983108,-0.035684
224211.993102,-0.044010
224212.003094,-0.026248
224212.013085,-0.021763
224212.023079,-0.010876
224212.033071,-0.009873
224212.043072,-0.037204
224212.053058,-0.067227
224212.063050,-0.066919
224212.073036,-0.041997
224212.083036,-0.029986
224212.093028,-0.024566
224212.103032,-0.011398
224212.113026,-0.008165
224212.123018,-0.019690
224212.133008,-0.044382
224212.142983,-0.053079
224212.152975,-0.044039
224212.162985,-0.032316
224212.172961,-0.007723
224212.182953,0.007986
224212.192941,0.009339
224212.202949,0.014463
224212.212941,0.013750
224212.222933,0.012079
224212.232931,0.034418
224212.242923,0.030196
224212.252909,0.002188
224212.262904,-0.004824
224212.272896,-0.000335
224212.282879,0.010509
224212.292882,0.021966
224212.302874,0.026017
224212.312877,0.028255
224212.322860,0.014427
224212.332852,-0.006827
224212.342835,-0.015877
224212.352838,-0.012060
224212.362830,-0.016733
224212.372819,-0.026285
224212.382817,-0.039655
224212.392809,-0.051833
224212.402813,-0.051449
224212.412795,-0.048033
224212.422787,-0.054671
224212.432782,-0.052374
224212.442777,-0.045624
224212.452769,-0.028576
224212.462749,0.005534
224212.472751,0.017785
224212.482743,0.007036
224212.492725,-0.001418
224212.502729,-0.014694
224212.512721,-0.024866
224212.522728,-0.027480
224212.532706,-0.028734
224212.542698,-0.035340
224212.552680,-0.029389
224212.562685,-0.031912
224212.572677,-0.020422
224212.582658,0.006413
224212.592663,0.024080
224212.602655,0.013055
224212.612646,-0.008437
224212.622641,0.009728
224212.632633,0.018176
224212.642622,0.020957
224212.652620,0.013876
224212.662612,0.019543
224212.672589,0.011218
224212.682598,0.007686
224212.692590,0.004442
224212.702587,0.004219
224212.712576,0.016018
224212.722568,-0.000824
224212.732556,-0.020251
224212.742553,-0.003828
224212.752545,0.016979
224212.762523,-0.115119
224212.772532,-0.033643
224212.782524,-0.018577
224212.792523,-0.050166
224212.802510,-0.034934
224212.812502,-0.029408
224212.822491,-0.031310
224212.832487,-0.021840
224212.842479,-0.038915
224212.852459,-0.030152
224212.862465,-0.045524
224212.872457,-0.072257
224212.882452,-0.068239
224212.892455,-0.099700
224212.902447,-0.110596
224212.912423,-0.084138
224212.922417,-0.057185
224212.932409,0.000025
224212.942395,0.027946
224212.952399,0.036638
224212.962391,0.030917
224212.972393,-0.000704
224212.982382,-0.032895
224212.992374,-0.084737
224213.002356,-0.078515
224213.012356,-0.072394
224213.022348,-0.059706
224213.032323,-0.048301
224213.042335,-0.026383
224213.052327,-0.008090
224213.062329,0.015498
224213.072312,0.028218
224213.082304,0.019195
224213.092297,0.035841
224213.102273,0.059873
224213.112265,0.074208
224213.122268,0.065718
224213.132268,0.052004
224213.142260,0.031924
224213.152254,0.009823
224213.162247,0.015922
224213.172239,0.020609
224213.182225,0.029582
224213.192225,0.031183
224213.202217,0.003540
224213.212210,-0.010957
224213.222203,0.010210
224213.232195,0.027192
224213.242199,0.017810
224213.252179,0.008155
224213.262171,0.011788
224213.272165,-0.008124
224213.282158,-0.027559
224213.292150,-0.029845
224213.302146,-0.034656
224213.312137,-0.050149
224213.322129,-0.037123
224213.332122,-0.038783
224213.342115,-0.045242
224213.352107,-0.046664
224213.362102,-0.058750
224213.372093,-0.082714
224213.382085,-0.103855
224213.392077,-0.114092
224213.402072,-0.100772
224213.412064,-0.077021
224213.422039,-0.051849
224213.432048,-0.013177
224213.442040,0.033591
224213.452034,0.082109
224213.462028,0.120472
224213.472020,0.121388
224213.482006,0.099839
224213.492006,0.077924
224213.501998,0.065474
224213.511975,0.052251
224213.521984,0.033901
224213.531976,0.019698
224213.541978,0.014517
224213.551962,0.011997
224213.561954,0.017136
224213.571947,0.004705
224213.581939,-0.006933
224213.591931,-0.037014
224213.601925,-0.064897
224213.611918,-0.081950
224213.621910,-0.118897
224213.631903,-0.150505
224213.641895,-0.163657
224213.651887,-0.169203
224213.661880,-0.194915
224213.671873,-0.197817
224213.681865,-0.172148
224213.691859,-0.123101
224213.701863,-0.065407
224213.711855,-0.001778
224213.721837,0.085307
224213.731824,0.094282
224213.741816,0.074985
224213.751801,0.116487
224213.761788,0.120244
224213.771780,0.126672
224213.781794,0.123041
224213.791769,0.116680
224213.801761,0.107060
224213.811772,0.089471
224213.821764,0.073650
224213.831756,0.056288
224213.841749,0.052365
224213.851742,0.049662
224213.861734,0.040036
224213.871728,0.026797
224213.881720,0.004599
224213.891712,-0.023509
224213.901706,-0.046359
224213.911698,-0.044926
224213.921690,-0.039125
224213.931683,-0.038051
224213.941677,-0.029537
224213.951669,-0.020428
224213.961661,-0.017261
224213.971655,-0.033181
224213.981647,-0.028471
224213.991639,-0.014462
224214.001633,-0.007630
224214.011625,0.003396
224214.021618,0.009197
224214.031612,0.000306
224214.041604,-0.011759
224214.051596,-0.017814
224214.061588,-0.030238
224214.071580,-0.051284
224214.081574,-0.069321
224214.091568,-0.067257
224214.101560,-0.061500
224214.111551,-0.064086
224214.121545,-0.055320
224214.131537,-0.036091
224214.141535,-0.024907
224214.151523,-0.010363
224214.161515,0.018152
224214.171507,0.037310
224214.181501,0.039985
224214.191493,0.033948
224214.201486,0.035669
224214.211478,0.038811
224214.221470,0.026686
224214.231465,0.014960
224214.241456,0.004894
224214.251448,0.006945
224214.261443,0.013001
224214.271435,0.012173
224214.281427,0.007488
224214.291420,0.008943
224214.301408,0.009638
224214.311400,-0.005943
224214.321391,-0.715251
224214.331385,-0.370523
224214.341377,-0.268304
224214.351377,-0.134165
224214.361382,-0.016732
224214.371374,0.015672
224214.381347,0.045266
224214.391347,0.043849
224214.401339,0.064721
224214.411334,0.089814
224214.421327,0.089442
224214.431319,0.086890
224214.441311,0.116017
224214.451304,0.136325
224214.461296,0.159161
224214.471290,0.184781
224214.481292,0.202254
224214.491284,0.246034
224214.501268,0.237732
224214.511257,0.143134
224214.521249,0.056343
224214.531246,-0.025799
224214.541233,-0.086144
224214.551225,-0.115526
224214.561223,-0.124690
224214.571231,-0.128056
224214.581223,-0.131243
224214.591202,-0.115813
224214.601180,-0.088328
224214.611172,-0.065269
224214.621180,-0.052131
224214.631163,-0.038278
224214.641155,-0.021371
224214.651166,0.004583
224214.661153,0.024885
224214.671145,0.017463
224214.681136,0.015539
224214.691122,0.011599
224214.701114,0.001712
224214.711115,-0.007342
224214.721090,-0.006037
224214.731082,0.003995
224214.741092,0.008818
224214.751089,0.007516
224214.761081,0.015080
224214.771070,-0.000873
224214.781061,-0.003506
224214.791053,0.006034
224214.801048,0.019516
224214.811025,0.024834
224214.821017,0.027113
224214.831026,0.020027
224214.841024,0.002935
224214.851016,0.005742
224214.861004,0.009691
224214.870992,0.023823
224214.880984,0.025399
224214.890983,0.011821
224214.900961,0.003793
224214.910953,0.010303
224214.920961,0.003455
224214.930958,-0.027223
224214.940950,-0.056881
224214.950932,-1.071846
224214.960928,-0.379440
224214.970920,-0.213780
224214.980916,-0.034768
224214.990896,0.088691
224215.000888,0.119026
224215.010907,0.154572
224215.020895,0.163042
224215.030887,0.160612
224215.040864,0.139469
224215.050877,0.123188
224215.060869,0.103962
224215.070851,0.103699
224215.080831,0.105630
224215.090823,0.074533
224215.100830,0.049377
224215.110827,0.029178
224215.120819,-0.000915
224215.130810,-0.016674
224215.140798,-0.029226
224215.150790,-0.036973
224215.160786,-0.041858
224215.170767,-0.050534
224215.180759,-0.053007
224215.190764,-0.054659
224215.200765,-0.038372
224215.210757,-0.034601
224215.220742,-0.048678
224215.230735,-0.048236
224215.240727,-0.043228
224215.250720,-0.037944
224215.260715,-0.036772
224215.270707,-0.029981
224215.280698,-0.025230
224215.290690,-0.019188
224215.300682,-0.014174
224215.310677,-0.018375
224215.320659,-0.021802
224215.330651,-0.028729
224215.340636,-0.028576
224215.350637,-0.015840
224215.360629,0.004307
224215.370633,0.014917
224215.380636,0.003267
224215.390628,-0.016616
224215.400611,-0.018746
224215.410604,0.000471
224215.420596,0.003482
224215.430590,-0.002807
224215.440572,-0.009957
224215.450564,-0.004839
224215.460553,0.003629
224215.470554,0.020178
224215.480546,0.014803
224215.490545,-0.003371
224215.500544,-0.017546
224215.510536,-0.018335
224215.520524,-0.022796
224215.530508,-0.030814
224215.540500,-0.034108
224215.550501,-0.013101
224215.560495,-0.002188
224215.570487,-0.004932
224215.580479,-0.002253
224215.590474,-0.003947
224215.600466,-0.009431
224215.610457,0.001037
224215.620450,0.013033
224215.630442,0.006284
224215.640436,-0.004621
224215.650422,-0.011103
224215.660414,-0.009389
224215.670414,-0.011529
224215.680407,-0.028390
224215.690399,-0.037475
224215.700391,-0.032616
224215.710367,-0.020212
224215.720359,-0.552237
224215.730370,-0.441701
224215.740362,-0.160282
224215.750354,-0.117768
224215.760349,0.059606
224215.770341,0.140071
224215.780333,0.164174
224215.790326,0.184456
224215.800320,0.221249
224215.810312,0.229563
224215.820304,0.211510
224215.830298,0.189331
224215.840290,0.157838
224215.850282,0.120404
224215.860276,0.083510
224215.870268,0.040934
224215.880254,0.018730
224215.890238,-0.082607
224215.900230,-0.101130
224215.910245,-0.084261
224215.920231,-0.070543
224215.930223,-0.058838
224215.940216,-0.038789
224215.950209,-0.036442
224215.960201,-0.040430
224215.970191,-0.038513
224215.980188,-0.031361
224215.990180,-0.024252
224216.000174,-0.027839
224216.010166,-0.022267
224216.020158,-0.018052
224216.030151,-0.023150
224216.040133,-0.023182
224216.050125,-0.012271
224216.060130,0.001362
224216.070123,-0.007749
224216.080115,-0.037419
224216.090107,-0.032053
224216.100100,-0.005547
224216.110092,0.009049
224216.120086,0.010639
224216.130078,0.019757
224216.140070,0.029478
224216.150063,0.022295
224216.160056,0.008474
224216.170048,0.011854
224216.180042,0.012045
224216.189878,-0.004274
224216.199870,-0.023625
224216.209863,-0.026671
224216.219857,-0.016823
224216.229849,-0.019346
224216.239842,-0.016258
224216.249835,-0.006517
224216.259827,-0.000129
224216.269821,0.004790
224216.279812,0.006224
224216.289804,0.000136
224216.299801,0.000498
224216.309789,-0.004049
224216.319781,-0.013275
224216.329777,-0.017004
224216.339761,-0.010108
224216.349753,0.000622
224216.359754,0.002759
224216.369747,-0.007489
224216.379739,-0.008826
224216.389732,-0.001847
224216.399736,0.005115
224216.409728,0.001042
224216.419710,0.009444
224216.429704,-0.006312
224216.439696,-0.024284
224216.449688,-0.040823
224216.459681,-0.428443
224216.469673,-0.456947
224216.479666,-0.105149
224216.489660,-0.094039
224216.499652,0.078267
224216.509644,0.156971
224216.519625,0.197485
224216.529617,0.215005
224216.539622,0.227663
224216.549617,0.203000
224216.559609,0.170141
224216.569595,0.139896
224216.579594,0.107858
224216.589586,0.054919
224216.599590,0.006700
224216.609563,-0.016607
224216.619555,-0.043409
224216.629541,-0.078970
224216.639550,-0.085877
224216.649542,-0.081860
224216.659524,-0.078286
224216.669529,-0.069271
224216.679521,-0.057352
224216.689523,-0.053038
224216.699504,-0.050472
224216.709496,-0.040659
224216.719491,-0.033878
224216.729485,-0.021742
224216.739477,-0.018928
224216.749466,-0.024675
224216.759463,-0.021897
224216.769455,-0.020356
224216.779448,-0.005215
224216.789441,0.003474
224216.799433,0.002604
224216.809426,-0.005773
224216.819420,-0.004176
224216.829412,0.006668
224216.839393,0.012737
224216.849382,0.013286
224216.859374,0.009119
224216.869393,0.012830
224216.879376,0.025676
224216.889368,0.029103
224216.899356,0.017977
224216.909354,0.005804
224216.919346,-0.000380
224216.929330,-0.006916
224216.939332,-0.023079
224216.949324,-0.017324
224216.959328,-0.003219
224216.969310,0.001250
224216.979302,0.005192
224216.989296,0.009725
224216.999288,0.007655
224217.009280,-0.018095
224217.019265,-0.025193
224217.029266,-0.016619
224217.039258,-0.024663
224217.049233,-0.036087
224217.059244,-0.026367
224217.069236,-0.010136
224217.079232,0.000154
224217.089221,-0.000315
224217.099213,-0.007381
224217.109200,-0.006080
224217.119212,-0.004038
224217.129204,-0.008816
224217.139169,-0.002960
224217.149173,0.001133
224217.159165,0.009803
224217.169167,0.005682
224217.179146,-0.001111
224217.189138,0.006090
224217.199136,0.015214
224217.209135,0.015679
224217.219127,0.009433
224217.229105,0.008458
224217.239113,0.013104
224217.249105,0.007391
224217.259109,0.004297
224217.269091,0.008261
224217.279083,0.005988
224217.289070,-0.005028
224217.299069,0.003312
224217.309061,0.007007
224217.319039,-0.003188
224217.329047,-0.006528
224217.339039,-0.142827
224217.349038,-1.003547
224217.359025,-0.108993
224217.369017,-0.203969
224217.379006,-0.064669
224217.389004,0.099010
224217.398996,0.171070
224217.408971,0.207296
224217.418981,0.195911
224217.428973,0.161507
224217.438973,0.145384
224217.448960,0.141543
224217.458952,0.135651
224217.468941,0.138448
224217.478938,0.128938
224217.488930,0.133946
224217.498909,0.150984
224217.508928,0.137672
224217.518920,0.094676
224217.528908,0.043710
224217.538894,0.002766
224217.548886,-0.029811
224217.558877,-0.058663
224217.568852,-0.080993
224217.578844,-0.109550
224217.588845,-0.117367
224217.598851,-0.113490
224217.608843,-0.105335
224217.618836,-0.099960
224217.628828,-0.088056
224217.638820,-0.068440
224217.648823,-0.048149
224217.658806,-0.036630
224217.668798,-0.035987
224217.678779,-0.030508
224217.688785,-0.014787
224217.698777,-0.002164
224217.708779,-0.001712
224217.718764,-0.002474
224217.728756,0.006586
224217.738749,0.019986
224217.748742,0.026282
224217.758734,0.009884
224217.768716,-0.005638
224217.778720,0.003533
224217.788712,0.010371
224217.798705,0.000152
224217.808698,-0.006103
224217.818690,0.007571
224217.828688,0.017725
224217.838676,0.006430
224217.848668,0.005189
224217.858648,0.004772
224217.868653,-0.004710
224217.878645,-0.010232
224217.888637,-0.010148
224217.898625,-0.002220
224217.908617,0.003302
224217.918617,0.004152
224217.928616,0.001342
224217.938608,-0.006002
224217.948596,-0.010386
224217.958578,-0.016524
224217.968570,-0.011492
224217.978573,-0.007660
224217.988566,-0.006145
224217.998558,-0.003929
224218.008552,-0.002732
224218.018541,-0.002895
224218.028533,-0.011921
224218.038530,-0.019134
224218.048523,-0.018614
224218.058515,-0.008221
224218.068508,-0.000715
224218.078501,-0.003101
224218.088493,0.004859
224218.098486,0.008205
224218.108479,0.000930
224218.118471,0.005161
224218.128464,0.010965
224218.138456,0.007078
224218.148448,-0.001183
224218.158442,-0.023840
224218.168432,-0.034816
224218.178424,-0.034685
224218.188421,-0.035985
224218.198413,-0.034379
224218.208405,-0.348040
224218.218398,-0.406198
224218.228391,-0.001814
224218.238383,-0.161443
224218.248376,-0.006531
224218.258370,0.066635
224218.268362,0.128691
224218.278355,0.169898
224218.288348,0.190463
224218.298340,0.202187
224218.308331,0.198165
224218.318326,0.166142
224218.328318,0.111729
224218.338317,0.065262
224218.348305,0.020435
224218.358297,-0.017555
224218.368289,-0.045746
224218.378282,-0.072393
224218.388274,-0.085976
224218.398258,-0.085701
224218.408260,-0.084098
224218.418252,-0.079441
224218.428245,-0.061422
224218.438239,-0.031786
224218.448231,-0.017133
224218.458224,-0.010824
224218.468217,-0.002445
224218.478209,-0.000358
224218.488201,-0.000599
224218.498187,0.001234
224218.508179,-0.005493
224218.518180,-0.005827
224218.528172,-0.001653
224218.538164,-0.008855
224218.548158,-0.021067
224218.558152,-0.013850
224218.568144,-0.006207
224218.578136,0.002931
224218.588129,-0.004831
224218.598121,-0.016124
224218.608114,-0.005884
224218.618106,0.004763
224218.628098,0.004497
224218.638092,-0.006725
224218.648085,-0.017974
224218.658077,-0.012007
224218.668071,0.000839
224218.678063,0.006994
224218.688055,0.015089
224218.698048,-0.007243
224218.708048,-0.021882
224218.718040,-0.008201
224218.728027,0.002404
224218.738024,0.001511
224218.748016,-0.017597
224218.758005,-0.027691
224218.768005,-0.015172
224218.777997,-0.004597
224218.787984,-0.005639
224218.797970,-0.005396
224218.807962,-0.003481
224218.817961,-0.003935
224218.827959,-0.006302
224218.837951,-0.000939
224218.847927,0.006334
224218.857915,0.015080
224218.867907,0.010631
224218.877918,0.000653
224218.887896,0.001755
224218.897888,0.006582
224218.907886,0.003330
224218.917894,-0.004178
224218.927886,-0.011567
224218.937874,-0.005077
224218.947874,-0.158039
224218.957866,-1.145028
224218.967852,-0.152911
224218.977830,-0.092704
224218.987822,0.006404
224218.997831,0.202702
224219.007830,0.255089
224219.017822,0.288518
224219.027808,0.313373
224219.037798,0.320305
224219.047790,0.302241
224219.057786,0.244083
224219.067769,0.160741
224219.077761,0.094712
224219.087764,0.032122
224219.097764,-0.012244
224219.107756,-0.042385
224219.117749,-0.078607
224219.127733,-0.112640
224219.137725,-0.123603
224219.147727,-0.131637
224219.157730,-0.118378
224219.167722,-0.100564
224219.177700,-0.087388
224219.187700,-0.079872
224219.197692,-0.062589
224219.207680,-0.042089
224219.217669,-0.034021
224219.227661,-0.030121
224219.237655,-0.023702
224219.247637,-0.016250
224219.257629,-0.008976
224219.267634,-0.008877
224219.277636,-0.005971
224219.287628,0.016702
224219.297612,0.022481
224219.307604,0.010201
224219.317596,0.000841
224219.327590,0.000075
224219.337572,0.003632
224219.347564,-0.010082
224219.357569,-0.007844
224219.367570,0.003793
224219.377562,0.007977
224219.387546,-0.006419
224219.397539,-0.006918
224219.407531,0.013038
224219.417525,0.030114
224219.427507,0.030047
224219.437499,0.016518
224219.447503,-0.004350
224219.457506,-0.008955
224219.467498,-0.000163
224219.477482,-0.003763
224219.487479,-0.018022
224219.497471,-0.012189
224219.507459,-0.031500
224219.517446,-0.034921
224219.527438,-0.014986
224219.537438,-0.022064
224219.547413,-0.028436
224219.557405,-0.013390
224219.567414,-0.007094
224219.577400,-0.008639
224219.587392,-0.001460
224219.597393,0.000334
224219.607380,0.000808
224219.617372,0.003422
224219.627372,0.005866
224219.637372,0.000939
224219.647364,0.001790
224219.657350,0.005111
224219.667326,0.008825
224219.677318,0.011744
224219.687328,0.013186
224219.697313,0.013166
224219.707305,-0.553525
224219.717306,-0.475273
224219.727299,-0.160294
224219.737291,-0.135953
224219.747284,-0.034851
224219.757280,0.116304
224219.767272,0.143374
224219.777262,0.168032
224219.787252,0.198640
224219.797244,0.216747
224219.807241,0.232551
224219.817217,0.221821
224219.827209,0.193613
224219.837219,0.148344
224219.847216,0.122820
224219.857208,0.113281
224219.867197,0.069707
224219.877189,0.014486
224219.887181,-0.039493
224219.897187,-0.081705
224219.907168,-0.096784
224219.917160,-0.098790
224219.927153,-0.104430
224219.937151,-0.108018
224219.947143,-0.101168
224219.957121,-0.078311
224219.967125,-0.063636
224219.977117,-0.062572
224219.987110,-0.060400
224219.997088,-0.049722
224220.007080,-0.034898
224220.017075,-0.031732
224220.027081,-0.022756
224220.037073,-0.009270
224220.047067,-0.001243
224220.057042,-0.003533
224220.067034,-0.010472
224220.077044,-0.012975
224220.087037,-0.014609
224220.097029,-0.014402
224220.107023,0.001772
224220.117011,0.012666
224220.127003,0.023239
224220.137001,0.014205
224220.146990,-0.013012
224220.156982,0.001162
224220.166978,0.024999
224220.176972,0.019363
224220.186964,0.020569
224220.196956,0.009206
224220.206949,-0.010402
224220.216941,-0.012972
224220.226935,-0.003293
224220.236928,-0.004315
224220.246920,-0.008345
224220.256914,-0.005979
224220.266907,0.002561
224220.276899,-0.005772
224220.286891,-0.015477
224220.296883,-0.007425
224220.306875,0.001145
224220.316870,-0.000594
224220.326863,-0.002186
224220.336855,0.004431
224220.346848,-0.012972
224220.356840,-0.035172
224220.366832,-0.027005
224220.376827,-0.023736
224220.386828,-0.031692
224220.396820,-0.029076
224220.406804,-0.005937
224220.416797,0.010027
224220.426789,0.017971
224220.436782,0.020981
224220.446775,0.023400
224220.456767,0.024577
224220.466761,0.015065
224220.476753,0.002090
224220.486745,-0.004419
224220.496739,-0.631878
224220.506732,-0.463619
224220.516724,-0.233156
224220.526717,-0.077359
224220.536710,0.083507
224220.546702,0.175679
224220.556694,0.248569
224220.566688,0.284831
224220.576680,0.314181
224220.586673,0.279441
224220.596667,0.208319
224220.606659,0.138390
224220.616652,0.067490
224220.626644,0.011966
224220.636636,-0.020254
224220.646630,-0.040201
224220.656622,-0.063962
224220.666614,-0.086762
224220.676608,-0.091501
224220.686601,-0.084391
224220.696593,-0.069614
224220.706585,-0.059205
224220.716579,-0.047088
224220.726571,-0.038817
224220.736561,-0.017249
224220.746557,-0.001910
224220.756549,-0.001455
224220.766532,0.000027
224220.776535,-0.003461
224220.786527,0.003000
224220.796516,0.006607
224220.806512,0.008107
224220.816504,0.008324
224220.826483,-0.002368
224220.836492,-0.013544
224220.846484,-0.006773
224220.856476,-0.007996
224220.866470,-0.006154
224220.876462,-0.004183
224220.886455,-0.010322
224220.896448,-0.012401
224220.906440,-0.005922
224220.916433,-0.001781
224220.926427,-0.002869
224220.936419,-0.024457
224220.946411,-0.026786
224220.956404,-0.011711
224220.966396,-0.009122
224220.976389,-0.013627
224220.986383,-0.014208
224220.996375,-0.014360
224221.006367,-0.000158
224221.016361,0.019608
224221.026353,0.020566
224221.036344,0.013132
224221.046339,0.013082
224221.056331,0.014570
224221.066323,0.012082
224221.076299,0.007186
224221.086291,-0.003479
224221.096295,-0.031330
224221.106295,-0.031318
224221.116287,-0.021557
224221.126274,-0.026968
224221.136272,-0.046441
224221.146264,-0.045215
224221.156270,-0.029217
224221.166258,-0.008697
224221.176250,0.000142
224221.186093,0.003847
224221.196102,0.006562
224221.206094,0.015084
224221.216074,0.013270
224221.226074,0.011160
224221.236066,0.000560
224221.246059,0.002451
224221.256048,0.001185
224221.266040,-0.005583
224221.276043,-0.000605
224221.286030,0.001246
224221.296022,-0.003441
224221.306023,-0.005740
224221.316015,-0.022533
224221.326007,-0.862632
224221.335995,-0.289070
224221.345987,-0.072802
224221.355979,-0.081346
224221.365962,0.125422
224221.375966,0.166763
224221.385958,0.161127
224221.395946,0.218860
224221.405938,0.239877
224221.415930,0.203900
224221.425919,0.159141
224221.435922,0.118094
224221.445914,0.065033
224221.455899,0.044635
224221.465900,0.039188
224221.475892,0.014803
224221.485875,-0.012436
224221.495878,-0.028994
224221.505870,-0.041066
224221.515866,-0.053558
224221.525856,-0.057307
224221.535848,-0.054979
224221.545847,-0.052833
224221.555834,-0.046639
224221.565826,-0.039050
224221.575802,-0.033879
224221.585813,-0.032256
224221.595805,-0.025882
224221.605801,-0.027841
224221.615790,-0.026572
224221.625782,-0.019082
224221.635769,-0.013052
224221.645769,-0.018063
224221.655761,-0.025132
224221.665762,-0.019432
224221.675747,-0.006501
224221.685739,-0.003145
224221.695723,-0.012375
224221.705726,-0.002251
224221.715718,0.010161
224221.725723,0.015482
224221.735703,0.014056
224221.745695,-0.009445
224221.755673,-0.016879
224221.765682,-0.007149
224221.775674,-0.002182
224221.785671,-0.000640
224221.795660,-0.002268
224221.805652,-0.006897
224221.815633,-0.001325
224221.825638,0.011614
224221.835630,0.017526
224221.845608,0.014885
224221.855616,0.006628
224221.865608,-0.007348
224221.875607,-0.007822
224221.885595,-0.002339
224221.895587,-0.004912
224221.905575,-0.004627
224221.915573,-0.011221
224221.925565,-0.030625
224221.935558,-0.027268
224221.945551,-0.015918
224221.955543,-0.018532
224221.965542,-0.010527
224221.975529,0.004242
224221.985521,-0.006699
224221.995510,-0.009125
224222.005507,0.003980
224222.015499,0.006516
224222.025479,0.002899
224222.035484,-0.002144
224222.045476,-0.000500
224222.055477,0.007736
224222.065471,0.006158
224222.075463,0.005272
224222.085448,0.008125
224222.095434,0.005568
224222.105426,-0.003102
224222.115413,0.000241
224222.125410,-0.001010
224222.135402,-0.109484
224222.145405,-0.952104
224222.155398,-0.241240
224222.165390,-0.249850
224222.175383,-0.038599
224222.185376,0.077476
224222.195368,0.142006
224222.205360,0.192379
224222.215354,0.240270
224222.225346,0.215692
224222.235340,0.175206
224222.245333,0.177522
224222.255325,0.156290
224222.265319,0.114708
224222.275311,0.080563
224222.285303,0.068429
224222.295296,0.050317
224222.305289,0.014150
224222.315281,-0.016461
224222.325275,-0.024991
224222.335268,-0.033014
224222.345260,-0.057066
224222.355248,-0.050875
224222.365246,-0.031657
224222.375238,-0.019545
224222.385226,-0.017277
224222.395224,-0.007488
224222.405216,-0.000971
224222.415208,0.002214
224222.425202,-0.002473
224222.435194,-0.007649
224222.445186,-0.015568
224222.455180,-0.017243
224222.465172,-0.005468
224222.475171,-0.000677
224222.485159,-0.010016
224222.495151,-0.035388
224222.505130,-0.039428
224222.515136,-0.026504
224222.525128,-0.016629
224222.535122,-0.015613
224222.545115,-0.004996
224222.555107,0.001103
224222.565090,-0.008465
224222.575093,-0.021774
224222.585085,-0.021817
224222.595078,-0.022232
224222.605070,-0.023717
224222.615062,-0.020125
224222.625063,-0.015964
224222.635050,-0.006034
224222.645042,0.003109
224222.655035,0.006882
224222.665028,0.006631
224222.675020,0.003407
224222.685014,0.007298
224222.695006,0.010777
224222.704998,0.015305
224222.714991,0.017134
224222.724984,0.006019
224222.734976,0.002582
224222.744969,0.004668
224222.754962,0.005568
224222.764954,-0.003616
224222.774947,-0.025037
224222.784934,-0.038331
224222.794926,-0.029461
224222.804926,-0.021372
224222.814930,-0.005125
224222.824922,0.006273
224222.834905,0.005287
224222.844884,0.005916
224222.854876,0.008378
224222.864882,0.002480
224222.874883,0.006162
224222.884875,0.006573
224222.894861,0.003083
224222.904854,0.010396
224222.914846,0.015897
224222.924839,0.012144
224222.934831,0.006953
224222.944823,0.001229
224222.954818,-0.015684
224222.964811,-0.043305
224222.974803,-0.544327
224222.984795,-0.946235
224222.994788,-0.026661
224223.004780,-0.181749
224223.014773,0.052223
224223.024766,0.224688
224223.034758,0.247524
224223.044752,0.285616
224223.054745,0.263630
224223.064737,0.216422
224223.074730,0.192809
224223.084722,0.200851
224223.094714,0.183554
224223.104709,0.157948
224223.114700,0.136140
224223.124692,0.104025
224223.134686,0.050413
224223.144679,-0.019086
224223.154671,-0.071650
224223.164665,-0.094000
224223.174657,-0.094362
224223.184649,-0.091133
224223.194642,-0.089611
224223.204635,-0.092021
224223.214627,-0.084685
224223.224614,-0.071274
224223.234613,-0.058964
224223.244605,-0.045955
224223.254594,-0.032738
224223.264591,-0.025228
224223.274583,-0.019413
224223.284571,-0.024970
224223.294565,-0.024310
224223.304557,-0.022738
224223.314559,-0.009790
224223.324543,-0.007135
224223.334535,-0.015604
224223.344534,-0.014503
224223.354539,-0.003816
224223.364531,-0.006494
224223.374511,-0.006850
224223.384496,0.005113
224223.394488,0.014311
224223.404491,0.013990
224223.414491,0.016765
224223.424483,0.012371
224223.434468,0.013313
224223.444463,0.007713
224223.454455,0.005932
224223.464447,0.006309
224223.474440,0.008822
224223.484432,0.007147
224223.494425,0.002626
224223.504425,-0.003753
224223.514417,-0.015423
224223.524402,-0.017159
224223.534400,-0.016083
224223.544392,-0.018233
224223.554379,-0.014037
224223.564367,-0.014996
224223.574359,-0.014201
224223.584359,-0.015344
224223.594350,-0.006829
224223.604342,-0.006210
224223.614338,-0.008545
224223.624319,-0.002907
224223.634311,-0.000278
224223.644316,-0.002665
224223.654298,0.000908
224223.664290,0.004750
224223.674295,-0.006017
224223.684286,-0.015848
224223.694278,-0.007723
224223.704272,-0.001926
224223.714276,-0.005446
224223.724268,-0.012669
224223.734251,-0.012174
224223.744238,-0.201213
224223.754230,-0.989352
224223.764230,-0.245545
224223.774209,-0.214142
224223.784201,-0.000669
224223.794207,0.171432
224223.804205,0.240700
224223.814197,0.239512
224223.824186,0.209901
224223.834184,0.220392
224223.844176,0.193537
224223.854170,0.165921
224223.864141,0.167335
224223.874133,0.184673
224223.884142,0.192426
224223.894140,0.185874
224223.904132,0.154626
224223.914120,0.107450
224223.924108,0.064487
224223.934100,0.016463
224223.944099,-0.023997
224223.954094,-0.062335
224223.964086,-0.095498
224223.974075,-0.117313
224223.984071,-0.129029
224223.994063,-0.128427
224224.004066,-0.124675
224224.014043,-0.117325
224224.024035,-0.109444
224224.034033,-0.095423
224224.044012,-0.083508
224224.054004,-0.071562
224224.064019,-0.056023
224224.074010,-0.032590
224224.084002,-0.014321
224224.093990,-0.004272
224224.103978,0.002055
224224.113970,0.004146
224224.123959,0.007659
224224.133947,0.011038
224224.143939,0.013860
224224.153946,0.022069
224224.163946,0.019601
224224.173938,0.013657
224224.183924,0.011222
224224.193910,0.014277
224224.203902,0.012250
224224.213902,0.013058
224224.223903,0.008189
224224.233895,0.003683
224224.243881,0.001479
224224.253881,0.010719
224224.263873,0.006339
224224.273859,-0.012444
224224.283849,-0.011304
224224.293841,-0.009795
224224.303838,-0.015258
224224.313818,-0.021479
224224.323810,-0.027829
224224.333816,-0.026001
224224.343809,-0.020172
224224.353801,-0.010181
224224.363794,-0.004838
224224.373785,-0.004931
224224.383777,-0.002538
224224.393772,-0.000909
224224.403750,-0.004019
224224.413742,-0.005782
224224.423751,0.000468
224224.433752,0.007705
224224.443744,0.008399
224224.453728,0.009675
224224.463721,0.011889
224224.473713,0.005756
224224.483706,0.003561
224224.493686,-0.002237
224224.503678,-0.006055
224224.513668,-0.145283
224224.523678,-1.197538
224224.533670,-0.100575
224224.543663,-0.178617
224224.553644,-0.023778
224224.563636,0.160628
224224.573641,0.188735
224224.583641,0.171627
224224.593633,0.211126
224224.603619,0.245375
224224.613622,0.217865
224224.623614,0.196793
224224.633598,0.177988
224224.643592,0.164633
224224.653584,0.160185
224224.663577,0.135624
224224.673569,0.094513
224224.683561,0.025330
224224.693555,-0.033383
224224.703548,-0.076612
224224.713540,-0.100271
224224.723533,-0.108325
224224.733526,-0.108732
224224.743518,-0.100977
224224.753510,-0.089761
224224.763494,-0.080566
224224.773486,-0.075487
224224.783500,-0.059181
224224.793482,-0.038699
224224.803474,-0.031674
224224.813462,-0.030505
224224.823460,-0.016732
224224.833452,-0.016066
224224.843447,-0.022041
224224.853439,-0.012444
224224.863431,0.000647
224224.873410,0.000318
224224.883417,-0.000513
224224.893409,-0.001740
224224.903403,-0.006166
224224.913395,-0.001501
224224.923387,0.002453
224224.933380,-0.000314
224224.943374,0.004474
224224.953366,0.012825
224224.963359,0.019857
224224.973352,0.014471
224224.983344,0.001677
224224.993337,-0.001660
224225.003330,0.006254
224225.013322,0.004189
224225.023315,0.000357
224225.033308,0.003147
224225.043300,-0.008401
224225.053294,-0.024466
224225.063286,-0.022034
224225.073278,-0.019762
224225.083271,-0.028510
224225.093265,-0.038028
224225.103257,-0.033537
224225.113249,-0.022333
224225.123244,-0.007858
224225.133236,0.015061
224225.143228,0.009555
224225.153220,-0.002089
224225.163212,0.005179
224225.173206,0.014818
224225.183212,0.003819
224225.193204,-0.006702
224225.203186,-0.003578
224225.213171,0.003605
224225.223163,0.004580
224225.233163,-0.000311
224225.243141,0.002903
224225.253133,0.006136
224225.263141,0.013165
224225.273135,0.004955
224225.283127,-0.000902
224225.293120,-0.003661
224225.303113,-0.008110
224225.313105,-0.012307
224225.323097,-0.019436
224225.333091,-0.024029
224225.343083,-0.025492
224225.353075,-0.022140
224225.363069,-0.023134
224225.373061,-0.079035
224225.383053,-1.169443
224225.393047,-0.138543
224225.403039,-0.110360
224225.413031,-0.052198
224225.423012,0.146657
224225.433004,0.166622
224225.443010,0.160571
224225.453004,0.143693
224225.462996,0.148573
224225.472982,0.159396
224225.482982,0.172443
224225.492974,0.176786
224225.502957,0.176972
224225.512961,0.187250
224225.522953,0.185574
224225.532956,0.165906
224225.542931,0.138421
224225.552923,0.100900
224225.562910,0.053298
224225.572915,0.017275
224225.582907,-0.006662
224225.592892,-0.033707
224225.602895,-0.057165
224225.612887,-0.078559
224225.622891,-0.087061
224225.632873,-0.097836
224225.642865,-0.106081
224225.652873,-0.104797
224225.662852,-0.101440
224225.672844,-0.093219
224225.682830,-0.078861
224225.692830,-0.061655
224225.702822,-0.050468
224225.712815,-0.040194
224225.722808,-0.031208
224225.732800,-0.031563
224225.742794,-0.036039
224225.752793,-0.026167
224225.762785,-0.016527
224225.772773,-0.007958
224225.782765,-0.009293
224225.792757,-0.009561
224225.802761,-0.002998
224225.812743,0.007605
224225.822735,0.016145
224225.832730,0.022295
224225.842722,0.017319
224225.852714,0.015877
224225.862698,0.018405
224225.872700,0.023290
224225.882692,0.012228
224225.892697,0.000043
224225.902678,0.002326
224225.912670,0.006898
224225.922665,0.002908
224225.932656,-0.004615
224225.942648,-0.025030
224225.952633,-0.030586
224225.962635,-0.022075
224225.972627,-0.019505
224225.982631,-0.017924
224225.992611,-0.012589
224226.002603,-0.007992
224226.012599,-0.003898
224226.022597,-0.004215
224226.032589,-0.007558
224226.042568,-0.000154
224226.052574,0.003509
224226.062566,-0.004715
224226.072536,-0.003025
224226.082555,-0.003818
224226.092547,-0.015711
224226.102536,-0.021781
224226.112524,-0.010005
224226.122516,-0.001626
224226.132508,0.004761
224226.142504,0.023028
224226.152496,0.022587
224226.162501,0.013885
224226.172482,0.018027
224226.182474,0.017745
224226.192314,0.014974
224226.202304,0.009501
224226.212296,-0.002453
224226.222282,-0.110405
224226.232281,-1.400351
224226.242273,-0.015006
224226.252250,-0.072183
224226.262260,-0.028924
224226.272252,0.124453
224226.282249,0.180807
224226.292239,0.177135
224226.302231,0.174482
224226.312217,0.212033
224226.322217,0.222765
224226.332209,0.226113
224226.342186,0.205889
224226.352196,0.189803
224226.362188,0.169928
224226.372185,0.139790
224226.382174,0.102957
224226.392166,0.022981
224226.402161,-0.033330
224226.412151,-0.070204
224226.422143,-0.093560
224226.432143,-0.110650
224226.442130,-0.112106
224226.452122,-0.098222
224226.462120,-0.081216
224226.472108,-0.068095
224226.482100,-0.056939
224226.492088,-0.040786
224226.502094,-0.028970
224226.512086,-0.027189
224226.522075,-0.026199
224226.532062,-0.027269
224226.542054,-0.034892
224226.552061,-0.041061
224226.562043,-0.035499
224226.572035,-0.034875
224226.582037,-0.031650
224226.592022,-0.039705
224226.602014,-0.035933
224226.612001,-0.016582
224226.621999,-0.007353
224226.631991,-0.011940
224226.641990,-0.007968
224226.651978,0.006678
224226.661970,0.026349
224226.671959,0.026017
224226.681956,0.022676
224226.691948,0.030542
224226.701941,0.035295
224226.711935,0.027208
224226.721927,0.010527
224226.731921,0.005645
224226.741909,0.003719
224226.751901,-0.005695
224226.761898,-0.017442
224226.771891,-0.013144
224226.781883,0.000493
224226.791876,0.007439
224226.801870,-0.004745
224226.811862,-0.016513
224226.821845,-0.018961
224226.831848,-0.016061
224226.841840,-0.015438
224226.851845,-0.025773
224226.861827,-0.028765
224226.871819,-0.023315
224226.881812,-0.016785
224226.891804,-0.034186
224226.901796,-0.031819
224226.911796,-0.022317
224226.921782,-0.017930
224226.931774,-0.004629
224226.941768,0.000680
224226.951755,0.003595
224226.961747,-0.249063
224226.971746,-0.821178
224226.981734,-0.367835
224226.991726,-0.331266
224227.001724,-0.086205
224227.011720,0.092697
224227.021712,0.163348
224227.031702,0.160875
224227.041680,0.145504
224227.051672,0.135912
224227.061681,0.148070
224227.071673,0.131967
224227.081665,0.124834
224227.091659,0.139343
224227.101652,0.167910
224227.111644,0.179695
224227.121637,0.200997
224227.131631,0.218485
224227.141623,0.221718
224227.151616,0.220566
224227.161608,0.195687
224227.171600,0.157977
224227.181594,0.125995
224227.191588,0.073593
224227.201580,0.001483
224227.211573,-0.058462
224227.221566,-0.101464
224227.231558,-0.128598
224227.241550,-0.138425
224227.251544,-0.145428
224227.261536,-0.154736
224227.271529,-0.153018
224227.281522,-0.137933
224227.291514,-0.123054
224227.301507,-0.102684
224227.311501,-0.079610
224227.321493,-0.065174
224227.331486,-0.053203
224227.341479,-0.030730
224227.351471,-0.017863
224227.361462,-0.014693
224227.371457,-0.009632
224227.381449,-0.011954
224227.391448,-0.020275
224227.401441,-0.018962
224227.411433,-0.009253
224227.421426,-0.006346
224227.431413,-0.000996
224227.441405,-0.001455
224227.451399,0.006242
224227.461391,0.016994
224227.471383,0.013537
224227.481377,0.005570
224227.491371,0.009770
224227.501363,0.014681
224227.511356,0.017270
224227.521348,0.011962
224227.531340,0.013485
224227.541334,0.008925
224227.551327,0.011162
224227.561319,0.010314
224227.571312,0.003412
224227.581305,-0.002566
224227.591297,-0.006625
224227.601290,-0.001644
224227.611282,-0.006292
224227.621274,-0.017432
224227.631269,-0.026936
224227.641261,-0.027436
224227.651253,-0.012985
224227.661246,-0.003101
224227.671240,0.000248
224227.681232,0.003862
224227.691225,0.012044
224227.701217,0.012853
224227.711209,0.008573
224227.721203,0.004163
224227.731186,0.008535
224227.741178,0.014170
224227.751182,0.027299
224227.761168,-0.175057
224227.771160,-0.940008
224227.781138,-0.087585
224227.791151,-0.109976
224227.801143,0.009263
224227.811139,0.006911
224227.821143,0.035612
224227.831135,0.036537
224227.841117,0.025267
224227.851110,0.042900
224227.861102,0.057123
224227.871095,0.068835
224227.881078,0.088381
224227.891070,0.114539
224227.901074,0.147543
224227.911078,0.185999
224227.921070,0.189777
224227.931052,0.244497
224227.941040,0.243789
224227.951032,0.205162
224227.961029,0.158319
224227.971008,0.103361
224227.981000,0.052769
224227.991015,0.017640
224228.001008,-0.033651
224228.011000,-0.081885
224228.020986,-0.121667
224228.030968,-0.139231
224228.040960,-0.152796
224228.050966,-0.154963
224228.060960,-0.151339
224228.070952,-0.162171
224228.080943,-0.160327
224228.090942,-0.144672
224228.100934,-0.115383
224228.110922,-0.093526
224228.120912,-0.084241
224228.130904,-0.074037
224228.140900,-0.058127
224228.150880,-0.043092
224228.160872,-0.019950
224228.170878,-0.001617
224228.180879,0.006137
224228.190871,0.005652
224228.200855,0.014863
224228.210847,0.019450
224228.220839,0.023802
224228.230842,0.026820
224228.240815,0.024428
224228.250807,0.034603
224228.260795,0.040643
224228.270814,0.036423
224228.280806,0.026022
224228.290795,0.024782
224228.300782,0.025117
224228.310774,0.019594
224228.320762,-0.001911
224228.330750,-0.018890
224228.340742,-0.026550
224228.350748,-0.029925
224228.360749,-0.026542
224228.370741,-0.017514
224228.380727,-0.018889
224228.390717,-0.017507
224228.400709,-0.013401
224228.410705,-0.018461
224228.420706,-0.027411
224228.430698,-0.032267
224228.440683,-0.034079
224228.450673,-0.027447
224228.460665,-0.021630
224228.470661,-0.017279
224228.480652,-0.018042
224228.490644,-0.009862
224228.500640,-0.002028
224228.510620,0.000382
224228.520612,-0.003178
224228.530618,-0.003466
224228.540618,-0.002040
224228.550610,0.009623
224228.560596,0.019218
224228.570588,0.015464
224228.580580,0.009596
224228.590575,0.010908
224228.600567,0.024064
224228.610559,0.021945
224228.620553,0.006053
224228.630540,-0.004288
224228.640532,-0.019866
224228.650532,-0.028033
224228.660524,-0.031997
224228.670516,-0.028300
224228.680510,-0.027005
224228.690492,-0.023478
224228.700484,-0.030638
224228.710488,-0.041979
224228.720490,-0.794828
224228.730482,-0.137032
224228.740466,-0.112039
224228.750459,-0.090706
224228.760451,0.055138
224228.770445,0.106273
224228.780427,0.109416
224228.790419,0.095697
224228.800423,0.080336
224228.810416,0.062989
224228.820408,0.054994
224228.830401,0.068214
224228.840395,0.115528
224228.850387,0.204509
224228.860380,0.243324
224228.870384,0.187836
224228.880376,0.132864
224228.890358,0.087368
224228.900350,0.054262
224228.910342,0.026214
224228.920336,-0.003142
224228.930330,-0.028833
224228.940322,-0.048078
224228.950314,-0.062074
224228.960308,-0.071229
224228.970300,-0.080646
224228.980277,-0.089264
224228.990286,-0.090237
224229.000278,-0.079457
224229.010270,-0.067983
224229.020249,-0.053555
224229.030241,-0.043211
224229.040241,-0.036505
224229.050228,-0.021862
224229.060220,-0.016035
224229.070231,-0.016065
224229.080219,-0.025976
224229.090211,-0.033562
224229.100190,-0.035722
224229.110199,-0.031427
224229.120191,-0.016213
224229.130184,-0.003937
224229.140178,0.006822
224229.150170,0.025677
224229.160163,0.047164
224229.170156,0.053841
224229.180148,0.045866
224229.190141,0.034512
224229.200134,0.007983
224229.210126,0.002014
224229.220120,-0.005997
224229.230112,-0.014006
224229.240104,-0.017430
224229.250098,-0.018394
224229.260092,-0.017331
224229.270084,-0.016264
224229.280076,-0.019219
224229.290069,-0.024089
224229.300061,-0.026358
224229.310054,-0.025223
224229.320048,-0.032990
224229.330040,-0.041560
224229.340032,-0.058357
224229.350038,-0.038506
224229.360030,-0.030534
224229.370011,-0.035630
224229.379986,-0.037531
224229.389978,-0.036784
224229.399989,-0.029316
224229.409974,-0.017815
224229.419966,-0.014936
224229.429968,-0.014135
224229.439973,-0.015001
224229.449965,-0.015360
224229.459953,-0.010919
224229.469941,-0.007739
224229.479933,-0.005886
224229.489925,0.002944
224229.499918,0.013707
224229.509910,0.015614
224229.519903,0.007450
224229.529908,-0.001782
224229.539900,-0.003609
224229.549882,0.003366
224229.559875,-0.002439
224229.569867,-0.004314
224229.579860,0.004806
224229.589853,0.009580
224229.599845,0.000809
224229.609838,-0.005723
224229.619832,-0.009798
224229.629824,-0.011275
224229.639816,-0.011190
224229.649809,-0.012369
224229.659801,-0.019789
224229.669794,-0.014310
224229.679788,-0.012407
224229.689780,-0.005422
224229.699772,0.000278
224229.709766,0.001923
224229.719758,-0.006123
224229.729751,-0.013246
224229.739744,-0.010514
224229.749736,-0.006820
224229.759723,-0.012138
224229.769723,-0.016095
224229.779715,-0.012914
224229.789703,-0.008214
224229.799701,0.000043
224229.809693,-0.003194
224229.819686,-0.006378
224229.829680,-0.005449
224229.839672,-0.011520
224229.849660,-0.008843
224229.859658,-0.006809
224229.869650,-0.000971
224229.879643,0.001207
224229.889636,0.002310
224229.899628,0.007941
224229.909628,0.002713
224229.919615,-0.000337
224229.929607,-0.000287
224229.939600,-0.001187
224229.949592,-0.011152
224229.959584,-0.018984
224229.969578,-0.022862
224229.979554,-0.026030
224229.989546,-0.030088
224229.999557,-0.028632
224230.009540,-0.027242
224230.019532,-0.025123
224230.029534,-0.022442
224230.039521,-0.016145
224230.049513,0.000354
224230.059513,0.090948
224230.069506,0.127966
224230.079498,0.041141
224230.089491,0.037270
224230.099484,0.028855
224230.109476,0.003229
224230.119467,-0.030188
224230.129463,-0.055188
224230.139455,-0.075164
224230.149448,-0.085045
