227918.427319,0.027830
227918.437313,0.020548
227918.447308,0.010416
227918.457300,-0.007359
227918.467294,-0.011816
227918.477287,-0.006832
227918.487279,-0.008542
227918.497275,0.004014
227918.507269,0.007908
227918.517261,0.005940
227918.527255,0.005046
227918.537248,0.005114
227918.547240,0.006371
227918.557235,0.008501
227918.567230,0.017484
227918.577222,0.021218
227918.587216,0.018140
227918.597210,0.015336
227918.607202,0.005975
227918.617195,0.005738
227918.627191,0.003251
227918.637183,-0.005921
227918.647171,-0.019819
227918.657171,-0.009526
227918.667163,0.014652
227918.677162,0.050147
227918.687151,0.094388
227918.697143,0.047167
227918.707132,0.029758
227918.717132,-0.020236
227918.727124,-0.028184
227918.737119,-0.000900
227918.747112,-0.004269
227918.757104,-0.007104
227918.767112,0.020492
227918.777094,0.044201
227918.787086,0.037251
227918.797080,0.018142
227918.807074,-0.019326
227918.817066,-0.043245
227918.827060,-0.073809
227918.837055,-0.142089
227918.847047,-0.170185
227918.857040,-0.136704
227918.867027,-0.061560
227918.877019,-0.018359
227918.887008,-0.306862
227918.897016,-0.023753
227918.907008,0.069084
227918.916987,0.042972
227918.926996,0.044466
227918.936988,0.045139
227918.946983,0.042046
227918.956977,0.061499
227918.966969,0.074055
227918.976963,0.076411
227918.986957,0.074191
227918.996949,0.057960
227919.006944,0.026170
227919.016938,0.000005
227919.026930,-0.031669
227919.036925,-0.197304
227919.046909,-0.312051
227919.056901,-0.310306
227919.066905,-0.254617
227919.076908,-0.179107
227919.086900,-0.103875
227919.096885,-0.120084
227919.106863,-0.117751
227919.116855,-0.046863
227919.126866,0.076096
227919.136868,0.228357
227919.146860,0.241476
227919.156847,0.217737
227919.166841,0.200548
227919.176833,0.197993
227919.186828,0.175848
227919.196812,0.164293
227919.206804,0.154741
227919.216809,0.141806
227919.226803,0.130673
227919.236795,0.104556
227919.246789,0.088095
227919.256783,0.061102
227919.266775,0.027695
227919.276769,-0.296602
227919.286764,-0.897184
227919.296756,-0.301423
227919.306750,0.041981
227919.316744,0.055526
227919.326736,0.012430
227919.336730,-0.104997
227919.346726,-0.033140
227919.356718,-0.076262
227919.366695,-0.105645
227919.376706,-0.011451
227919.386698,-0.055682
227919.396691,-0.023569
227919.406687,0.003930
227919.416679,0.057796
227919.426685,0.076234
227919.436662,0.071479
227919.446654,0.338286
227919.456660,0.191243
227919.466648,0.099189
227919.476640,-0.026164
227919.486644,-0.179665
227919.496629,-0.088745
227919.506621,-0.103275
227919.516626,-0.080908
227919.526609,0.000290
227919.536601,0.108495
227919.546604,0.188183
227919.556590,0.231579
227919.566582,0.242720
227919.576565,0.206267
227919.586571,0.153069
227919.596563,0.117068
227919.606572,0.095551
227919.616552,0.065927
227919.626544,0.012322
227919.636531,-0.039987
227919.646532,-0.111830
227919.656524,-0.226285
227919.666508,-0.358619
227919.676513,-0.497712
227919.686505,-0.631474
227919.696488,-0.765885
227919.706494,-0.835382
227919.716486,-0.877614
227919.726466,-0.877461
227919.736474,-0.860232
227919.746466,-0.868930
227919.756464,-0.877692
227919.766455,-0.843527
227919.776447,-0.783412
227919.786433,-0.680585
227919.796436,-0.541206
227919.806428,-0.423476
227919.816431,-0.284661
227919.826416,-0.124979
227919.836408,-0.004378
227919.846400,0.049981
227919.856398,0.069351
227919.866390,0.065291
227919.876369,0.098048
227919.886378,0.116271
227919.896370,0.208261
227919.906367,0.549888
227919.916359,0.486487
227919.926351,0.252820
227919.936336,0.106793
227919.946339,0.092104
227919.956331,0.069780
227919.966334,-0.119684
227919.976315,-0.233596
227919.986307,-0.087167
227919.996315,-0.030622
227920.006309,0.042580
227920.016301,0.066328
227920.026271,0.033032
227920.036290,0.060315
227920.046282,0.026167
227920.056270,0.006295
227920.066252,-0.027426
227920.076244,-0.074315
227920.086242,-0.143936
227920.096242,-0.167135
227920.106234,-0.105076
227920.116230,-0.086207
227920.126225,-0.145445
227920.136217,-0.277747
227920.146204,-0.331617
227920.156205,-0.356446
227920.166197,-0.237611
227920.176191,-0.016357
227920.186185,0.029412
227920.196177,-0.029447
227920.206166,-0.046397
227920.216166,0.006044
227920.226158,0.122081
227920.236154,0.213251
227920.246148,0.275331
227920.256140,0.179707
227920.266134,0.093072
227920.276129,-0.002225
227920.286121,0.014281
227920.296115,0.012565
227920.306109,-0.024410
227920.316101,0.038116
227920.326094,0.136738
227920.336090,0.205919
227920.346082,0.217066
227920.356076,0.164828
227920.366070,0.064127
227920.376062,-0.042072
227920.386043,-0.147826
227920.396052,-0.166796
227920.406044,-0.212521
227920.416044,-0.165974
227920.426030,-0.091369
227920.436022,-0.010224
227920.446025,0.049059
227920.456013,0.074406
227920.466005,0.032052
227920.476000,0.001410
227920.485993,-0.035788
227920.495985,-0.072027
227920.505980,-0.100979
227920.515975,-0.177501
227920.525967,-0.201188
227920.535972,-0.165417
227920.545955,-0.031040
227920.555947,0.147079
227920.565942,0.279288
227920.575936,0.394345
227920.585928,0.485958
227920.595922,0.418038
227920.605917,0.285643
227920.615909,0.115819
227920.625911,-0.037965
227920.635898,-0.046363
227920.645890,0.013150
227920.655884,0.008972
227920.665879,0.021635
227920.675871,0.023333
227920.685865,0.128662
227920.695860,0.182781
227920.705852,0.158795
227920.715845,0.061717
227920.725840,-0.049848
227920.735832,-0.071988
227920.745816,-0.078486
227920.755833,-0.056592
227920.765825,-0.021078
227920.775807,-0.002702
227920.785800,-0.030814
227920.795792,-0.089787
227920.805789,-0.156184
227920.815782,-0.191100
227920.825774,-0.206468
227920.835763,-0.172493
227920.845751,-0.118270
227920.855743,-0.077170
227920.865750,-0.039417
227920.875738,-0.005502
227920.885730,-0.006639
227920.895731,-0.014500
227920.905719,-0.011278
227920.915711,-0.021083
227920.925712,-0.045994
227920.935704,-0.058343
227920.945696,-0.059313
227920.955692,-0.055326
227920.965672,-0.045864
227920.975664,-0.040060
227920.985674,-0.068339
227920.995671,-0.091496
227921.005663,-0.087405
227921.015655,-0.069400
227921.025638,-0.042254
227921.035630,-0.043964
227921.045636,-0.061833
227921.055638,0.078728
227921.065630,0.213859
227921.075616,0.282294
227921.085625,0.289461
227921.095617,0.279983
227921.105604,0.108097
227921.115574,-0.081938
227921.125566,-0.051938
227921.135577,0.153807
227921.145573,0.335044
227921.155565,0.433794
227921.165558,0.251247
227921.175541,-0.112253
227921.185533,-0.477789
227921.195540,-0.581971
227921.205540,-0.152886
227921.215532,0.089213
227921.225520,0.040835
227921.235508,0.061353
227921.245500,0.196697
227921.255500,0.307439
227921.265478,0.376870
227921.275470,0.350156
227921.285486,0.252414
227921.295475,-0.095244
227921.305467,0.001248
227921.315470,0.019577
227921.325444,-0.037123
227921.335436,-0.198462
227921.345454,-0.391724
227921.355442,-0.398877
227921.365434,-0.315384
227921.375416,-0.231011
227921.385411,-0.176212
227921.395403,-0.116513
227921.405406,0.102505
227921.415401,0.183537
227921.425393,0.093485
227921.435377,0.105602
227921.445365,0.111045
227921.455357,-0.005771
227921.465367,-0.020049
227921.475371,0.152988
227921.485363,0.126411
227921.495357,-0.020699
227921.505342,0.018681
227921.515334,0.088278
227921.525329,0.087611
227921.535323,0.100573
227921.545315,0.097121
227921.555310,0.000371
227921.565303,-0.148950
227921.575295,-0.050088
227921.585291,0.004330
227921.595285,0.040358
227921.605277,0.067194
227921.615271,-0.161189
227921.625266,-0.246636
227921.635258,-0.177126
227921.645253,-0.148102
227921.655247,-0.207343
227921.665239,-0.177703
227921.675234,-0.086941
227921.685221,-0.104644
227921.695213,-0.134822
227921.705214,-0.144270
227921.715208,-0.034141
227921.725200,0.074748
227921.735196,0.295176
227921.745187,0.070743
227921.755179,-0.023819
227921.765177,0.032703
227921.775171,0.042926
227921.785163,0.092165
227921.795158,0.434282
227921.805149,0.076031
227921.815141,-0.231073
227921.825139,-0.012328
227921.835133,-0.019983
227921.845125,-0.079526
227921.855119,-0.159919
227921.865114,-0.121374
227921.875106,-0.134401
227921.885100,-0.109499
227921.895085,-0.121099
227921.905077,-0.144296
227921.915081,-0.110678
227921.925075,-0.149404
227921.935067,-0.046113
227921.945062,-0.263301
227921.955056,-0.154596
227921.965048,0.247841
227921.974880,0.227967
227921.984885,0.002655
227921.994877,-0.119631
227922.004871,-0.091737
227922.014865,-0.055361
227922.024857,-0.012633
227922.034853,-0.005424
227922.044846,0.004491
227922.054838,0.003954
227922.064833,0.001206
227922.074827,-0.046482
227922.084819,-0.028583
227922.094813,0.014590
227922.104808,0.025970
227922.114800,-0.550858
227922.124794,0.046866
227922.134790,0.216668
227922.144782,0.105584
227922.154776,-0.037379
227922.164770,-0.042608
227922.174762,0.008515
227922.184756,0.073478
227922.194751,0.092586
227922.204743,0.050259
227922.214737,-0.097748
227922.224733,-0.398187
227922.234725,0.095955
227922.244716,0.019750
227922.254713,-0.017953
227922.264705,-0.140569
227922.274699,0.013739
227922.284695,0.003697
227922.294687,-0.014724
227922.304678,-0.022385
227922.314675,-0.005842
227922.324667,0.042993
227922.334648,0.060419
227922.344657,-0.152631
227922.354649,-0.074430
227922.364649,0.030236
227922.374626,0.032321
227922.384618,0.014590
227922.394619,0.002652
227922.404618,0.022146
227922.414610,0.025937
227922.424586,0.043392
227922.434599,0.036325
227922.444591,0.009340
227922.454597,0.012933
227922.464580,0.043114
227922.474572,-0.117498
227922.484553,0.090475
227922.494561,0.021210
227922.504553,-0.012660
227922.514550,-0.022545
227922.524542,-0.021283
227922.534534,0.001893
227922.544521,0.018125
227922.554523,0.031856
227922.564515,0.018072
227922.574520,-0.049499
227922.584504,-0.079963
227922.594496,0.085412
227922.604488,0.038309
227922.614485,0.017939
227922.624477,-0.022116
227922.634476,-0.028939
227922.644466,-0.062819
227922.654458,-0.078538
227922.664455,-0.071375
227922.674441,-0.032038
227922.684433,0.021699
227922.694423,0.065255
227922.704412,0.066220
227922.714404,0.047954
227922.724417,0.044162
227922.734397,-0.024705
227922.744389,-0.074612
227922.754390,-0.098573
227922.764390,-0.015252
227922.774382,-0.028174
227922.784359,0.009293
227922.794376,-0.010450
227922.804368,-0.003019
227922.814357,-0.011651
227922.824351,-0.033235
227922.834343,-0.036520
227922.844326,-0.036370
227922.854333,-0.031611
227922.864325,-0.036719
227922.874325,0.002999
227922.884314,-0.012515
227922.894306,-0.003382
227922.904293,0.156681
227922.914294,-0.128961
227922.924286,-0.084292
227922.934292,-0.036039
227922.944276,0.027703
227922.954268,0.019252
227922.964260,0.013360
227922.974257,0.008150
227922.984249,-0.004067
227922.994228,0.001787
227923.004237,0.011811
227923.014229,0.010828
227923.024223,0.022397
227923.034218,0.043602
227923.044210,0.058822
227923.054193,0.075384
227923.064199,0.094405
227923.074191,0.102646
227923.084185,0.111796
227923.094180,0.105771
227923.104172,0.087342
227923.114160,0.049680
227923.124162,0.043352
227923.134154,0.024128
227923.144148,0.008563
227923.154142,-0.007423
227923.164134,-0.034344
227923.174129,-0.063239
227923.184123,-0.086828
227923.194115,-0.208536
227923.204110,-0.235611
227923.214104,-0.201928
227923.224096,-0.201503
227923.234096,-0.221031
227923.244085,-0.211046
227923.254077,-0.215540
227923.264072,-0.159211
227923.274067,-0.112301
227923.284059,-0.089149
227923.294063,-0.082856
227923.304048,-0.098623
227923.314040,-0.119876
227923.324034,-0.140702
227923.334028,-0.152915
227923.344020,-0.152980
227923.354006,-0.123732
227923.364018,-0.092980
227923.374010,-0.074829
227923.383999,-0.065049
227923.393990,-0.057847
227923.403982,-0.065786
227923.413977,-0.076315
227923.423971,-0.084350
227923.433963,-0.098148
227923.443956,-0.089437
227923.453952,-0.061146
227923.463944,-0.023643
227923.473934,0.014934
227923.483933,0.050295
227923.493925,0.086968
227923.503919,0.077302
227923.513913,0.069043
227923.523905,0.062876
227923.533901,0.021209
227923.543893,-0.026152
227923.553885,-0.107034
227923.563881,-0.236893
227923.573875,-0.345123
227923.583867,-0.348408
227923.593862,-0.113866
227923.603852,0.050099
227923.613844,0.144988
227923.623844,0.267170
227923.633838,0.336427
227923.643830,0.426221
227923.653822,0.428295
227923.663823,0.443496
227923.673815,0.475252
227923.683806,0.468027
227923.693791,0.374463
227923.703783,0.255904
227923.713786,0.160941
227923.723781,0.048750
227923.733773,-0.050078
227923.743768,-0.045928
227923.753760,0.014752
227923.763752,0.078624
227923.773748,0.125650
227923.783736,0.134798
227923.793728,0.157396
227923.803729,0.188351
227923.813735,0.154829
227923.823727,0.094614
227923.833711,0.046551
227923.843694,0.043190
227923.853686,0.076395
227923.863692,0.083207
227923.873686,0.093934
227923.883678,0.097973
227923.893673,0.104791
227923.903673,0.118708
227923.913665,0.111839
227923.923653,0.086248
227923.933653,0.052690
227923.943645,0.072448
227923.953634,0.019777
227923.963619,-0.024232
227923.973611,-0.029659
227923.983595,-0.062386
227923.993614,-0.035747
227924.003606,0.027370
227924.013594,0.026765
227924.023572,0.009342
227924.033564,-0.039955
227924.043584,-0.115547
227924.053563,-0.114429
227924.063555,-0.118085
227924.073558,-0.086674
227924.083562,-0.028433
227924.093554,-0.037892
227924.103542,-0.006996
227924.113546,-0.048708
227924.123538,-0.088681
227924.133520,-0.175852
227924.143497,-0.218640
227924.153489,-0.171068
227924.163501,-0.113045
227924.173486,-0.084373
227924.183478,-0.020304
227924.193482,-0.068266
227924.203465,-0.187224
227924.213457,-0.256793
227924.223463,-0.294504
227924.233464,-0.268813
227924.243456,-0.273572
227924.253443,-0.288339
227924.263433,-0.301219
227924.273425,-0.307279
227924.283425,-0.366117
227924.293428,-0.449187
227924.303420,-0.475060
227924.313405,-0.457146
227924.323400,-0.448206
227924.333392,-0.480065
227924.343387,-0.479147
227924.353390,-0.483272
227924.363382,-0.475920
227924.373367,-0.474766
227924.383366,-0.464282
227924.393358,-0.462726
227924.403348,-0.490683
227924.413344,-0.517917
227924.423336,-0.507464
227924.433314,-0.512699
227924.443334,-0.505672
227924.453326,-0.498783
227924.463310,-0.485750
227924.473302,-0.455493
227924.483294,-0.381084
227924.493291,-0.322257
227924.503293,-0.313690
227924.513285,-0.278114
227924.523272,-0.245400
227924.533269,-0.205937
227924.543261,-0.144655
227924.553253,-0.099581
227924.563247,-0.082064
227924.573239,-0.050839
227924.583234,-0.051414
227924.593211,-0.037314
227924.603203,-0.000490
227924.613215,0.048725
227924.623204,0.110080
227924.633196,0.175793
227924.643197,0.233393
227924.653203,0.256814
227924.663195,0.257449
227924.673177,0.176305
227924.683171,0.012608
227924.693163,-0.141704
227924.703158,-0.194823
227924.713140,-0.194440
227924.723132,-0.153685
227924.733138,-0.086451
227924.743137,-0.038790
227924.753129,-0.002991
227924.763108,0.012244
227924.773102,0.004680
227924.783094,-0.014168
227924.793101,-0.053742
227924.803105,-0.098508
227924.813097,-0.138995
227924.823082,-0.179195
227924.833074,-0.193024
227924.843066,-0.175521
227924.853054,-0.130816
227924.863048,-0.076029
227924.873040,0.006746
227924.883045,0.091392
227924.893050,0.138336
227924.903042,0.214014
227924.913025,0.318003
227924.923022,0.466090
227924.933014,0.591812
227924.943006,0.659901
227924.953008,0.642018
227924.963000,0.347933
227924.972987,-0.321226
227924.982976,-0.768029
227924.992968,-0.437422
227925.002959,0.447706
227925.012953,0.669732
227925.022945,1.056349
227925.032949,1.503612
227925.042932,1.365716
227925.052924,0.270510
227925.062930,-0.006703
227925.072911,0.080843
227925.082903,0.156812
227925.092922,0.148502
227925.102895,0.152891
227925.112887,0.108674
227925.122891,-0.184184
227925.132872,-0.430496
227925.142864,-0.460385
227925.152873,-0.448975
227925.162873,-0.419244
227925.172865,-0.275047
227925.182855,-0.081624
227925.192847,0.128530
227925.202839,0.316075
227925.212835,0.416620
227925.222840,0.441872
227925.232832,0.398908
227925.242817,0.347767
227925.252802,0.298128
227925.262794,0.214813
227925.272797,0.028621
227925.282781,-0.070350
227925.292773,-0.164407
227925.302778,-0.121806
227925.312779,-0.075481
227925.322771,0.036765
227925.332759,0.037542
227925.342759,-0.130220
227925.352751,-0.362808
227925.362739,-0.487922
227925.372738,-0.328835
227925.382730,-0.253684
227925.392721,-0.341837
227925.402707,-0.333452
227925.412699,-0.281706
227925.422693,-0.294011
227925.432690,-0.380722
227925.442682,-0.449295
227925.452682,-0.388503
227925.462682,-0.427750
227925.472674,-0.478961
227925.482663,-0.461406
227925.492650,-0.492478
227925.502642,-0.450946
227925.512644,-0.418380
227925.522645,-0.401439
227925.532637,-0.394497
227925.542626,-0.413337
227925.552617,-0.463576
227925.562609,-0.493585
227925.572605,-0.519815
227925.582585,-0.529862
227925.592577,-0.540516
227925.602597,-0.551369
227925.612577,-0.545449
227925.622569,-0.534101
227925.632551,-0.534190
227925.642563,-0.510292
227925.652555,-0.540243
227925.662533,-0.545346
227925.672541,-0.496858
227925.682533,-0.493293
227925.692531,-0.511054
227925.702525,-0.489155
227925.712517,-0.453742
227925.722504,-0.437313
227925.732488,-0.418171
227925.742480,-0.374694
227925.752497,-0.329507
227925.762487,-0.292251
227925.772479,-0.202688
227925.782473,-0.102765
227925.792455,-0.049695
227925.802447,-0.026845
227925.812455,0.023426
227925.822449,0.092823
227925.832441,0.145133
227925.842435,0.170068
227925.852422,0.184442
227925.862414,0.154823
227925.872416,0.090976
227925.882411,-0.018887
227925.892403,-0.167454
227925.902397,-0.247995
227925.912389,-0.240829
227925.922381,-0.191496
227925.932378,-0.138990
227925.942357,-0.114738
227925.952349,-0.141521
227925.962360,-0.133899
227925.972353,-0.058547
227925.982345,0.027169
227925.992339,0.079691
227926.002346,0.084240
227926.012338,0.075717
227926.022320,0.066272
227926.032327,0.052886
227926.042319,0.089686
227926.052301,0.117406
227926.062301,0.138284
227926.072293,0.173860
227926.082271,0.212144
227926.092267,0.250473
227926.102259,0.216328
227926.112263,0.211185
227926.122258,0.196351
227926.132250,0.217534
227926.142246,0.298094
227926.152226,0.474691
227926.162218,0.724479
227926.172226,0.850876
227926.182221,0.292042
227926.192213,-0.696672
227926.202193,-1.101877
227926.212192,-0.417776
227926.222184,-0.035121
227926.232188,0.203762
227926.242192,0.437904
227926.252184,0.814845
227926.262169,1.069192
227926.272163,1.043972
227926.282155,0.592109
227926.292150,-0.042661
227926.302129,-0.512754
227926.312121,-0.519719
227926.322130,-0.254777
227926.332123,-0.168599
227926.342115,-0.038632
227926.352110,0.072196
227926.362106,0.024442
227926.372098,-0.080349
227926.382076,-0.117186
227926.392087,-0.173576
227926.402079,-0.215408
227926.412075,-0.205316
227926.422068,-0.071969
227926.432060,0.134509
227926.442054,0.281483
227926.452049,0.360289
227926.462041,0.342953
227926.472042,0.285230
227926.482013,0.272757
227926.492005,0.270387
227926.502016,0.222601
227926.512010,0.079553
227926.522002,-0.148580
227926.531996,-0.551740
227926.541984,-0.642092
227926.551976,0.112409
227926.561965,0.571797
227926.571973,0.410648
227926.581965,0.160287
227926.591960,-0.084624
227926.601963,-0.266526
227926.611955,-0.344642
227926.621940,-0.282705
227926.631935,-0.124416
227926.641927,-0.136231
227926.651922,-0.320103
227926.661901,-0.428650
227926.671893,-0.442365
227926.681902,-0.378045
227926.691896,-0.285367
227926.701888,-0.318025
227926.711883,-0.316291
227926.721874,-0.347491
227926.731866,-0.388509
227926.741864,-0.385088
227926.751859,-0.399861
227926.761851,-0.386961
227926.771846,-0.331341
227926.781842,-0.351110
227926.791834,-0.409446
227926.801826,-0.463010
227926.811803,-0.484743
227926.821795,-0.489694
227926.831807,-0.489868
227926.841802,-0.477665
227926.851794,-0.474567
227926.861788,-0.505884
227926.871783,-0.525812
227926.881775,-0.541609
227926.891769,-0.534576
227926.901764,-0.523233
227926.911756,-0.496779
227926.921749,-0.470615
227926.931744,-0.468390
227926.941736,-0.490028
227926.951731,-0.507422
227926.961725,-0.512331
227926.971717,-0.484566
227926.981602,-0.459499
227926.991597,-0.446581
227927.001589,-0.406633
227927.011583,-0.332935
227927.021578,-0.284422
227927.031570,-0.264127
227927.041558,-0.223180
227927.051559,-0.139879
227927.061551,-0.076992
227927.071544,-0.009072
227927.081541,0.040763
227927.091533,0.046795
227927.101510,0.067107
227927.111520,0.102249
227927.121512,0.102995
227927.131506,0.069912
227927.141503,-0.000303
227927.151495,-0.095154
227927.161489,-0.181947
227927.171483,-0.292901
227927.181475,-0.294678
227927.191481,-0.203177
227927.201465,-0.061958
227927.211457,0.043935
227927.221444,0.112811
227927.231445,0.168729
227927.241437,0.126457
227927.251432,0.095240
227927.261426,0.113375
227927.271418,0.118261
227927.281406,0.090496
227927.291400,0.052929
227927.301392,-0.002380
227927.311393,-0.049222
227927.321388,-0.078807
227927.331380,-0.097374
227927.341374,-0.084555
227927.351362,-0.036285
227927.361354,0.030227
227927.371346,0.067076
227927.381350,0.121844
227927.391342,0.194792
227927.401336,0.310913
227927.411333,0.572806
227927.421325,0.921681
227927.431317,0.994824
227927.441310,0.613609
227927.451302,-0.357418
227927.461297,-1.086715
227927.471305,-0.946548
227927.481297,-0.279321
227927.491268,0.733427
227927.501273,1.464957
227927.511265,2.024013
227927.521259,1.861141
227927.531236,0.858320
227927.541228,0.106440
227927.551240,-0.401487
227927.561235,-0.593291
227927.571227,-0.583855
227927.581220,-0.241237
227927.591217,-0.109252
227927.601209,-0.203057
227927.611197,-0.247593
227927.621196,-0.287499
227927.631188,-0.297050
227927.641195,-0.243610
227927.651178,-0.101916
227927.661170,0.106155
227927.671172,0.354775
227927.681159,0.477765
227927.691151,0.451215
227927.701140,0.355696
227927.711140,0.225743
227927.721132,-0.024235
227927.731119,-0.354153
227927.741121,-0.426288
227927.751113,-0.278555
227927.761110,-0.139242
227927.771102,-0.006961
227927.781094,0.196432
227927.791085,0.330351
227927.801073,0.300244
227927.811065,0.101870
227927.821076,-0.262529
227927.831064,-0.519967
227927.841056,-0.466560
227927.851041,-0.322221
227927.861044,-0.222698
227927.871036,-0.232666
227927.881030,-0.183817
227927.891025,-0.099243
227927.901017,-0.112304
227927.910999,-0.210341
227927.921006,-0.336467
227927.930998,-0.366149
227927.940987,-0.435577
227927.950987,-0.429779
227927.960979,-0.380127
227927.970963,-0.402018
227927.980968,-0.368658
227927.990960,-0.369427
227928.000955,-0.387364
227928.010948,-0.436237
227928.020940,-0.516198
227928.030923,-0.532959
227928.040929,-0.519670
227928.050921,-0.530042
227928.060914,-0.526835
227928.070910,-0.551453
227928.080902,-0.561498
227928.090889,-0.529668
227928.100892,-0.503969
227928.110884,-0.472842
227928.120889,-0.450385
227928.130873,-0.451588
227928.140865,-0.429621
227928.150857,-0.422342
227928.160854,-0.399452
227928.170846,-0.407399
227928.180826,-0.386898
227928.190834,-0.353091
227928.200826,-0.361530
227928.210820,-0.371702
227928.220809,-0.361063
227928.230801,-0.384567
227928.240792,-0.398724
227928.250801,-0.374758
227928.260793,-0.320753
227928.270791,-0.318281
227928.280779,-0.347030
227928.290771,-0.316340
227928.300763,-0.258997
227928.310758,-0.195451
227928.320750,-0.116434
227928.330728,-0.031420
227928.340747,0.014154
227928.350739,0.058618
227928.360726,0.098243
227928.370704,0.124483
227928.380696,0.114358
227928.390705,0.047826
227928.400700,-0.055048
227928.410692,-0.183686
227928.420687,-0.287793
227928.430681,-0.351618
227928.440673,-0.399009
227928.450667,-0.365910
227928.460661,-0.267413
227928.470653,-0.143696
227928.480648,-0.008426
227928.490643,0.145993
227928.500635,0.249379
227928.510628,0.208505
227928.520623,0.081696
227928.530615,-0.044219
227928.540610,-0.087017
227928.550604,-0.088024
227928.560596,-0.153690
227928.570590,-0.274992
227928.580586,-0.338629
227928.590578,-0.303258
227928.600571,-0.304297
227928.610567,-0.273171
227928.620559,-0.214296
227928.630565,-0.126454
227928.640547,0.001762
227928.650539,0.091884
227928.660540,0.139938
227928.670528,0.162096
227928.680520,0.157862
227928.690514,0.166919
227928.700509,0.271704
227928.710501,0.364591
227928.720495,0.435438
227928.730490,0.470390
227928.740482,0.105449
227928.750467,-0.425837
227928.760471,-0.338063
227928.770463,-0.262051
227928.780466,-0.230164
227928.790451,0.045892
227928.800443,0.436441
227928.810437,0.609111
227928.820432,0.554335
227928.830424,0.598947
227928.840418,0.630117
227928.850413,0.705935
227928.860405,0.715249
227928.870400,0.437834
227928.880393,-0.158848
227928.890385,0.076824
227928.900380,0.441050
227928.910375,0.566587
227928.920367,0.415818
227928.930361,0.210807
227928.940355,0.012398
227928.950347,-0.167166
227928.960342,-0.309164
227928.970335,-0.418323
227928.980327,-0.452917
227928.990323,-0.308070
227929.000316,-0.067704
227929.010308,0.127581
227929.020303,0.283909
227929.030297,0.337058
227929.040289,0.306348
227929.050285,0.297766
227929.060278,0.254658
227929.070270,0.132015
227929.080258,0.023796
227929.090246,-0.166488
227929.100238,-0.338080
227929.110226,-0.132244
227929.120245,-0.062521
227929.130237,-0.013954
227929.140228,0.410647
227929.150224,0.519191
227929.160216,0.287781
227929.170215,-0.240206
227929.180194,-0.651737
227929.190186,-0.551366
227929.200189,-0.257781
227929.210177,-0.212040
227929.220169,-0.250068
227929.230170,-0.222622
227929.240153,-0.222829
227929.250145,-0.269702
227929.260150,-0.327407
227929.270129,-0.328445
227929.280121,-0.324446
227929.290131,-0.346357
227929.300127,-0.426679
227929.310119,-0.468091
227929.320112,-0.434618
227929.330096,-0.411570
227929.340088,-0.417013
227929.350092,-0.490465
227929.360093,-0.585138
227929.370085,-0.612473
227929.380073,-0.616608
227929.390063,-0.593871
227929.400055,-0.576104
227929.410054,-0.555982
227929.420030,-0.525894
227929.430022,-0.511737
227929.440034,-0.473838
227929.450030,-0.437314
227929.460022,-0.449520
227929.470015,-0.470714
227929.479998,-0.461264
227929.489990,-0.437910
227929.500009,-0.405246
227929.509997,-0.385534
227929.519989,-0.374714
227929.529977,-0.366872
227929.539965,-0.365279
227929.549957,-0.361505
227929.559958,-0.366072
227929.569964,-0.358235
227929.579956,-0.387851
227929.589938,-0.363243
227929.599932,-0.330837
227929.609924,-0.348877
227929.619918,-0.355855
227929.629901,-0.335324
227929.639893,-0.321609
227929.649895,-0.261723
227929.659899,-0.174806
227929.669891,-0.116731
227929.679880,-0.051870
227929.689864,0.030184
227929.699856,0.094192
227929.709866,0.155838
227929.719853,0.187583
227929.729845,0.171792
227929.739843,0.129559
227929.749835,0.056779
227929.759827,-0.025049
227929.769823,-0.102608
227929.779817,-0.174332
227929.789809,-0.211014
227929.799804,-0.212635
227929.809799,-0.194381
227929.819791,-0.165031
227929.829784,-0.101072
227929.839769,-0.047639
227929.849761,-0.051215
227929.859766,-0.060415
227929.869760,-0.065336
227929.879752,-0.078014
227929.889747,-0.097508
227929.899747,-0.133386
227929.909739,-0.156398
227929.919726,-0.179997
227929.929721,-0.177819
227929.939713,-0.123142
227929.949708,-0.082544
227929.959703,-0.058866
227929.969695,-0.000107
227929.979689,0.052679
227929.989683,0.111261
227929.999675,0.188100
227930.009669,0.298676
227930.019654,0.424921
227930.029646,0.602229
227930.039651,0.897059
227930.049639,0.969123
227930.059631,0.231037
227930.069631,-0.858551
227930.079636,-1.210781
227930.089628,-0.055715
227930.099612,0.865123
227930.109606,1.002664
227930.119598,1.832061
227930.129593,0.822639
227930.139575,0.155618
227930.149567,0.074116
227930.159574,-0.227591
227930.169557,-0.344576
227930.179549,-0.172436
227930.189554,-0.104380
227930.199542,-0.147309
227930.209534,-0.233048
227930.219535,-0.277059
227930.229541,-0.415421
227930.239533,-0.508469
227930.249515,-0.400871
227930.259509,-0.169799
227930.269501,0.094745
227930.279496,0.384199
227930.289502,0.577524
227930.299494,0.502461
227930.309476,0.233509
227930.319458,0.076480
227930.329450,-0.078760
227930.339458,-0.363367
227930.349452,-0.259000
227930.359444,0.107736
227930.369439,-0.066197
227930.379432,-0.014460
227930.389424,0.293165
227930.399419,0.210721
227930.409413,-0.133459
227930.419405,-0.195321
227930.429400,-0.263176
227930.439395,-0.321306
227930.449387,-0.282680
227930.459379,-0.315881
227930.469374,-0.298685
227930.479366,-0.311036
227930.489359,-0.248861
227930.499356,-0.169353
227930.509348,-0.145046
227930.519346,-0.161263
227930.529337,-0.281466
227930.539329,-0.394969
227930.549318,-0.391058
227930.559310,-0.393827
227930.569302,-0.398253
227930.579311,-0.387028
227930.589298,-0.446522
227930.599290,-0.486734
227930.609291,-0.515370
227930.619279,-0.532646
227930.629271,-0.518516
227930.639272,-0.515662
227930.649259,-0.537944
227930.659251,-0.570826
227930.669229,-0.538545
227930.679240,-0.553586
227930.689232,-0.569675
227930.699228,-0.567937
227930.709220,-0.534167
227930.719212,-0.481158
227930.729213,-0.460226
227930.739202,-0.478190
227930.749194,-0.447775
227930.759177,-0.418563
227930.769182,-0.392434
227930.779174,-0.377809
227930.789171,-0.375408
227930.799162,-0.386027
227930.809154,-0.403513
227930.819131,-0.400037
227930.829143,-0.416328
227930.839135,-0.414390
227930.849130,-0.401311
227930.859124,-0.395730
227930.869116,-0.394820
227930.879098,-0.391511
227930.889104,-0.354772
227930.899096,-0.307850
227930.909097,-0.254662
227930.919080,-0.221295
227930.929072,-0.182228
227930.939065,-0.073436
227930.949074,0.018475
227930.959066,0.080937
227930.969064,0.158551
227930.979040,0.218895
227930.989032,0.248366
227930.999032,0.267388
227931.009018,0.273667
227931.019010,0.256186
227931.029001,0.215820
227931.039007,0.170499
227931.048999,0.148387
227931.058999,0.140402
227931.068989,0.128422
227931.078981,0.118358
227931.088968,0.100953
227931.098970,0.073377
227931.108962,0.039866
227931.118966,-0.011388
227931.128951,-0.083931
227931.138943,-0.146195
227931.148920,-0.171234
227931.158931,-0.176356
227931.168923,-0.155502
227931.178902,-0.102530
227931.188913,-0.032695
227931.198905,0.027518
227931.208902,0.052277
227931.218892,0.009534
227931.228884,-0.091776
227931.238889,-0.130018
227931.248874,-0.101744
227931.258866,-0.016060
227931.268860,0.148993
227931.278854,0.386388
227931.288846,0.783107
227931.298837,0.940237
227931.308835,0.414707
227931.318827,-0.672521
227931.328828,-0.489463
227931.338816,0.479493
227931.348808,0.719562
227931.358803,1.406608
227931.368792,1.214599
227931.378784,0.745889
227931.388770,0.654766
227931.398776,0.376597
227931.408768,0.227251
227931.418763,0.163598
227931.428759,0.125937
227931.438751,0.037048
227931.448739,-0.070968
227931.458738,-0.184647
227931.468730,-0.295940
227931.478724,-0.348016
227931.488719,-0.349420
227931.498711,-0.308254
227931.508693,-0.164099
227931.518700,0.058793
227931.528692,0.272441
227931.538674,0.445776
227931.548681,0.514269
227931.558673,0.438887
227931.568673,0.363076
227931.578661,0.329437
227931.588653,0.279113
227931.598642,0.215466
227931.608642,0.193581
227931.618634,0.007232
227931.628628,-0.038963
227931.638605,0.287762
227931.648597,0.323843
227931.658596,-0.069787
227931.668603,-0.104376
227931.678595,0.047228
227931.688577,-0.128794
227931.698580,-0.371623
227931.708572,-0.473153
227931.718576,-0.473425
227931.728564,-0.343095
227931.738556,-0.253073
227931.748544,-0.215217
227931.758537,-0.103342
227931.768529,-0.112504
227931.778543,-0.115594
227931.788526,-0.175605
227931.798518,-0.314088
227931.808510,-0.355817
227931.818506,-0.380556
227931.828498,-0.371258
227931.838490,-0.308351
227931.848487,-0.331416
227931.858479,-0.351207
227931.868475,-0.385467
227931.878468,-0.432458
227931.888460,-0.428326
227931.898455,-0.467326
227931.908449,-0.498898
227931.918441,-0.521397
227931.928436,-0.512399
227931.938430,-0.496566
227931.948422,-0.500282
227931.958414,-0.494515
227931.968411,-0.484767
227931.978270,-0.485327
227931.988264,-0.453160
227931.998259,-0.455052
227932.008251,-0.471855
227932.018245,-0.471257
227932.028239,-0.493719
227932.038231,-0.504681
227932.048225,-0.465999
227932.058219,-0.442351
227932.068211,-0.416974
227932.078205,-0.390454
227932.088200,-0.403885
227932.098192,-0.408438
227932.108185,-0.378739
227932.118181,-0.385957
227932.128173,-0.398324
227932.138167,-0.397008
227932.148161,-0.367327
227932.158153,-0.337381
227932.168149,-0.318517
227932.178142,-0.292892
227932.188134,-0.222506
227932.198117,-0.108872
227932.208123,-0.014636
227932.218115,0.012990
227932.228109,0.054303
227932.238103,0.095863
227932.248095,0.110068
227932.258081,0.087285
227932.268085,0.022879
227932.278077,-0.028368
227932.288071,-0.064921
227932.298065,-0.094882
227932.308057,-0.134514
227932.318052,-0.147625
227932.328046,-0.139382
227932.338038,-0.100756
227932.348032,-0.034459
227932.358025,0.005166
227932.368017,0.046438
227932.378013,0.069726
227932.388007,0.050965
227932.397999,0.006885
227932.407993,-0.025544
227932.417988,-0.034028
227932.427980,-0.045098
227932.437975,-0.064798
227932.447969,-0.081643
227932.457961,-0.074584
227932.467955,-0.043232
227932.477949,-0.023951
227932.487941,0.005206
227932.497935,-0.001927
227932.507930,-0.032832
227932.517922,-0.022642
227932.527916,0.079256
227932.537910,0.187996
227932.547902,0.327385
227932.557896,0.510126
227932.567890,0.809768
227932.577882,1.091522
227932.587877,0.565223
227932.597877,-0.733654
227932.607869,-1.047924
227932.617864,-0.226364
227932.627864,0.488678
227932.637856,0.977737
227932.647838,1.575854
227932.657828,1.292486
227932.667820,0.780172
227932.677820,0.418586
227932.687812,0.127506
227932.697804,-0.134498
227932.707800,-0.292529
227932.717806,-0.298139
227932.727798,-0.035249
227932.737781,0.117365
227932.747760,0.003833
227932.757752,-0.126443
227932.767757,-0.233253
227932.777761,-0.299944
227932.787753,-0.263591
227932.797742,-0.152668
227932.807743,-0.018174
227932.817735,0.137254
227932.827724,0.245790
227932.837714,0.252225
227932.847706,0.211314
227932.857703,0.229903
227932.867682,0.213973
227932.877674,0.190746
227932.887685,0.210380
227932.897680,0.190813
227932.907672,0.030592
227932.917665,-0.017172
227932.927650,0.002200
227932.937642,-0.063074
227932.947646,0.183871
227932.957649,0.098096
227932.967641,-0.315529
227932.977625,-0.446653
227932.987616,-0.438633
227932.997608,-0.420131
227933.007618,-0.376734
227933.017585,-0.287947
227933.027577,-0.324530
227933.037593,-0.223810
227933.047583,-0.230779
227933.057575,-0.228657
227933.067576,-0.265065
227933.077552,-0.271865
227933.087544,-0.347762
227933.097531,-0.447306
227933.107551,-0.466601
227933.117543,-0.468626
227933.127529,-0.478077
227933.137519,-0.589934
227933.147511,-0.629409
227933.157510,-0.584677
227933.167487,-0.537847
227933.177479,-0.518312
227933.187491,-0.508622
227933.197486,-0.507542
227933.207478,-0.498771
227933.217472,-0.465285
227933.227453,-0.452091
227933.237445,-0.446370
227933.247453,-0.441164
227933.257453,-0.417339
227933.267445,-0.383291
227933.277433,-0.360507
227933.287421,-0.334218
227933.297413,-0.322529
227933.307414,-0.319579
227933.317420,-0.324691
227933.327412,-0.312097
227933.337395,-0.312319
227933.347389,-0.330038
227933.357381,-0.351720
227933.367375,-0.369768
227933.377369,-0.369062
227933.387361,-0.338026
227933.397356,-0.308046
227933.407337,-0.307864
227933.417329,-0.333609
227933.427335,-0.290526
227933.437324,-0.235460
227933.447316,-0.204070
227933.457318,-0.145972
227933.467323,-0.089497
227933.477315,-0.034980
227933.487298,0.028912
227933.497301,0.090578
227933.507293,0.129025
227933.517279,0.127506
227933.527279,0.087144
227933.537271,0.019275
227933.547260,-0.071316
227933.557258,-0.132669
227933.567250,-0.141037
227933.577240,-0.168280
227933.587234,-0.178670
227933.597226,-0.144379
227933.607221,-0.073863
227933.617225,0.019232
227933.627217,0.145928
227933.637201,0.298952
227933.647195,0.347171
227933.657187,0.276142
227933.667183,0.138370
227933.677161,-0.027316
227933.687153,-0.099272
227933.697163,-0.104090
227933.707158,-0.138542
227933.717150,-0.162914
227933.727145,-0.235658
227933.737127,-0.333066
227933.747119,-0.377542
227933.757109,-0.351256
227933.767127,-0.338378
227933.777119,-0.311391
227933.787106,-0.216627
227933.797096,-0.128359
227933.807088,-0.031431
227933.817086,0.116321
227933.827080,0.545979
227933.837072,1.176398
227933.847067,0.972743
227933.857061,0.200244
227933.867053,-0.018164
227933.877047,0.447012
227933.887030,0.008137
227933.897022,0.112615
227933.907039,0.349790
227933.917023,0.455063
227933.927015,0.429972
227933.936997,0.343045
227933.947003,0.397184
227933.956995,0.458974
227933.966990,0.320763
227933.976984,-0.168555
227933.986976,-0.645838
227933.996977,-0.564108
227934.006965,-0.332633
227934.016957,-0.029357
227934.026950,0.308159
227934.036945,0.605775
227934.046937,0.659831
227934.056931,0.395296
227934.066926,-0.002533
227934.076918,-0.235837
227934.086912,-0.276324
227934.096908,-0.305526
227934.106900,-0.209048
227934.116892,0.035108
227934.126888,0.160780
227934.136880,0.179411
227934.146873,0.046416
227934.156867,-0.171535
227934.166859,-0.317915
227934.176835,-0.344005
227934.186854,-0.258678
227934.196846,-0.155797
227934.206834,-0.189294
227934.216831,-0.445747
227934.226823,-0.565881
227934.236811,-0.174068
227934.246811,0.141936
227934.256803,0.546372
227934.266783,0.540393
227934.276791,-0.108759
227934.286783,-0.422790
227934.296786,-0.302389
227934.306771,-0.126208
227934.316763,-0.128112
227934.326764,-0.177862
227934.336746,-0.192662
227934.346738,-0.088788
227934.356729,-0.063825
227934.366741,-0.154137
227934.376733,-0.248972
227934.386716,-0.324984
227934.396703,-0.409792
227934.406695,-0.381422
227934.416685,-0.359159
227934.426694,-0.368916
227934.436686,-0.360926
227934.446684,-0.362471
227934.456675,-0.403934
227934.466667,-0.476490
227934.476652,-0.525002
227934.486658,-0.513346
227934.496650,-0.486293
227934.506648,-0.449010
227934.516636,-0.450865
227934.526628,-0.452969
227934.536619,-0.460998
227934.546618,-0.445213
227934.556610,-0.433552
227934.566617,-0.420302
227934.576598,-0.368719
227934.586590,-0.342279
227934.596586,-0.325895
227934.606580,-0.311694
227934.616572,-0.281367
227934.626554,-0.280396
227934.636557,-0.256297
227934.646549,-0.242891
227934.656546,-0.251070
227934.666541,-0.264011
227934.676533,-0.231234
227934.686521,-0.211161
227934.696521,-0.181365
227934.706513,-0.176217
227934.716490,-0.197441
227934.726503,-0.206371
227934.736495,-0.212992
227934.746489,-0.257588
227934.756483,-0.263977
227934.766475,-0.242925
227934.776472,-0.212285
227934.786464,-0.169427
227934.796456,-0.101201
227934.806456,-0.027415
227934.816444,0.045642
227934.826436,0.133608
227934.836437,0.206549
227934.846425,0.266431
227934.856417,0.304607
227934.866395,0.326031
227934.876406,0.313722
227934.886398,0.262322
227934.896391,0.156464
227934.906386,0.009520
227934.916378,-0.090396
227934.926355,-0.114060
227934.936367,-0.086634
227934.946359,-0.029477
227934.956353,-0.003963
227934.966346,0.005402
227934.976338,0.002203
227934.986320,-0.000619
227934.996329,0.007658
227935.006321,0.020089
227935.016310,0.013920
227935.026309,-0.032097
227935.036301,-0.123979
227935.046294,-0.181383
227935.056290,-0.193558
227935.066282,-0.171438
227935.076264,-0.129100
227935.086271,-0.026106
227935.096263,0.124649
227935.106257,0.302796
227935.116251,0.580271
227935.126243,1.240325
227935.136229,1.131136
227935.146243,1.076683
227935.156235,0.368407
227935.166227,-0.477927
227935.176203,-0.097628
227935.186195,0.291328
227935.196196,0.098417
227935.206182,0.096120
227935.216174,0.141118
227935.226162,0.605274
227935.236182,1.093846
227935.246174,1.255455
227935.256163,0.801378
227935.266155,0.223427
227935.276147,0.044014
227935.286132,-0.154580
227935.296136,-0.188442
227935.306128,-0.099008
227935.316123,0.010098
227935.326116,0.137579
227935.336108,0.048456
227935.346086,-0.100071
227935.356097,-0.133404
227935.366089,-0.256956
227935.376076,-0.313226
227935.386077,-0.206759
227935.396069,-0.008968
227935.406065,0.205564
227935.416058,0.382215
227935.426050,0.498985
227935.436033,0.483940
227935.446034,0.370968
227935.456026,0.246176
227935.466036,0.089848
227935.476020,-0.324905
227935.486012,-0.347480
227935.496004,-0.079171
227935.506001,0.194175
227935.515993,0.197471
227935.525998,0.116410
227935.535982,0.381286
227935.545974,0.064030
227935.555978,-0.155558
227935.565963,-0.269329
227935.575955,-0.249225
227935.585948,-0.235952
227935.595943,-0.089281
227935.605935,-0.090856
227935.615941,-0.212144
227935.625924,-0.229015
227935.635916,-0.115548
227935.645911,-0.100866
227935.655905,-0.129985
227935.665897,-0.156286
227935.675901,-0.171590
227935.685886,-0.256760
227935.695878,-0.269599
227935.705872,-0.219484
227935.715865,-0.277342
227935.725857,-0.290319
227935.735850,-0.268156
227935.745847,-0.261019
227935.755839,-0.337387
227935.765821,-0.363807
227935.775824,-0.397060
227935.785816,-0.452413
227935.795800,-0.447092
227935.805808,-0.456099
227935.815800,-0.467937
227935.825804,-0.455101
227935.835789,-0.444509
227935.845781,-0.420373
227935.855771,-0.415020
227935.865769,-0.417985
227935.875761,-0.400530
227935.885756,-0.363495
227935.895750,-0.340906
227935.905742,-0.284274
227935.915739,-0.268584
227935.925731,-0.257198
227935.935723,-0.238732
227935.945717,-0.210648
227935.955712,-0.190208
227935.965704,-0.218858
227935.975706,-0.220367
227935.985691,-0.234289
227935.995683,-0.230751
227936.005679,-0.285617
227936.015679,-0.311352
227936.025671,-0.309476
227936.035667,-0.309831
227936.045648,-0.317805
227936.055640,-0.344388
227936.065641,-0.362025
227936.075635,-0.333689
227936.085627,-0.297373
227936.095622,-0.268914
227936.105616,-0.230119
227936.115608,-0.058912
227936.125603,0.049916
227936.135596,0.121555
227936.145588,0.189086
227936.155583,0.258574
227936.165576,0.310765
227936.175568,0.363522
227936.185563,0.357690
227936.195557,0.314402
227936.205549,0.261782
227936.215544,0.212633
227936.225537,0.160038
227936.235529,0.121241
227936.245524,0.107364
227936.255521,0.098645
227936.265513,0.080959
227936.275506,0.060671
227936.285511,0.066900
227936.295503,0.098976
227936.305485,0.139148
227936.315487,0.163028
227936.325479,0.144762
227936.335467,0.090079
227936.345467,0.044243
227936.355459,-0.008186
227936.365448,-0.053104
227936.375441,-0.089715
227936.385433,-0.152455
227936.395432,-0.192064
227936.405432,-0.168540
227936.415424,-0.133812
227936.425409,-0.060765
227936.435401,0.020505
227936.445393,0.068834
227936.455396,0.055749
227936.465369,-0.028597
227936.475361,0.001739
227936.485378,0.137816
227936.495368,0.519917
227936.505360,0.921113
227936.515352,0.883706
227936.525337,1.009078
227936.535329,0.905033
227936.545341,0.195270
227936.555335,0.189320
227936.565327,0.357578
227936.575313,0.567956
227936.585300,0.499019
227936.595292,0.278533
227936.605294,0.090575
227936.615271,-0.027949
227936.625263,-0.073337
227936.635275,-0.080588
227936.645271,-0.091123
227936.655263,-0.154115
227936.665250,-0.197751
227936.675238,-0.142430
227936.685230,-0.108162
227936.695236,-0.175873
227936.705229,-0.258313
227936.715221,-0.234091
227936.725205,-0.103942
227936.735193,0.074212
227936.745185,0.075589
227936.755204,0.033775
227936.765196,0.036208
227936.775188,0.050581
227936.785178,0.059645
227936.795167,0.082757
227936.805159,0.111916
227936.815159,0.133754
227936.825159,0.138657
227936.835151,0.004114
227936.845140,-0.230823
227936.855140,-0.319483
227936.865132,-0.421774
227936.875120,-0.340076
227936.885108,0.138785
227936.895100,1.145210
227936.905102,0.130870
227936.915093,0.328429
227936.925085,-0.620787
227936.935082,-2.014401
227936.945075,-0.671664
227936.955067,0.155358
227936.965063,0.587314
227936.974919,0.671470
227936.984911,0.450838
227936.994930,0.184269
227937.004918,0.014070
227937.014910,-0.048591
227937.024900,-0.048952
227937.034887,-0.045418
227937.044879,-0.071615
227937.054881,-0.087600
227937.064884,-0.121533
227937.074876,-0.133483
227937.084862,-0.018699
227937.094859,0.180647
227937.104851,0.312712
227937.114842,0.288896
227937.124838,0.152875
227937.134830,0.039461
227937.144823,0.036771
227937.154818,-0.006879
227937.164810,-0.017932
227937.174804,0.032857
227937.184798,0.104978
227937.194790,0.167217
227937.204785,0.216624
227937.214779,0.249836
227937.224771,0.257638
227937.234765,0.241093
227937.244759,0.191908
227937.254751,0.143481
227937.264745,0.052665
227937.274741,-0.100586
227937.284733,-0.230940
227937.294726,-0.210831
227937.304721,-0.201858
227937.314713,-0.022214
227937.324702,-0.564241
227937.334691,-1.037364
227937.344683,-0.080006
227937.354689,0.118734
227937.364670,0.405370
227937.374662,0.462801
227937.384670,0.400667
227937.394660,0.330535
227937.404652,0.222042
227937.414638,0.070009
227937.424644,-0.052336
227937.434636,-0.123511
227937.444630,-0.222380
227937.454625,-0.314957
227937.464617,-0.374706
227937.474609,-0.331163
227937.484606,-0.203372
227937.494598,-0.110650
227937.504603,-0.052373
227937.514586,0.070022
227937.524578,0.144120
227937.534574,0.099971
227937.544567,0.034036
227937.554559,0.048552
227937.564560,0.091537
227937.574549,0.086158
227937.584541,0.060848
227937.594529,0.074629
227937.604529,0.067746
227937.614521,0.019112
227937.624514,-0.014136
227937.634509,-0.024259
227937.644501,-0.040538
227937.654507,-0.043423
227937.664482,-0.061067
227937.674474,-0.060825
227937.684470,0.088867
227937.694470,0.219421
227937.704462,0.163217
227937.714445,-0.192309
227937.724438,0.320398
227937.734430,0.311715
227937.744442,-0.138627
227937.754432,-0.198683
227937.764424,0.028315
227937.774409,0.147175
227937.784413,0.125400
227937.794405,0.073684
227937.804385,0.080211
227937.814394,0.136249
227937.824386,0.131981
227937.834386,0.043523
227937.844376,-0.056957
227937.854368,-0.100761
227937.864351,-0.104311
227937.874363,-0.068061
227937.884355,-0.017921
227937.894344,0.011178
227937.904335,-0.006492
227937.914327,-0.007792
227937.924313,-0.008911
227937.934327,-0.011783
227937.944319,0.004335
227937.954311,0.010763
227937.964304,-0.002766
227937.974296,-0.024048
227937.984279,-0.044808
227937.994279,-0.071192
227938.004271,-0.097042
227938.014248,-0.114221
227938.024263,-0.069305
227938.034255,0.027385
227938.044247,0.124986
227938.054240,0.180681
227938.064232,0.184412
227938.074215,0.179576
227938.084221,0.156622
227938.094213,0.119934
227938.104214,0.069309
227938.114202,0.013648
227938.124194,-0.041577
227938.134180,-0.066259
227938.144182,-0.036640
227938.154174,-0.034692
227938.164180,-0.040043
227938.174163,-0.018942
227938.184155,0.016485
227938.194159,0.033792
227938.204137,0.047815
227938.214129,0.055375
227938.224130,0.048551
227938.234125,0.032923
227938.244117,0.011154
227938.254107,-0.001247
227938.264105,-0.006380
227938.274097,-0.018275
227938.284083,-0.032979
227938.294087,-0.047144
227938.304079,-0.067159
227938.314083,-0.110899
227938.324067,-0.127781
227938.334059,-0.139117
227938.344051,-0.152731
227938.354048,-0.114558
227938.364040,-0.031999
227938.374020,-0.031832
227938.384028,-0.027248
227938.394020,-0.053181
227938.404018,-0.078510
227938.414009,-0.105588
227938.424001,-0.124161
227938.433983,-0.125223
227938.443991,-0.128753
227938.453983,-0.009823
227938.463984,0.076495
227938.473971,-0.044129
227938.483963,-0.165119
227938.493957,-0.121683
227938.503951,0.051080
227938.513943,0.116705
227938.523922,0.070233
227938.533933,-0.037605
227938.543925,-0.163099
227938.553919,-0.253119
227938.563913,-0.208241
227938.573905,-0.151990
227938.583889,-0.099401
227938.593894,-0.086361
227938.603886,0.020586
227938.613888,-0.019194
227938.623863,-0.073494
227938.633855,-0.031083
227938.643856,0.038200
227938.653855,0.057863
227938.663847,0.012198
227938.673824,0.004324
227938.683835,-0.003408
227938.693827,-0.020491
227938.703822,-0.008433
227938.713807,-0.063856
227938.723799,-0.117905
227938.733791,-0.139296
227938.743782,-0.107079
227938.753774,-0.098622
227938.763784,-0.120229
227938.773778,-0.129465
227938.783770,-0.108520
227938.793757,-0.029313
227938.803759,-0.066061
227938.813751,-0.044970
227938.823746,-0.001097
227938.833739,-0.022166
227938.843731,-0.063301
227938.853725,-0.064708
227938.863713,-0.084252
227938.873705,-0.069109
227938.883708,-0.071677
227938.893701,-0.040951
227938.903693,-0.077583
227938.913688,-0.089736
227938.923682,-0.018958
227938.933674,-0.053932
227938.943648,-0.109824
227938.953663,-0.049128
227938.963655,-0.056844
227938.973650,-0.024887
227938.983644,-0.038831
227938.993636,-0.037368
227939.003630,-0.033166
227939.013636,-0.065760
227939.023628,-0.083998
227939.033611,-0.052676
227939.043604,-0.036700
227939.053596,-0.036235
227939.063592,-0.024142
227939.073585,-0.011785
227939.083577,-0.022642
227939.093572,-0.028600
227939.103566,-0.030827
227939.113558,-0.045657
227939.123536,-0.054145
227939.133541,-0.030499
227939.143533,-0.009739
227939.153527,-0.037996
227939.163540,-0.054978
227939.173532,-0.017652
227939.183514,-0.027824
227939.193517,-0.048975
227939.203509,-0.040066
227939.213497,-0.043947
227939.223496,-0.074299
227939.233488,-0.093472
227939.243477,-0.089406
227939.253477,-0.053642
227939.263469,-0.050690
227939.273453,-0.042442
227939.283440,-0.065782
227939.293432,-0.080917
227939.303420,-0.055185
227939.313422,-0.076414
227939.323414,-0.061980
227939.333418,-0.041677
227939.343412,-0.021244
227939.353404,-0.026547
227939.363400,-0.017739
227939.373388,-0.016316
227939.383380,-0.029544
227939.393380,-0.008601
227939.403386,0.021714
227939.413378,0.018943
227939.423353,0.011762
227939.433355,-0.124800
227939.443347,-0.059801
227939.453342,0.077891
227939.463324,0.082535
227939.473316,-0.010175
227939.483323,0.001795
227939.493329,-0.016735
227939.503321,-0.055449
227939.513303,-0.121624
227939.523283,-0.098585
227939.533275,-0.014426
227939.543283,0.039282
227939.553285,0.047010
227939.563277,0.058811
227939.573265,0.087479
227939.583250,0.078067
227939.593242,0.022372
227939.603245,-0.007630
227939.613225,-0.051386
227939.623217,-0.035517
227939.633226,0.033337
227939.643218,-0.052154
227939.653210,-0.093158
227939.663206,-0.083488
227939.673192,-0.060288
227939.683184,-0.045422
227939.693187,-0.060881
227939.703183,-0.060045
227939.713175,-0.027854
227939.723168,-0.028066
227939.733159,-0.033957
227939.743151,-0.011852
227939.753139,-0.003487
227939.763144,-0.010147
227939.773136,-0.033327
227939.783129,-0.055440
227939.793126,-0.069511
227939.803118,-0.106609
227939.813111,-0.144268
227939.823095,-0.244085
227939.833087,-0.180186
227939.843091,0.058066
227939.853086,-0.059248
227939.863078,-0.138463
227939.873085,-0.120722
227939.883065,-0.239654
227939.893057,-0.187636
227939.903060,-0.193573
227939.913048,-0.180174
227939.923040,-0.200997
227939.933034,-0.263101
227939.943028,-0.207946
227939.953020,-0.172379
227939.963006,-0.105474
227939.973009,-0.087260
227939.983001,-0.039913
227939.992996,-0.065481
227940.002990,-0.072644
227940.012982,-0.043266
227940.022977,-0.038755
227940.032970,-0.026429
227940.042962,-0.025591
227940.052956,-0.027555
227940.062952,-0.026630
227940.072944,-0.059445
227940.082941,-0.068287
227940.092932,-0.084756
227940.102924,-0.061276
227940.112918,0.008428
227940.122914,-0.061093
227940.132906,-0.086219
227940.142898,-0.019611
227940.152894,-0.072115
227940.162886,-0.076510
227940.172880,-0.048338
227940.182875,-0.022037
227940.192867,0.021552
227940.202861,0.013813
227940.212846,-0.024148
227940.222838,-0.084185
227940.232842,-0.100952
227940.242837,-0.045536
227940.252829,-0.067132
227940.262823,-0.050203
227940.272826,-0.088513
227940.282818,-0.121048
227940.292804,-0.106079
227940.302800,-0.084191
227940.312792,-0.084281
227940.322785,-0.116812
227940.332769,-0.126555
227940.342761,-0.107816
227940.352765,-0.091173
227940.362759,-0.060900
227940.372751,-0.033369
227940.382746,-0.004040
227940.392729,-0.003611
227940.402721,0.013315
227940.412726,0.040837
227940.422721,0.047689
227940.432713,0.037295
227940.442707,0.030277
227940.452703,0.039391
227940.462695,0.065577
227940.472688,0.056055
227940.482671,0.029596
227940.492663,0.022532
227940.502668,0.040787
227940.512663,0.059446
227940.522655,0.060102
227940.532649,0.023802
227940.542644,0.021266
227940.552636,0.036638
227940.562629,0.015425
227940.572624,0.021373
227940.582616,0.045325
227940.592605,0.098913
227940.602605,0.127666
227940.612597,0.126680
227940.622603,0.106252
227940.632587,0.090225
227940.642579,0.078581
227940.652559,0.073233
227940.662567,0.081775
227940.672559,0.095124
227940.682565,0.128127
227940.692548,0.137007
227940.702540,0.116776
227940.712530,0.113653
227940.722528,0.085944
227940.732520,0.034553
227940.742527,0.006015
227940.752510,-0.056735
227940.762502,-0.131843
227940.772483,-0.093403
227940.782490,-0.052853
227940.792482,-0.108204
227940.802486,-0.152302
227940.812469,-0.134996
227940.822461,-0.130058
227940.832455,-0.146748
227940.842452,-0.172783
227940.852444,-0.194935
227940.862423,-0.181650
227940.872433,-0.176798
227940.882425,-0.167082
227940.892422,-0.145904
227940.902413,-0.117818
227940.912405,-0.103378
227940.922390,-0.107650
227940.932394,-0.118246
227940.942386,-0.126319
227940.952384,-0.138523
227940.962375,-0.143641
227940.972367,-0.134567
227940.982357,-0.117006
227940.992355,-0.105549
227941.002347,-0.099136
227941.012325,-0.096168
227941.022336,-0.062212
227941.032328,-0.056707
227941.042324,-0.052161
227941.052317,-0.056193
227941.062309,-0.048070
227941.072300,-0.043828
227941.082297,-0.056001
227941.092289,-0.066088
227941.102285,-0.059278
227941.112284,-0.050284
227941.122276,-0.039674
227941.132262,-0.020161
227941.142245,0.010642
227941.152237,0.013054
227941.162249,0.000016
227941.172240,-0.013838
227941.182232,-0.011603
227941.192223,-0.024183
227941.202214,-0.026514
227941.212206,-0.038424
227941.222195,-0.036774
227941.232203,-0.028705
227941.242195,-0.005234
227941.252191,0.014229
227941.262183,0.013110
227941.272175,0.003576
227941.282169,-0.025283
227941.292156,-0.046610
227941.302148,-0.066029
227941.312157,-0.051403
227941.322144,-0.003875
227941.332136,0.019899
227941.342131,0.038494
227941.352126,0.022507
227941.362118,0.008930
227941.372097,-0.011491
227941.382106,-0.027316
227941.392098,-0.024087
227941.402091,-0.066869
227941.412087,-0.000488
227941.422079,0.030797
227941.432064,0.093904
227941.442067,0.125138
227941.452059,0.046782
227941.462054,0.011781
227941.472048,0.053359
227941.482040,-0.036405
227941.492032,-0.060588
227941.502029,0.021021
227941.512021,0.034324
227941.521999,0.058592
227941.532010,0.041900
227941.542002,0.039741
227941.551993,0.015448
227941.561991,-0.002488
227941.571983,-0.052375
227941.581965,-0.003747
227941.591972,-0.030600
227941.601964,0.035968
227941.611958,0.113247
227941.621953,0.071031
227941.631945,0.054072
227941.641939,0.037976
227941.651934,0.105435
227941.661926,0.162305
227941.671920,0.008584
227941.681914,0.013012
227941.691906,0.095222
227941.701900,0.181017
227941.711895,0.092663
227941.721887,0.081572
227941.731881,0.011307
227941.741876,0.050693
227941.751868,0.043475
227941.761862,-0.147716
227941.771856,-0.055730
227941.781848,-0.054433
227941.791842,-0.051177
227941.801837,-0.091641
227941.811829,-0.110468
227941.821822,-0.164354
227941.831810,-0.232523
227941.841802,-0.274080
227941.851790,-0.323948
227941.861798,-0.379962
227941.871790,-0.418103
227941.881785,-0.522803
227941.891778,-0.551616
227941.901770,-0.587297
227941.911766,-0.696304
227941.921759,-0.666889
227941.931751,-0.611345
227941.941746,-0.631666
227941.951725,-0.632643
227941.961717,-0.678272
227941.971727,-0.717075
227941.981563,-0.701915
227941.991555,-0.652605
227942.001561,-0.630917
227942.011546,-0.579026
227942.021538,-0.569363
227942.031526,-0.563742
227942.041530,-0.528708
227942.051522,-0.504874
227942.061522,-0.471770
227942.071513,-0.461575
227942.081505,-0.366908
227942.091504,-0.350921
227942.101504,-0.395536
227942.111496,-0.367112
227942.121484,-0.307805
227942.131480,-0.247955
227942.141472,-0.170415
227942.151466,-0.105253
227942.161467,-0.047910
227942.171459,-0.005496
227942.181446,0.029694
227942.191430,0.080783
227942.201422,0.130791
227942.211427,0.192515
227942.221423,0.171684
227942.231415,0.158801
227942.241408,0.169837
227942.251414,0.168793
227942.261406,0.144629
227942.271389,0.120245
227942.281383,0.105930
227942.291375,0.101870
227942.301369,0.136601
227942.311351,0.054126
227942.321343,-0.384209
227942.331349,-0.014351
227942.341350,0.133426
227942.351342,0.077538
227942.361337,0.013828
227942.371318,-0.021905
227942.381310,-0.079346
227942.391311,-0.088109
227942.401317,-0.039191
227942.411309,0.022478
227942.421292,0.083469
227942.431284,0.133635
227942.441276,0.202615
227942.451253,0.204627
227942.461253,0.226431
227942.471245,0.053258
227942.481263,0.086643
227942.491247,-0.019252
227942.501239,-0.129386
227942.511231,-0.227685
227942.521219,-0.220019
227942.531211,-0.125147
227942.541215,-0.058280
227942.551222,0.000525
227942.561214,0.059485
227942.571196,0.102444
227942.581175,0.113943
227942.591167,0.125107
227942.601177,0.128451
227942.611183,0.110205
227942.621175,0.101654
227942.631158,0.106428
227942.641154,0.079160
227942.651146,0.069691
227942.661139,0.057936
227942.671123,0.042356
227942.681115,0.019456
227942.691119,-0.016185
227942.701108,-0.066784
227942.711100,-0.086714
227942.721100,-0.069949
227942.731089,-0.029557
227942.741081,-0.009451
227942.751081,-0.024526
227942.761058,-0.071594
227942.771050,-0.103092
227942.781062,-0.093670
227942.791057,-0.122356
227942.801049,-0.091356
227942.811042,-0.055181
227942.821024,-0.050936
227942.831016,-0.043105
227942.841036,-0.031390
227942.851024,-0.015333
227942.861016,-0.056239
227942.871004,-0.004827
227942.880992,0.023094
227942.890984,0.034175
227942.900984,0.042839
227942.910979,0.045478
227942.920971,0.049930
227942.930965,0.042071
227942.940959,0.032490
227942.950951,0.010713
227942.960946,-0.006301
227942.970923,0.001383
227942.980915,0.024016
227942.990927,0.035947
227943.000928,0.030375
227943.010920,0.042947
227943.020909,0.035866
227943.030910,0.011305
227943.040902,-0.010059
227943.050889,-0.028403
227943.060883,-0.054084
227943.070875,-0.005940
227943.080870,0.095435
227943.090862,0.115474
227943.100854,0.089310
227943.110850,0.065636
227943.120830,0.025738
227943.130822,-0.011497
227943.140832,-0.040293
227943.150809,-0.067814
227943.160801,-0.068403
227943.170809,-0.077894
227943.180804,-0.135936
227943.190796,-0.184832
227943.200793,-0.207931
227943.210787,-0.229768
227943.220779,-0.237981
227943.230774,-0.210779
227943.240764,-0.161674
227943.250756,-0.100335
227943.260754,-0.046551
227943.270749,0.000602
227943.280741,0.031178
227943.290734,0.069263
227943.300729,0.094828
227943.310721,0.110600
227943.320723,0.119387
227943.330710,0.122182
227943.340702,0.122474
227943.350696,0.103962
227943.360691,0.057353
227943.370683,0.007447
227943.380669,-0.007844
227943.390672,-0.006656
227943.400664,-0.013311
227943.410657,-0.012029
227943.420660,-0.000138
227943.430652,0.009619
227943.440647,0.009632
227943.450633,0.008076
227943.460625,-0.010874
227943.470614,-0.027450
227943.480614,-0.038673
227943.490606,-0.057444
227943.500612,-0.074480
227943.510595,-0.083822
227943.520587,-0.083126
227943.530580,-0.061262
227943.540577,-0.062137
227943.550569,-0.054858
227943.560549,-0.024754
227943.570556,-0.007604
227943.580548,-0.012116
227943.590552,-0.035880
227943.600537,-0.038409
227943.610529,-0.001954
227943.620529,0.020401
227943.630529,0.037619
227943.640521,0.056715
227943.650494,0.061720
227943.660489,0.051995
227943.670481,0.040585
227943.680482,0.046280
227943.690471,0.054943
227943.700463,0.053188
227943.710451,0.053174
227943.720457,0.035364
227943.730449,0.026312
227943.740450,0.023123
227943.750432,0.001506
227943.760424,-0.021291
227943.770418,-0.035825
227943.780422,-0.054090
227943.790414,-0.068634
227943.800417,-0.072191
227943.810403,-0.055044
227943.820395,-0.027699
227943.830385,-0.002383
227943.840383,-0.001969
227943.850375,-0.000309
227943.860353,-0.004972
227943.870365,-0.015923
227943.880357,-0.012331
227943.890352,-0.015963
227943.900345,-0.020364
227943.910337,-0.009724
227943.920320,0.004217
227943.930326,0.011809
227943.940318,0.017331
227943.950299,0.020779
227943.960306,0.011856
227943.970298,0.012174
227943.980291,0.015463
227943.990288,0.008123
227944.000280,-0.011777
227944.010274,-0.024854
227944.020268,-0.022804
227944.030260,-0.022796
227944.040267,-0.021467
227944.050249,-0.018353
227944.060241,-0.008583
227944.070220,-0.009488
227944.080235,-0.009085
227944.090227,-0.016134
227944.100221,-0.017997
227944.110211,-0.014285
227944.120203,-0.010660
227944.130189,-0.006882
227944.140191,-0.002271
227944.150183,-0.006261
227944.160188,-0.010663
227944.170172,-0.021132
227944.180164,-0.020723
227944.190143,-0.008458
227944.200153,0.001646
227944.210145,-0.004827
227944.220138,-0.031508
227944.230134,-0.039843
227944.240126,-0.022406
227944.250103,-0.015962
227944.260114,-0.023854
227944.270106,-0.030771
227944.280100,-0.027721
227944.290095,-0.030956
227944.300087,-0.045397
227944.310068,-0.038800
227944.320076,0.128868
227944.330068,0.146810
227944.340059,0.028973
227944.350056,-0.025934
227944.360048,-0.074680
227944.370045,-0.085035
227944.380033,-0.055907
227944.390025,-0.035699
227944.400014,-0.041955
227944.410017,-0.039397
227944.420009,-0.005402
