227845.701382,-0.015450
227845.726376,-0.055702
227845.736368,0.004345
227845.746360,0.015513
227845.756355,-0.017173
227845.766347,-0.050688
227845.776339,-0.073574
227845.786331,-0.069181
227845.796326,-0.074879
227845.806318,-0.049898
227845.816309,-0.024439
227845.826304,0.075732
227845.836296,0.084151
227845.846282,0.034734
227845.856282,-0.043551
227845.866274,-0.110350
227845.876265,-0.135830
227845.886259,-0.110259
227845.896251,-0.035765
227845.906242,0.041518
227845.916231,0.112995
227845.926223,0.165387
227845.936221,0.180891
227845.946216,0.168836
227845.956208,0.135283
227845.966182,0.077022
227845.976193,0.079188
227845.986185,0.064365
227845.996172,-0.002883
227846.006171,-0.086608
227846.016163,-0.153941
227846.026150,-0.244025
227846.036149,-0.331592
227846.046141,-0.377070
227846.056146,-0.467914
227846.066127,-0.587958
227846.076119,-0.671742
227846.086113,-0.712892
227846.096106,-0.718204
227846.106098,-0.696379
227846.116097,-0.642636
227846.126084,-0.562693
227846.136076,-0.471191
227846.146075,-0.301126
227846.156063,-0.109918
227846.166055,0.031436
227846.176047,0.187768
227846.186040,0.365601
227846.196032,0.526211
227846.206023,0.649080
227846.216018,0.727131
227846.226010,0.761170
227846.236008,0.738827
227846.245989,0.662361
227846.255981,0.539512
227846.265970,0.499170
227846.275975,0.504516
227846.285967,0.488569
227846.295948,0.503609
227846.305953,0.455319
227846.315945,0.485676
227846.325945,0.475959
227846.335939,0.285365
227846.345931,0.124758
227846.355919,-0.027052
227846.365909,-0.229073
227846.375901,-0.535372
227846.385887,-0.867836
227846.395887,-1.060705
227846.405879,-1.107412
227846.415856,-1.224996
227846.425865,-1.157680
227846.435857,-0.932430
227846.445854,-0.670515
227846.455828,-0.400255
227846.465820,-0.166943
227846.475823,0.001464
227846.485829,0.153494
227846.495821,0.288135
227846.505791,0.376531
227846.515799,0.425754
227846.525791,0.439124
227846.535790,0.446304
227846.545777,0.419091
227846.555769,0.415687
227846.565758,0.474113
227846.575755,0.496518
227846.585747,0.479369
227846.595726,0.449139
227846.605734,0.397062
227846.615726,0.338728
227846.625721,0.274499
227846.635712,0.210195
227846.645704,0.146284
227846.655693,0.070563
227846.665690,-0.041012
227846.675682,-0.189608
227846.685672,-0.361727
227846.695669,-0.545581
227846.705661,-0.748481
227846.715659,-0.897960
227846.725647,-0.970338
227846.735639,-0.922823
227846.745626,-0.823047
227846.755625,-0.635364
227846.765617,-0.389388
227846.775601,-0.133613
227846.785603,0.080248
227846.795595,0.246560
227846.805580,0.367994
227846.815581,0.437213
227846.825573,0.477572
227846.835557,0.501587
227846.845559,0.526947
227846.855551,0.553195
227846.865544,0.580650
227846.875537,0.596844
227846.885529,0.612023
227846.895531,0.605803
227846.905518,0.568789
227846.915510,0.476309
227846.925501,0.355111
227846.935494,0.222494
227846.945486,0.073471
227846.955335,-0.104509
227846.965329,-0.290797
227846.975321,-0.480125
227846.985324,-0.696029
227846.995308,-0.888777
227847.005300,-1.026703
227847.015288,-1.060397
227847.025287,-1.018075
227847.035279,-0.964648
227847.045271,-0.856570
227847.055264,-0.682211
227847.065256,-0.443769
227847.075250,-0.209886
227847.085241,-0.002582
227847.095233,0.148325
227847.105237,0.249311
227847.115220,0.297364
227847.125212,0.273164
227847.135205,0.289388
227847.145205,0.259332
227847.155197,0.231232
227847.165195,0.282759
227847.175177,0.343322
227847.185169,0.347705
227847.195162,0.340783
227847.205151,0.356868
227847.215143,0.355518
227847.225131,0.170372
227847.235134,-0.023253
227847.245126,0.041187
227847.255118,-0.065371
227847.265112,-0.172449
227847.275104,-0.257205
227847.285098,-0.338566
227847.295090,-0.382343
227847.305082,-0.361497
227847.315067,-0.318601
227847.325068,-0.318289
227847.335060,-0.355109
227847.345065,-0.408970
227847.355047,-0.483328
227847.365039,-0.541806
227847.375031,-0.521269
227847.385025,-0.407471
227847.395017,-0.229131
227847.405016,-0.024824
227847.415003,0.182192
227847.424995,0.377857
227847.434988,0.512151
227847.444976,0.573598
227847.454968,0.565221
227847.464957,0.502037
227847.474946,0.428661
227847.484938,0.399940
227847.494937,0.425552
227847.504938,0.497325
227847.514930,0.556923
227847.524922,0.599754
227847.534917,0.602619
227847.544909,0.568323
227847.554901,0.497770
227847.564894,0.379257
227847.574886,0.275119
227847.584872,0.202139
227847.594872,0.126012
227847.604864,0.019530
227847.614857,-0.134092
227847.624851,-0.204101
227847.634843,-0.290595
227847.644836,-0.521884
227847.654829,-0.906984
227847.664821,-1.206388
227847.674808,-1.325493
227847.684806,-1.310421
227847.694798,-1.137586
227847.704792,-0.881898
227847.714797,-0.577443
227847.724789,-0.272608
227847.734770,-0.028832
227847.744762,0.126113
227847.754754,0.253582
227847.764731,0.393624
227847.774745,0.497413
227847.784737,0.524164
227847.794726,0.505555
227847.804719,0.479016
227847.814711,0.457591
227847.824705,0.440089
227847.834698,0.426170
227847.844690,0.408465
227847.854683,0.414149
227847.864676,0.440580
227847.874668,0.469376
227847.884661,0.486427
227847.894654,0.502268
227847.904646,0.514354
227847.914640,0.516200
227847.924633,0.497169
227847.934625,0.425497
227847.944618,0.342782
227847.954610,0.164293
227847.964602,-0.118006
227847.974595,-0.500249
227847.984589,-0.929822
227847.994581,-1.053265
227848.004565,-1.084265
227848.014567,-1.132321
227848.024559,-1.113448
227848.034548,-1.175879
227848.044557,-1.185768
227848.054549,-1.078651
227848.064531,-0.873710
227848.074523,-0.603007
227848.084515,-0.342659
227848.094508,-0.102488
227848.104501,0.128384
227848.114493,0.375206
227848.124484,0.610554
227848.134479,0.802428
227848.144471,0.871150
227848.154463,0.870504
227848.164457,0.833291
227848.174449,0.823260
227848.184444,0.814809
227848.194435,0.789128
227848.204427,0.747516
227848.214411,0.653055
227848.224413,0.492323
227848.234405,0.405447
227848.244399,0.365688
227848.254387,0.364199
227848.264379,0.401879
227848.274378,0.408977
227848.284382,0.374649
227848.294374,0.251267
227848.304356,-0.016997
227848.314333,-0.449356
227848.324325,-1.030252
227848.334322,-1.695816
227848.344311,-1.993097
227848.354303,-1.610131
227848.364322,-1.567323
227848.374308,-1.586291
227848.384300,-1.154238
227848.394291,-0.685355
227848.404284,-0.340141
227848.414276,-0.029507
227848.424269,0.305410
227848.434268,0.542807
227848.444260,0.742062
227848.454247,0.790443
227848.464247,0.817928
227848.474239,0.863676
227848.484226,0.882601
227848.494214,0.892798
227848.504206,0.891300
227848.514204,0.886516
227848.524187,0.887532
227848.534179,0.890135
227848.544182,0.904499
227848.554171,0.924863
227848.564163,0.947554
227848.574161,0.706910
227848.584145,-0.810850
227848.594137,-1.121663
227848.604148,-1.266681
227848.614139,-1.250113
227848.624131,-0.978797
227848.634117,-0.808816
227848.644102,-0.766620
227848.654094,-0.675333
227848.664096,-0.455838
227848.674101,-0.289905
227848.684093,-0.178636
227848.694074,-0.063974
227848.704065,0.029329
227848.714057,0.104219
227848.724051,0.144768
227848.734050,0.118881
227848.744042,0.045700
227848.754030,-0.023695
227848.764007,-0.078565
227848.773999,-0.115745
227848.784000,-0.125641
227848.793988,-0.098059
227848.803980,-0.048561
227848.813987,0.021204
227848.823987,0.081611
227848.833979,0.151165
227848.843964,0.218325
227848.853954,0.271924
227848.863946,0.303905
227848.873942,0.327828
227848.883923,0.320799
227848.893915,0.284313
227848.903921,0.263985
227848.913922,0.228455
227848.923914,0.118491
227848.933899,0.075366
227848.943890,0.033139
227848.953882,-0.019797
227848.963878,-0.071805
227848.973859,-0.117355
227848.983851,-0.170181
227848.993855,-0.214906
227849.003856,-0.243319
227849.013848,-0.246370
227849.023834,-0.239521
227849.033825,-0.212608
227849.043817,-0.198002
227849.053811,-0.224674
227849.063793,-0.300372
227849.073785,-0.430108
227849.083773,-0.571171
227849.093793,-0.654982
227849.103785,-0.642365
227849.113768,-0.517672
227849.123761,-0.316878
227849.133753,-0.101856
227849.143732,0.087079
227849.153729,0.244354
227849.163721,0.367108
227849.173725,0.452934
227849.183724,0.503520
227849.193716,0.508339
227849.203703,0.499734
227849.213696,0.465956
227849.223688,0.435912
227849.233682,0.390258
227849.243664,0.348033
227849.253656,0.293988
227849.263660,0.287877
227849.273652,0.261932
227849.283644,0.237338
227849.293639,0.180235
227849.303632,0.091279
227849.313624,0.015948
227849.323616,-0.053467
227849.333610,-0.121011
227849.343602,-0.179025
227849.353595,-0.235198
227849.363588,-0.289410
227849.373580,-0.366235
227849.383573,-0.436020
227849.393566,-0.371096
227849.403558,-0.252340
227849.413551,-0.231839
227849.423544,-0.278719
227849.433536,-0.354347
227849.443513,-0.424385
227849.453523,-0.504100
227849.463515,-0.496995
227849.473508,-0.404708
227849.483499,-0.279908
227849.493491,-0.148774
227849.503486,-0.005776
227849.513470,0.101814
227849.523462,0.198956
227849.533464,0.268384
227849.543456,0.322927
227849.553448,0.359886
227849.563443,0.332295
227849.573434,0.282007
227849.583426,0.251231
227849.593420,0.248247
227849.603425,0.246127
227849.613417,0.214782
227849.623398,0.161432
227849.633374,0.100570
227849.643366,0.022620
227849.653377,-0.041612
227849.663370,-0.056235
227849.673362,-0.022680
227849.683356,-0.066691
227849.693338,-0.138522
227849.703330,-0.135459
227849.713333,-0.125298
227849.723327,-0.114732
227849.733319,-0.081903
227849.743312,-0.055571
227849.753308,-0.053570
227849.763300,-0.087767
227849.773289,-0.131015
227849.783284,-0.200514
227849.793276,-0.275556
227849.803269,-0.304758
227849.813263,-0.298204
227849.823255,-0.252482
227849.833246,-0.219084
227849.843231,-0.242408
227849.853223,-0.129189
227849.863225,-0.036843
227849.873218,-0.016034
227849.883210,0.076760
227849.893203,0.233918
227849.903197,0.328759
227849.913189,0.334134
227849.923182,0.386293
227849.933175,0.411939
227849.943167,0.344370
227849.953160,0.365305
227849.963153,0.363648
227849.973145,0.336565
227849.983138,0.280655
227849.993133,0.250610
227850.003125,0.195463
227850.013113,0.117223
227850.023101,0.079563
227850.033093,0.015555
227850.043082,0.051394
227850.053088,0.071172
227850.063080,-0.133645
227850.073062,-0.086278
227850.083066,-0.071612
227850.093058,-0.101099
227850.103051,-0.085956
227850.113045,-0.105332
227850.123037,-0.111780
227850.133029,-0.105455
227850.143022,-0.080164
227850.153014,-0.065233
227850.163007,-0.053188
227850.173000,-0.036185
227850.182992,-0.022135
227850.192986,-0.024777
227850.202979,-0.018474
227850.212971,-0.003196
227850.222964,-0.003540
227850.232957,-0.014052
227850.242949,-0.025526
227850.252942,-0.050469
227850.262935,-0.060718
227850.272927,-0.066539
227850.282920,-0.050430
227850.292914,-0.032758
227850.302906,-0.006333
227850.312899,-0.001063
227850.322892,-0.029591
227850.332884,-0.070874
227850.342876,-0.112547
227850.352871,-0.158322
227850.362863,-0.192119
227850.372855,-0.203254
227850.382849,-0.194368
227850.392841,-0.180993
227850.402833,-0.162402
227850.412825,-0.189871
227850.422817,-0.228914
227850.432811,-0.269118
227850.442792,-0.297888
227850.452784,-0.300279
227850.462790,-0.263090
227850.472783,-0.215898
227850.482775,-0.171687
227850.492767,-0.133555
227850.502761,-0.107464
227850.512753,-0.095764
227850.522741,-0.096373
227850.532739,-0.092224
227850.542731,-0.086128
227850.552737,-0.066841
227850.562719,-0.025330
227850.572711,0.006686
227850.582706,0.033043
227850.592696,0.067927
227850.602688,0.094420
227850.612682,0.107024
227850.622675,0.101515
227850.632667,0.081981
227850.642670,0.057097
227850.652653,0.033347
227850.662645,0.014876
227850.672641,0.006815
227850.682632,0.005211
227850.692624,0.002031
227850.702622,0.002158
227850.712610,-0.003647
227850.722602,-0.014956
227850.732601,-0.034726
227850.742589,-0.061445
227850.752581,-0.089397
227850.762565,-0.115685
227850.772567,-0.138715
227850.782559,-0.155204
227850.792538,-0.153418
227850.802545,-0.156076
227850.812537,-0.151088
227850.822518,-0.129613
227850.832530,-0.110008
227850.842522,-0.096274
227850.852504,-0.073784
227850.862513,-0.020759
227850.872505,0.037013
227850.882481,0.069687
227850.892480,0.073488
227850.902472,0.060393
227850.912459,0.041847
227850.922458,0.028858
227850.932450,0.019064
227850.942430,-0.008430
227850.952436,-0.023752
227850.962428,-0.008320
227850.972414,0.029002
227850.982415,0.038456
227850.992407,0.022540
227851.002384,0.001867
227851.012393,0.000517
227851.022385,-0.010687
227851.032382,-0.037843
227851.042372,-0.045823
227851.052364,-0.023590
227851.062351,-0.019981
227851.072350,-0.001524
227851.082342,0.006903
227851.092319,0.013051
227851.102329,0.033016
227851.112321,0.054671
227851.122316,0.035822
227851.132306,0.032756
227851.142298,0.011711
227851.152286,-0.018113
227851.162285,-0.032895
227851.172277,-0.041305
227851.182254,-0.016875
227851.192263,0.025511
227851.202255,0.051022
227851.212253,0.055110
227851.222240,0.070534
227851.232232,0.069291
227851.242221,0.052347
227851.252215,0.038925
227851.262207,0.033250
227851.272201,0.068138
227851.282188,0.109947
227851.292180,0.148260
227851.302188,0.161083
227851.312179,0.173517
227851.322171,0.175561
227851.332156,0.173036
227851.342155,0.165105
227851.352147,0.155891
227851.362124,0.135877
227851.372134,0.112988
227851.382126,0.094657
227851.392124,0.077756
227851.402112,0.072037
227851.412104,0.071027
227851.422098,0.059438
227851.432090,0.043196
227851.442082,0.024180
227851.452064,0.015405
227851.462068,-0.013867
227851.472060,-0.041285
227851.482059,-0.053951
227851.492046,-0.046288
227851.502038,-0.051998
227851.512026,-0.054403
227851.522025,-0.056758
227851.532017,-0.055909
227851.541993,-0.049971
227851.552004,-0.041182
227851.561996,-0.015519
227851.571981,0.018585
227851.581982,0.057685
227851.591974,0.075762
227851.601950,0.072366
227851.611961,0.076090
227851.621953,0.068515
227851.631931,0.061804
227851.641939,0.034567
227851.651931,0.018440
227851.661926,0.050390
227851.671918,0.066512
227851.681910,0.061063
227851.691898,0.072184
227851.701896,0.094188
227851.711888,0.102829
227851.721881,0.101871
227851.731873,0.079093
227851.741865,0.049301
227851.751860,0.019915
227851.761852,0.005833
227851.771844,-0.002596
227851.781837,-0.006064
227851.791830,-0.025278
227851.801822,-0.053381
227851.811827,-0.062372
227851.821809,-0.068714
227851.831801,-0.062974
227851.841800,-0.045344
227851.851788,-0.001275
227851.861780,0.059601
227851.871767,0.111889
227851.881766,0.109218
227851.891758,0.095285
227851.901737,0.092143
227851.911745,0.099459
227851.921737,0.082800
227851.931735,0.051759
227851.941723,0.031570
227851.951715,0.021048
227851.961585,0.005190
227851.971582,-0.017811
227851.981574,-0.021103
227851.991553,-0.003969
227852.001561,0.025970
227852.011553,0.051812
227852.021552,0.068977
227852.031539,0.067498
227852.041531,0.057377
227852.051519,0.045965
227852.061517,0.002963
227852.071509,-0.041553
227852.081488,0.015386
227852.091506,0.089705
227852.101498,0.105501
227852.111487,0.093123
227852.121469,0.063993
227852.131461,0.005792
227852.141455,-0.020746
227852.151452,0.007652
227852.161444,0.025873
227852.171448,0.009432
227852.181442,0.018696
227852.191434,0.049301
227852.201415,0.056954
227852.211410,0.055620
227852.221402,0.051518
227852.231380,0.041031
227852.241387,0.000673
227852.251379,-0.005619
227852.261385,-0.010257
227852.271366,-0.013818
227852.281358,-0.041289
227852.291348,-0.051162
227852.301344,-0.045512
227852.311336,-0.069554
227852.321326,-0.104790
227852.331323,-0.044958
227852.341315,0.005844
227852.351294,0.054724
227852.361301,0.096956
227852.371293,0.120007
227852.381293,0.102916
227852.391279,0.056629
227852.401271,0.047573
227852.411261,0.058716
227852.421259,0.041776
227852.431251,0.053039
227852.441254,0.035162
227852.451237,0.008793
227852.461229,-0.024261
227852.471211,-0.033738
227852.481216,-0.008987
227852.491208,0.012955
227852.501210,0.014928
227852.511194,0.039876
227852.521186,0.071612
227852.531165,0.066618
227852.541173,0.019014
227852.551165,-0.004060
227852.561151,-0.017629
227852.571139,-0.014864
227852.581131,-0.013082
227852.591119,-0.028457
227852.601129,-0.043875
227852.611121,-0.057784
227852.621099,-0.067664
227852.631107,-0.026885
227852.641099,0.048031
227852.651099,0.126952
227852.661086,0.135370
227852.671078,0.127109
227852.681067,0.128829
227852.691065,0.133775
227852.701057,0.092601
227852.711035,0.030597
227852.721042,0.104052
227852.731034,0.175592
227852.741034,0.199340
227852.751021,0.139323
227852.761013,0.208944
227852.771007,0.139306
227852.781000,0.012968
227852.790992,-0.042024
227852.800985,-0.029375
227852.810979,-0.080318
227852.820971,-0.139071
227852.830964,-0.185443
227852.840957,-0.147277
227852.850949,-0.055877
227852.860942,0.012776
227852.870933,0.071259
227852.880925,0.182450
227852.890921,0.164378
227852.900926,0.137759
227852.910918,0.150322
227852.920899,0.141125
227852.930886,0.198054
227852.940878,0.193560
227852.950877,0.191934
227852.960870,0.186796
227852.970862,0.178527
227852.980856,0.140576
227852.990860,0.099877
227853.000852,0.058488
227853.010834,0.014817
227853.020828,0.018049
227853.030820,0.008347
227853.040813,-0.023452
227853.050807,-0.064274
227853.060799,-0.136413
227853.070791,-0.106022
227853.080785,-0.043494
227853.090777,0.039067
227853.100771,0.089196
227853.110764,0.074257
227853.120756,0.023814
227853.130748,0.065704
227853.140732,0.106110
227853.150724,0.060992
227853.160728,-0.009106
227853.170721,-0.048935
227853.180713,-0.046940
227853.190698,-0.051666
227853.200698,-0.572522
227853.210690,-0.294606
227853.220684,0.215058
227853.230677,0.298241
227853.240669,0.279280
227853.250662,0.213326
227853.260656,0.093827
227853.270648,0.040852
227853.280641,0.030992
227853.290634,0.012860
227853.300626,0.032501
227853.310618,0.031123
227853.320613,0.039663
227853.330605,0.043723
227853.340582,0.054470
227853.350591,0.060013
227853.360583,0.053067
227853.370583,0.054005
227853.380570,0.057315
227853.390562,0.054153
227853.400555,0.062726
227853.410547,0.081182
227853.420539,0.067694
227853.430534,-0.079539
227853.440526,-0.054247
227853.450518,0.071553
227853.460512,0.017952
227853.470503,0.006147
227853.480495,0.091797
227853.490490,0.126051
227853.500483,0.118732
227853.510475,0.086447
227853.520469,0.055711
227853.530461,0.051382
227853.540453,0.050528
227853.550447,0.052686
227853.560435,0.033540
227853.570427,0.055080
227853.580426,0.065620
227853.590430,0.066915
227853.600422,0.051516
227853.610405,0.010420
227853.620407,0.024846
227853.630399,0.026208
227853.640383,0.042412
227853.650377,0.063548
227853.660369,0.060947
227853.670361,0.061550
227853.680355,0.055856
227853.690347,0.026960
227853.700340,0.003361
227853.710344,-0.019868
227853.720336,0.075352
227853.730318,0.032716
227853.740305,-0.021354
227853.750297,0.025643
227853.760297,0.053565
227853.770305,0.058399
227853.780297,0.067096
227853.790276,0.044521
227853.800270,0.052007
227853.810262,0.055148
227853.820254,0.044005
227853.830254,0.034667
227853.840246,0.071027
227853.850232,0.077928
227853.860213,0.037977
227853.870205,0.015114
227853.880194,-0.023386
227853.890212,-0.041930
227853.900204,-0.053447
227853.910190,-0.038386
227853.920181,-0.005067
227853.930173,0.047364
227853.940168,0.120465
227853.950149,0.071059
227853.960141,0.041467
227853.970146,0.069298
227853.980148,0.087942
227853.990140,0.067603
227854.000126,0.041227
227854.010117,0.059404
227854.020109,0.078961
227854.030104,0.054805
227854.040084,0.012645
227854.050076,0.014994
227854.060082,0.020840
227854.070084,0.052265
227854.080076,0.056228
227854.090061,0.051905
227854.100052,0.049847
227854.110044,0.070767
227854.120039,0.068164
227854.130017,0.052368
227854.140009,0.031585
227854.150018,0.026762
227854.160019,0.006088
227854.170011,0.044426
227854.180009,0.044512
227854.189987,0.024635
227854.199979,0.071585
227854.209986,0.087074
227854.219953,0.066073
227854.229945,0.028968
227854.239939,0.004359
227854.249954,-0.018008
227854.259946,-0.003889
227854.269933,0.053557
227854.279922,0.095679
227854.289914,0.073145
227854.299899,0.070549
227854.309897,0.049086
227854.319889,0.015373
227854.329890,-0.014352
227854.339869,-0.004216
227854.349861,0.030895
227854.359869,0.054876
227854.369854,0.096412
227854.379846,0.035855
227854.389847,0.008519
227854.399850,0.183414
227854.409842,0.086473
227854.419825,-0.046893
227854.429827,-0.004279
227854.439819,0.044466
227854.449804,0.035211
227854.459792,0.069528
227854.469784,0.066176
227854.479783,0.073148
227854.489761,0.113330
227854.499753,0.150418
227854.509761,0.092102
227854.519753,0.095160
227854.529745,0.310896
227854.539740,0.251052
227854.549719,-0.076702
227854.559711,-0.270930
227854.569719,-0.132039
227854.579720,-0.190535
227854.589712,-0.130294
227854.599698,-0.014243
227854.609695,0.059473
227854.619687,0.091802
227854.629676,0.057916
227854.639664,0.075036
227854.649656,0.084796
227854.659655,0.101506
227854.669632,0.090401
227854.679624,0.095628
227854.689634,0.097066
227854.699626,0.088745
227854.709618,0.087491
227854.719612,0.047698
227854.729613,0.018797
227854.739605,0.041437
227854.749590,0.009360
227854.759574,0.001120
227854.769566,0.003753
227854.779569,0.009186
227854.789566,0.030034
227854.799558,0.033138
227854.809547,0.023321
227854.819541,0.081200
227854.829533,0.134715
227854.839526,0.098575
227854.849505,0.103688
227854.859497,0.152822
227854.869504,0.143535
227854.879498,0.221021
227854.889490,0.068934
227854.899484,0.190435
227854.909486,0.228391
227854.919478,0.242278
227854.929462,0.225993
227854.939456,0.182204
227854.949448,0.141184
227854.959442,0.002204
227854.969430,-0.090037
227854.979422,-0.216500
227854.989420,-0.344814
227854.999412,-0.449486
227855.009404,-0.506742
227855.019395,-0.535510
227855.029392,-0.584352
227855.039384,-0.613319
227855.049371,-0.578481
227855.059372,-0.436421
227855.069364,-0.201972
227855.079362,0.032952
227855.089349,0.201664
227855.099341,0.374095
227855.109338,0.471442
227855.119326,0.672644
227855.129318,0.661383
227855.139319,0.287822
227855.149305,0.158560
227855.159297,0.118481
227855.169279,-0.065671
227855.179285,-0.080023
227855.189277,0.051194
227855.199270,0.182897
227855.209264,0.217929
227855.219256,0.168141
227855.229250,0.017602
227855.239243,-0.167196
227855.249235,-0.246110
227855.259227,-0.358463
227855.269221,-0.502519
227855.279213,-0.475722
227855.289207,-0.292946
227855.299200,-0.085991
227855.309192,0.076176
227855.319185,0.168688
227855.329178,0.240992
227855.339170,0.340492
227855.349158,0.457158
227855.359157,0.496208
227855.369149,0.412922
227855.379142,0.315203
227855.389136,0.174999
227855.399128,-0.070882
227855.409121,-0.299489
227855.419101,-0.391679
227855.429093,-0.376590
227855.439100,-0.379642
227855.449092,-0.387479
227855.459084,-0.438008
227855.469079,-0.396101
227855.479084,0.125554
227855.489076,0.860849
227855.499057,0.022440
227855.509048,-0.725942
227855.519040,-0.868257
227855.529035,-1.180014
227855.539014,-0.807289
227855.549006,-0.317359
227855.559014,-0.006158
227855.569008,0.275215
227855.579000,0.300134
227855.588993,0.158898
227855.598983,0.038433
227855.608975,-0.090808
227855.618966,-0.110266
227855.628965,-0.072672
227855.638957,0.034061
227855.648945,0.117907
227855.658945,0.159263
227855.668937,0.251944
227855.678941,0.540329
227855.688923,0.484656
227855.698915,-0.114895
227855.708899,0.001441
227855.718902,0.153505
227855.728894,0.283388
227855.738894,0.625767
227855.748880,0.674774
227855.758872,0.303071
227855.768866,0.138300
227855.778852,0.114254
227855.788844,0.195292
227855.798851,0.183315
227855.808838,0.146532
227855.818830,0.066012
227855.828819,0.164686
227855.838818,0.307801
227855.848810,0.515727
227855.858802,-0.012523
227855.868790,-0.667286
227855.878782,-0.961536
227855.888789,-0.844154
227855.898775,-0.847042
227855.908767,-0.776490
227855.918758,-0.489598
227855.928754,-0.193853
227855.938746,-0.025961
227855.948737,0.111799
227855.958732,0.296189
227855.968724,0.504890
227855.978705,0.668938
227855.988711,0.640543
227855.998703,0.480263
227856.008704,0.319744
227856.018690,0.221782
227856.028682,0.146405
227856.038671,0.094916
227856.048669,0.095510
227856.058661,0.123190
227856.068640,0.178777
227856.078648,0.251899
227856.088640,0.221779
227856.098638,0.065180
227856.108627,-0.020336
227856.118619,0.321787
227856.128606,-0.266907
227856.138605,-0.427611
227856.148597,-0.802925
227856.158576,-1.135013
227856.168593,-0.801335
227856.178585,-0.622001
227856.188578,-0.281596
227856.198559,0.223487
227856.208551,0.247796
227856.218543,0.033215
227856.228536,-0.016043
227856.238528,-0.038610
227856.248530,-0.074139
227856.258520,-0.165380
227856.268512,-0.222474
227856.278492,-0.250067
227856.288497,-0.230622
227856.298489,-0.144167
227856.308482,-0.060741
227856.318478,0.024228
227856.328470,0.310206
227856.338446,0.421949
227856.348456,-0.011624
227856.358448,-0.410949
227856.368445,0.022011
227856.378421,0.514274
227856.388413,0.899821
227856.398407,1.082382
227856.408415,0.702267
227856.418407,0.431280
227856.428412,0.226432
227856.438393,0.117766
227856.448385,0.078606
227856.458380,0.045071
227856.468372,0.014277
227856.478364,-0.011068
227856.488349,0.164365
227856.498351,0.322326
227856.508343,0.274310
227856.518345,0.008580
227856.528329,-0.599554
227856.538321,-1.093886
227856.548316,-0.913134
227856.558307,-0.636256
227856.568299,-0.596291
227856.578286,-0.465954
227856.588288,-0.259899
227856.598280,-0.084486
227856.608283,0.055199
227856.618266,0.226896
227856.628258,0.384621
227856.638251,0.486506
227856.648245,0.483324
227856.658237,0.313566
227856.668241,0.337535
227856.678225,0.366430
227856.688217,0.231697
227856.698189,0.133526
227856.708203,0.103888
227856.718195,0.057433
227856.728186,0.037571
227856.738182,0.010147
227856.748174,0.022746
227856.758167,0.089382
227856.768160,0.094160
227856.778152,0.044247
227856.788155,0.080480
227856.798140,0.253937
227856.808132,-0.136019
227856.818124,-0.187933
227856.828119,-0.398597
227856.838111,-0.880926
227856.848108,-0.901304
227856.858098,-0.716361
227856.868090,-0.398799
227856.878072,-0.012157
227856.888077,0.018507
227856.898069,0.198522
227856.908062,0.139300
227856.918055,-0.052054
227856.928047,-0.166265
227856.938041,-0.215964
227856.948028,-0.242148
227856.958020,-0.256646
227856.967883,-0.223635
227856.977871,-0.115415
227856.987863,0.003619
227856.997862,0.107590
227857.007843,0.302921
227857.017835,0.507985
227857.027841,0.273619
227857.037842,-0.261649
227857.047834,-0.155288
227857.057819,0.338783
227857.067813,0.670499
227857.077805,0.928644
227857.087799,0.784434
227857.097792,0.571954
227857.107784,0.422559
227857.117778,0.293622
227857.127771,0.203985
227857.137763,0.218318
227857.147756,0.149787
227857.157750,0.043991
227857.167742,0.031444
227857.177735,0.174786
227857.187729,0.119316
227857.197721,-0.043687
227857.207698,-0.272693
227857.217698,-0.655106
227857.227690,-0.842592
227857.237693,-0.616101
227857.247687,-0.684328
227857.257679,-0.617637
227857.267672,-0.392091
227857.277666,-0.201505
227857.287658,-0.066898
227857.297657,0.061827
227857.307644,0.185503
227857.317636,0.235062
227857.327629,0.243468
227857.337624,0.228766
227857.347616,0.168235
227857.357616,0.167012
227857.367603,0.212437
227857.377595,0.289330
227857.387594,0.340344
227857.397581,0.288039
227857.407573,0.242890
227857.417556,0.205319
227857.427560,0.192336
227857.437552,0.242273
227857.447546,0.250517
227857.457538,0.270391
227857.467530,0.313740
227857.477508,0.258386
227857.487517,0.131197
227857.497509,-0.009879
227857.507504,-0.173741
227857.517496,-0.258960
227857.527488,-0.270168
227857.537466,-0.125893
227857.547482,-0.237914
227857.557474,-0.436556
227857.567466,-0.527860
227857.577448,-0.590376
227857.587440,-0.445260
227857.597441,-0.139514
227857.607446,0.031180
227857.617438,0.044856
227857.627402,0.071852
227857.637421,0.122521
227857.647413,0.125644
227857.657389,0.053975
227857.667377,-0.040624
227857.677369,-0.143823
227857.687357,-0.176399
227857.697375,-0.149405
227857.707367,-0.077563
227857.717357,-0.012077
227857.727355,0.042517
227857.737347,0.070181
227857.747336,0.086717
227857.757338,0.096557
227857.767330,0.105298
227857.777315,0.093781
227857.787297,0.052703
227857.797289,0.002926
227857.807294,-0.040562
227857.817292,-0.078922
227857.827284,-0.101019
227857.837272,-0.112915
227857.847260,-0.095081
227857.857252,-0.058855
227857.867252,-0.041704
227857.877227,-0.060968
227857.887219,-0.114535
227857.897231,-0.176986
227857.907222,-0.130094
227857.917214,-0.079742
227857.927209,-0.045806
227857.937194,0.021907
227857.947186,0.064754
227857.957175,0.089414
227857.967194,0.094817
227857.977185,0.078398
227857.987168,0.052891
227857.997162,0.021608
227858.007154,-0.022739
227858.017147,-0.032711
227858.027130,-0.027342
227858.037122,-0.027562
227858.047125,-0.022883
227858.057129,-0.016165
227858.067121,-0.020336
227858.077098,0.000443
227858.087097,0.018045
227858.097089,0.027930
227858.107091,0.048146
227858.117066,0.045654
227858.127058,0.068415
227858.137062,0.055048
227858.147064,0.011675
227858.157056,-0.020366
227858.167043,-0.050590
227858.177032,-0.036862
227858.187024,-0.024417
227858.197021,-0.005098
227858.207001,-0.028450
227858.216993,-0.029064
227858.227000,0.008992
227858.236985,0.067970
227858.246977,0.107765
227858.256978,0.100133
227858.266984,0.077880
227858.276976,0.066177
227858.286957,0.052017
227858.296956,0.029559
227858.306948,0.003615
227858.316937,-0.061275
227858.326934,-0.078303
227858.336926,-0.102962
227858.346916,-0.124336
227858.356900,-0.141123
227858.366892,-0.143140
227858.376896,-0.146996
227858.386898,-0.139688
227858.396889,-0.133508
227858.406875,-0.126172
227858.416877,-0.120556
227858.426869,-0.102413
227858.436853,-0.096023
227858.446839,-0.107175
227858.456831,-0.139954
227858.466832,-0.189727
227858.476836,-0.214167
227858.486828,-0.219854
227858.496811,-0.234243
227858.506791,-0.213179
227858.516783,-0.169946
227858.526789,-0.118491
227858.536796,-0.075721
227858.546788,-0.052284
227858.556769,-0.030624
227858.566763,-0.008759
227858.576755,0.025221
227858.586748,0.060364
227858.596750,0.124172
227858.606741,0.169152
227858.616727,0.221115
227858.626721,0.224186
227858.636713,0.192908
227858.646706,0.131956
227858.656687,0.023211
227858.666679,-0.079924
227858.676685,-0.055350
227858.686685,0.026083
227858.696677,0.055027
227858.706665,0.021282
227858.716645,0.010673
227858.726637,0.024149
227858.736644,0.052500
227858.746648,0.082799
227858.756640,0.102902
227858.766622,0.117144
227858.776617,0.121194
227858.786609,0.115049
227858.796602,0.096906
227858.806596,0.082856
227858.816588,0.070960
227858.826593,0.059157
227858.836574,0.038363
227858.846566,0.022927
227858.856566,0.023075
227858.866554,0.003873
227858.876546,-0.008880
227858.886539,-0.016719
227858.896533,-0.016686
227858.906525,-0.018962
227858.916526,-0.013354
227858.926501,0.010309
227858.936493,0.020649
227858.946497,-0.001969
227858.956490,-0.014665
227858.966482,0.002987
227858.976477,0.027374
227858.986469,0.047950
227858.996462,0.063703
227859.006455,0.096861
227859.016449,0.102629
227859.026441,0.128063
227859.036435,0.151926
227859.046428,0.166670
227859.056420,0.169488
227859.066414,0.167497
227859.076408,0.163696
227859.086400,0.154127
227859.096392,0.143254
227859.106387,0.123697
227859.116379,0.096661
227859.126372,0.076293
227859.136366,0.059187
227859.146358,0.030225
227859.156352,0.013083
227859.166344,0.011497
227859.176336,-0.015982
227859.186330,-0.013995
227859.196323,-0.025238
227859.206315,-0.030172
227859.216309,-0.030096
227859.226302,-0.028029
227859.236295,-0.029644
227859.246288,-0.038612
227859.256276,-0.035507
227859.266268,-0.050615
227859.276268,-0.035016
227859.286268,-0.009053
227859.296260,0.029577
227859.306246,0.060867
227859.316223,0.086217
227859.326215,0.086293
227859.336226,0.094231
227859.346211,0.085628
227859.356203,0.032541
227859.366204,0.008447
227859.376199,-0.022128
227859.386191,-0.052538
227859.396183,-0.090474
227859.406179,-0.117548
227859.416171,-0.127170
227859.426162,-0.108816
227859.436157,-0.114740
227859.446149,-0.075989
227859.456141,-0.060383
227859.466136,-0.036550
227859.476128,-0.062256
227859.486115,-0.044527
227859.496115,-0.025732
227859.506107,-0.009601
227859.516112,0.011739
227859.526094,0.023971
227859.536086,0.024440
227859.546073,0.022787
227859.556073,0.008727
227859.566065,-0.006601
227859.576066,-0.024375
227859.586052,-0.041545
227859.596044,-0.070411
227859.606040,-0.132847
227859.616031,-0.138811
227859.626023,-0.136742
227859.636023,-0.093622
227859.646011,-0.047114
227859.656003,0.000572
227859.665991,0.070588
227859.675995,0.121617
227859.685987,0.128376
227859.695972,0.092292
227859.705969,0.042330
227859.715961,0.004078
227859.725946,-0.020057
227859.735948,-0.021625
227859.745940,-0.014969
227859.755922,0.025154
227859.765927,0.059492
227859.775919,0.066287
227859.785911,0.062036
227859.795906,0.073986
227859.805898,0.084829
227859.815876,0.091124
227859.825886,0.098417
227859.835878,0.097487
227859.845878,0.099365
227859.855865,0.092196
227859.865857,0.082239
227859.875846,0.070802
227859.885852,0.064613
227859.895844,0.059597
227859.905813,0.053978
227859.915824,0.052271
227859.925816,0.050021
227859.935818,0.040557
227859.945802,0.027579
227859.955794,0.013203
227859.965795,-0.000113
227859.975782,-0.011730
227859.985774,-0.025381
227859.995749,-0.040646
227860.005760,-0.048765
227860.015752,-0.053314
227860.025748,-0.055174
227860.035739,-0.042181
227860.045731,-0.023611
227860.055722,0.018385
227860.065713,0.064314
227860.075705,0.085828
227860.085687,0.069365
227860.095705,0.021705
227860.105697,-0.022269
227860.115684,-0.031797
227860.125667,-0.027450
227860.135659,-0.022891
227860.145653,-0.019414
227860.155646,-0.018749
227860.165638,-0.007930
227860.175640,0.014388
227860.185636,0.043531
227860.195628,0.049647
227860.205619,0.038048
227860.215594,0.024984
227860.225586,0.013500
227860.235605,-0.002406
227860.245593,-0.015788
227860.255585,-0.018353
227860.265586,-0.015050
227860.275573,-0.020582
227860.285565,-0.020071
227860.295554,-0.011236
227860.305553,0.009078
227860.315545,0.021873
227860.325537,0.033034
227860.335541,0.060014
227860.345533,0.039176
227860.355504,0.057644
227860.365511,0.070740
227860.375503,0.072496
227860.385496,0.024980
227860.395490,0.020293
227860.405482,0.016056
227860.415476,0.014309
227860.425470,0.029017
227860.435462,0.055241
227860.445455,0.079575
227860.455449,0.066857
227860.465441,0.092311
227860.475434,0.089338
227860.485429,0.081192
227860.495421,0.063212
227860.505407,0.027236
227860.515407,0.010724
227860.525399,-0.008665
227860.535391,-0.016919
227860.545386,-0.008880
227860.555378,0.009656
227860.565371,0.010449
227860.575366,0.056783
227860.585358,0.059685
227860.595359,0.085014
227860.605344,0.106401
227860.615336,0.130398
227860.625330,0.119096
227860.635323,0.094723
227860.645315,0.063911
227860.655308,0.033109
227860.665294,0.004089
227860.675286,-0.026228
227860.685293,-0.044652
227860.695283,-0.062841
227860.705275,-0.074005
227860.715256,-0.086798
227860.725261,-0.096733
227860.735253,-0.109741
227860.745255,-0.123779
227860.755241,-0.108237
227860.765233,-0.124783
227860.775219,-0.096241
227860.785220,-0.053378
227860.795212,-0.046979
227860.805198,-0.026490
227860.815199,-0.037242
227860.825191,-0.055879
227860.835196,-0.060046
227860.845178,-0.064761
227860.855170,-0.072894
227860.865164,-0.084314
227860.875157,-0.094629
227860.885149,-0.104630
227860.895142,-0.119374
227860.905137,-0.144047
227860.915129,-0.165833
227860.925122,-0.181116
227860.935116,-0.177930
227860.945108,-0.156545
227860.955101,-0.125132
227860.965094,-0.089990
227860.975086,-0.070525
227860.985081,-0.066227
227860.995074,-0.077187
227861.005066,-0.104362
227861.015060,-0.121219
227861.025053,-0.141306
227861.035045,-0.164467
227861.045039,-0.223022
227861.055033,-0.267857
227861.065025,-0.286778
227861.075017,-0.282496
227861.085022,-0.245624
227861.095014,-0.219028
227861.104998,-0.195155
227861.114991,-0.168074
227861.124983,-0.117887
227861.134977,-0.094027
227861.144970,-0.065642
227861.154962,-0.060847
227861.164957,-0.058256
227861.174949,-0.065527
227861.184941,-0.053780
227861.194935,-0.052429
227861.204929,-0.044266
227861.214921,-0.034545
227861.224914,-0.033749
227861.234908,-0.036997
227861.244900,-0.047281
227861.254894,-0.048210
227861.264886,-0.044309
227861.274878,-0.027006
227861.284873,-0.021856
227861.294866,-0.027323
227861.304858,-0.040494
227861.314853,-0.033781
227861.324840,-0.023195
227861.334832,-0.030505
227861.344831,-0.030909
227861.354837,-0.003399
227861.364829,0.025578
227861.374812,0.036778
227861.384796,0.045878
227861.394788,0.048871
227861.404790,0.029827
227861.414790,0.008614
227861.424782,-0.002386
227861.434774,-0.010411
227861.444769,-0.027231
227861.454761,-0.048619
227861.464755,-0.058059
227861.474748,-0.053828
227861.484740,-0.041212
227861.494728,-0.035875
227861.504721,-0.048640
227861.514713,-0.072533
227861.524707,-0.100481
227861.534690,-0.122644
227861.544682,-0.114948
227861.554686,-0.097497
227861.564682,-0.103367
227861.574673,-0.123143
227861.584665,-0.129815
227861.594666,-0.117480
227861.604658,-0.095556
227861.614645,-0.075054
227861.624633,-0.061267
227861.634625,-0.061942
227861.644624,-0.076317
227861.654629,-0.100898
227861.664620,-0.119959
227861.674603,-0.133262
227861.684601,-0.147176
227861.694593,-0.147251
227861.704583,-0.140694
227861.714568,-0.127146
227861.724561,-0.115662
227861.734561,-0.107029
227861.744562,-0.105478
227861.754554,-0.103663
227861.764542,-0.108586
227861.774536,-0.118755
227861.784528,-0.126051
227861.794520,-0.127556
227861.804505,-0.123922
227861.814497,-0.096842
227861.824500,-0.061855
227861.834495,-0.038930
227861.844487,-0.037996
227861.854480,-0.037000
227861.864461,-0.026673
227861.874453,-0.019728
227861.884459,-0.042583
227861.894436,-0.081680
227861.904428,-0.133139
227861.914420,-0.120465
227861.924442,-0.107210
227861.934434,-0.095906
227861.944417,-0.062634
227861.954407,-0.027440
227861.964399,-0.004298
227861.974253,0.001534
227861.984254,0.009905
227861.994246,0.019418
227862.004232,0.021013
227862.014211,0.018777
227862.024203,0.023950
227862.034211,0.027231
227862.044199,0.037337
227862.054191,0.040317
227862.064191,0.043868
227862.074168,0.043314
227862.084160,0.039676
227862.094171,0.029099
227862.104164,0.027749
227862.114156,0.016719
227862.124150,-0.004831
227862.134144,-0.043118
227862.144136,-0.073189
227862.154129,-0.094294
227862.164133,-0.120097
227862.174125,-0.147600
227862.184107,-0.174074
227862.194102,-0.195633
227862.204094,-0.206320
227862.214086,-0.204478
227862.224068,-0.196867
227862.234060,-0.179438
227862.244056,-0.129743
227862.254067,-0.075965
227862.264059,-0.021933
227862.274047,0.034916
227862.284040,0.055197
227862.294032,0.042167
227862.304025,0.018348
227862.314018,-0.011939
227862.324010,-0.044809
227862.334016,-0.069200
227862.343998,-0.100270
227862.353990,-0.142000
227862.363983,-0.177210
227862.373978,-0.199388
227862.383970,-0.186296
227862.393964,-0.151887
227862.403957,-0.144996
227862.413949,-0.139490
227862.423942,-0.143087
227862.433927,-0.135388
227862.443919,-0.101163
227862.453922,-0.075588
227862.463915,-0.052267
227862.473907,-0.058429
227862.483901,-0.091892
227862.493895,-0.119575
227862.503887,-0.145389
227862.513881,-0.157289
227862.523874,-0.160634
227862.533866,-0.151169
227862.543860,-0.128161
227862.553853,-0.105919
227862.563845,-0.055972
227862.573823,-0.000093
227862.583844,0.045992
227862.593836,0.031206
227862.603818,-0.004692
227862.613811,-0.045400
227862.623803,-0.064933
227862.633797,-0.087212
227862.643780,-0.070421
227862.653772,-0.062417
227862.663777,-0.029567
227862.673770,-0.006219
227862.683762,0.034601
227862.693756,0.081861
227862.703750,0.126102
227862.713742,0.137725
227862.723736,0.125536
227862.733729,0.126052
227862.743721,0.141760
227862.753714,0.166539
227862.763700,0.186126
227862.773692,0.148445
227862.783680,0.018410
227862.793668,-0.223065
227862.803660,-0.430988
227862.813674,-0.585286
227862.823679,-0.736308
227862.833671,-0.772569
227862.843653,-1.009302
227862.853645,-0.526522
227862.863637,0.283527
227862.873633,0.317289
227862.883616,-0.263847
227862.893608,-0.287018
227862.903612,0.006381
227862.913615,0.117632
227862.923607,0.028283
227862.933591,-0.108074
227862.943583,-0.158597
227862.953575,0.059347
227862.963570,0.363897
227862.973551,0.411568
227862.983543,0.295566
227862.993548,0.068374
227863.003543,-0.189727
227863.013535,-0.359989
227863.023541,-0.318309
227863.033522,-0.193314
227863.043514,-0.070861
227863.053501,-0.023603
227863.063502,-0.041283
227863.073494,-0.084352
227863.083493,-0.047564
227863.093481,0.024847
227863.103473,-0.007821
227863.113466,-0.000574
227863.123461,0.013319
227863.133453,0.030282
227863.143434,0.010487
227863.153441,-0.053000
227863.163433,-0.072202
227863.173423,-0.023072
227863.183419,0.029433
227863.193411,0.138185
227863.203401,0.170092
227863.213398,0.048275
227863.223390,-0.150371
227863.233377,-0.247147
227863.243378,-0.214701
227863.253370,-0.128425
227863.263368,-0.063905
227863.273365,-0.192654
227863.283357,-0.427692
227863.293350,-0.630892
227863.303341,-0.650031
227863.313333,-0.391116
227863.323329,-0.360527
227863.333323,-0.327342
227863.343315,-0.372380
227863.353307,-0.407406
227863.363295,-0.369393
227863.373287,-0.245962
227863.383274,0.056032
227863.393277,0.374682
227863.403269,0.322689
227863.413263,0.041661
227863.423253,-0.195077
227863.433245,-0.314986
227863.443236,-0.315795
227863.453243,-0.239655
227863.463235,-0.107831
227863.473206,0.015715
227863.483212,0.092226
227863.493204,0.165748
227863.503205,0.194119
227863.513183,0.175442
227863.523175,0.138825
227863.533174,0.089755
227863.543172,0.046760
227863.553164,-0.004099
227863.563142,-0.026889
227863.573151,-0.044518
227863.583143,-0.047042
227863.593141,-0.069988
227863.603130,-0.087390
227863.613122,-0.040101
227863.623109,0.085656
227863.633109,0.144791
227863.643101,0.077535
227863.653076,-0.046306
227863.663089,-0.207139
227863.673081,-0.315939
227863.683076,-0.348248
227863.693067,-0.219705
227863.703059,-0.097995
227863.713056,-0.196066
227863.723056,-0.352655
227863.733048,-0.163073
227863.743035,0.146620
227863.753025,-0.209092
227863.763017,-0.429102
227863.773011,-0.539310
227863.782998,-0.541645
227863.792990,-0.520109
227863.802987,-0.482070
227863.812968,-0.359003
227863.822960,-0.103582
227863.832978,0.120609
227863.842965,0.137618
227863.852957,0.014040
227863.862946,-0.083969
227863.872944,-0.124831
227863.882936,-0.155669
227863.892939,-0.133501
227863.902923,-0.128649
227863.912915,-0.163195
227863.922916,-0.151936
227863.932902,-0.058422
227863.942894,0.068883
227863.952882,0.182570
227863.962882,0.214448
227863.972874,0.135006
227863.982850,0.057204
227863.992862,0.039891
227864.002854,0.057338
227864.012849,0.085819
227864.022840,0.107453
227864.032832,0.097962
227864.042816,0.073047
227864.052820,0.044301
227864.062812,0.021239
227864.072800,0.003956
227864.082799,0.005515
227864.092791,0.034540
227864.102784,0.061234
227864.112780,0.084632
227864.122772,0.145339
227864.132774,0.136983
227864.142759,-0.043515
227864.152751,-0.239749
227864.162751,-0.326005
227864.172738,-0.377559
227864.182730,-0.386887
227864.192719,-0.313892
227864.202701,-0.409769
227864.212693,-0.430975
227864.222688,0.020131
227864.232703,0.326886
227864.242695,0.019242
227864.252687,-0.195072
227864.262667,-0.178646
227864.272659,-0.122858
227864.282670,-0.036810
227864.292655,0.028904
227864.302647,0.008899
227864.312642,-0.015842
227864.322632,-0.011482
227864.332624,-0.038353
227864.342622,-0.064282
227864.352614,-0.094790
227864.362606,-0.113642
227864.372600,-0.121813
227864.382594,-0.094604
227864.392586,-0.081543
227864.402583,-0.056227
227864.412573,-0.020572
227864.422565,0.034557
227864.432545,0.117977
227864.442553,0.143559
227864.452545,0.137668
227864.462538,0.128431
227864.472531,0.128222
227864.482523,0.104128
227864.492517,0.053798
227864.502512,-0.010507
227864.512504,-0.066170
227864.522495,-0.116275
227864.532491,-0.164394
227864.542483,-0.225352
227864.552475,-0.302811
227864.562470,-0.422379
227864.572462,-0.522333
227864.582454,-0.460231
227864.592448,-0.150256
227864.602440,0.462572
227864.612427,1.083965
227864.622428,0.944489
227864.632420,0.464822
227864.642421,0.299387
227864.652408,0.149648
227864.662400,-0.131401
227864.672404,-0.476982
227864.682387,-0.923146
227864.692379,-1.149835
227864.702357,-1.174492
227864.712367,-1.111179
227864.722359,-1.127770
227864.732353,-1.021416
227864.742346,-0.670748
227864.752338,0.887511
227864.762326,1.511097
227864.772325,0.977823
227864.782317,0.508326
227864.792312,0.111990
227864.802305,-0.009400
227864.812297,-0.267731
227864.822290,-0.635192
227864.832284,-0.856484
227864.842276,-0.971890
227864.852270,-0.880896
227864.862264,-0.641932
227864.872256,-0.414010
227864.882250,0.103115
227864.892243,0.968823
227864.902235,0.397699
227864.912230,0.179924
227864.922214,0.360366
227864.932206,0.241855
227864.942209,-0.098368
227864.952200,-0.471977
227864.962192,-0.767808
227864.972188,-0.894185
227864.982187,-0.806225
227864.992179,-0.556892
227865.002167,-0.577770
227865.012167,-0.535303
227865.022159,0.156708
227865.032147,0.989384
227865.042138,0.928915
227865.052130,0.715866
227865.062126,0.368414
227865.072114,0.327774
227865.082106,0.129232
227865.092105,-0.318347
227865.102110,-0.721555
227865.112102,-1.050419
227865.122086,-1.082544
227865.132084,-0.747983
227865.142076,-0.457305
227865.152063,-0.644815
227865.162065,-0.494396
227865.172057,0.469749
227865.182044,0.761691
227865.192043,0.861416
227865.202035,0.833035
227865.212023,0.562293
227865.222023,0.389563
227865.232015,0.036854
227865.242003,-0.502304
227865.252008,-1.030687
227865.262000,-1.257824
227865.271982,-1.032438
227865.281961,-0.570027
227865.291953,-0.458507
227865.301962,-0.743332
227865.311948,-0.501848
227865.321940,0.712651
227865.331928,1.071963
227865.341916,1.010740
227865.351908,0.700377
227865.361909,0.357075
227865.371897,0.377869
227865.381889,-0.018166
227865.391905,-0.558619
227865.401895,-1.084141
227865.411887,-1.241011
227865.421879,-0.954974
227865.431864,-0.531233
227865.441856,-0.301637
227865.451844,-0.415053
227865.461863,-0.231567
227865.471855,1.020165
227865.481837,1.208399
227865.491830,0.990552
227865.501822,0.615466
227865.511818,0.418586
227865.521799,0.260928
227865.531791,-0.213473
227865.541796,-0.735960
227865.551798,-1.170525
227865.561790,-1.197535
227865.571776,-0.880898
227865.581779,-0.478732
227865.591771,-0.178265
227865.601756,-0.273896
227865.611735,-0.170230
227865.621727,0.737547
227865.631733,0.869882
227865.641714,0.674731
227865.651706,0.597491
227865.661722,0.474591
227865.671702,0.205306
227865.681694,-0.247221
227865.691694,-0.755676
227865.701670,-1.239183
227865.711662,-1.279026
227865.721673,-0.931607
227865.731668,-0.488784
227865.741660,-0.214109
227865.751652,-0.360816
227865.761633,-0.203312
227865.771625,0.889893
227865.781632,1.108989
227865.791636,0.868025
227865.801628,0.463636
227865.811611,0.244964
227865.821604,0.056972
227865.831596,-0.329590
227865.841591,-0.858381
227865.851576,-1.314536
227865.861568,-1.235728
227865.871570,-0.780093
227865.881550,-0.384766
227865.891542,-0.302712
227865.901550,-0.548043
227865.911534,-0.568000
227865.921526,0.499327
227865.931530,1.405059
227865.941505,1.137588
227865.951497,0.457755
227865.961509,0.098262
227865.971490,0.127941
227865.981482,-0.105827
227865.991488,-0.625481
227866.001482,-1.242511
227866.011474,-1.443569
227866.021467,-1.009990
227866.031460,-0.561586
227866.041452,-0.334028
227866.051445,-0.423100
227866.061425,-0.698961
227866.071417,-0.073502
227866.081434,1.092770
227866.091420,1.210250
227866.101412,0.787170
227866.111390,0.258183
227866.121409,0.212121
227866.131401,0.151085
227866.141374,-0.282324
227866.151377,-1.042733
227866.161369,-1.646388
227866.171364,-1.461905
227866.181359,-0.746289
227866.191351,-0.602417
227866.201344,-0.808787
227866.211344,-1.036805
227866.221336,-0.459034
227866.231324,0.519571
227866.241317,1.055096
227866.251309,1.180372
227866.261303,0.837623
227866.271299,0.370463
227866.281291,0.311326
227866.291283,-0.062343
227866.301277,-0.288459
227866.311269,-0.904569
227866.321257,-1.340318
227866.331267,-1.096912
227866.341259,-0.697631
227866.351241,-0.700841
227866.361236,-1.127102
227866.371228,-1.229938
227866.381221,-0.640494
227866.391210,0.359881
227866.401202,1.715662
227866.411200,1.338283
227866.421185,0.936288
227866.431177,0.210794
227866.441180,0.229500
227866.451172,-0.015586
227866.461164,-0.261027
227866.471159,-1.461192
227866.481153,-2.117764
227866.491145,-1.622900
227866.501138,-0.980165
227866.511117,-0.716629
227866.521109,-0.401654
227866.531118,-0.274141
227866.541111,1.210506
227866.551103,1.707138
227866.561097,0.868757
227866.571104,0.473558
227866.581096,0.167947
227866.591083,0.105899
227866.601054,-0.047554
227866.611046,-0.692762
227866.621056,-1.640697
227866.631050,-1.905013
227866.641042,-1.303799
227866.651036,-0.957684
227866.661038,-0.727949
227866.671030,-0.354060
227866.681016,-0.475871
227866.691010,-0.455985
227866.701002,0.641318
227866.710995,1.618633
227866.720988,1.604401
227866.730980,0.762771
227866.740974,0.130069
227866.750956,0.053751
227866.760948,-0.202339
227866.770953,-1.040793
227866.780947,-2.166795
227866.790939,-1.978927
227866.800932,-1.234956
227866.810927,-0.762072
227866.820919,-0.479634
227866.830908,-0.028769
227866.840906,0.438986
227866.850898,0.501475
227866.860896,1.642902
227866.870886,1.403027
227866.880878,0.033326
227866.890870,-0.470791
227866.900846,-0.082645
227866.910838,-0.276934
227866.920849,-0.635733
227866.930845,-1.262655
227866.940837,-1.448062
227866.950840,-1.190650
227866.960686,-0.965263
227866.970678,-0.792894
227866.980667,-0.315175
227866.990665,0.118470
227867.000657,0.319387
227867.010636,0.951332
227867.020645,1.937471
227867.030637,0.496787
227867.040636,-0.427003
227867.050622,-0.405148
227867.060614,-0.197799
227867.070601,-0.523181
227867.080604,-1.132512
227867.090596,-1.553627
227867.100589,-1.327664
227867.110584,-0.914336
227867.120576,-0.544174
227867.130564,-0.174789
227867.140563,-0.058891
227867.150555,0.395424
227867.160532,1.311242
227867.170542,1.482267
227867.180534,0.176945
227867.190530,-0.386253
227867.200508,-0.535231
227867.210500,-0.380072
227867.220505,-0.477858
227867.230501,-0.800933
227867.240493,-1.135355
227867.250473,-1.208309
227867.260488,-0.970942
227867.270480,-0.650013
227867.280471,-0.390893
227867.290461,-0.175042
227867.300453,0.460691
227867.310436,1.431503
227867.320428,1.497937
227867.330420,0.357883
227867.340409,-0.259408
227867.350427,-0.309578
227867.360419,-0.256481
227867.370407,-0.568466
227867.380396,-0.784428
227867.390388,-0.888105
227867.400376,-1.018706
227867.410378,-0.916404
227867.420370,-0.538834
227867.430374,-0.162365
227867.440358,0.162482
227867.450350,0.276958
227867.460343,0.344745
227867.470337,0.872510
227867.480329,0.583357
227867.490311,-0.042705
227867.500299,-0.229819
227867.510291,-0.327356
227867.520306,-0.335809
227867.530295,-0.577006
227867.540287,-0.718328
227867.550278,-0.774508
227867.560275,-0.634084
227867.570267,-0.300224
227867.580246,-0.001381
227867.590255,0.136085
227867.600247,0.010040
227867.610250,0.030083
227867.620234,0.552706
227867.630226,0.559226
227867.640211,0.030315
227867.650214,-0.324440
227867.660206,-0.354467
227867.670183,-0.252817
227867.680194,-0.336180
227867.690186,-0.389334
227867.700166,-0.402255
227867.710173,-0.355657
227867.720165,-0.266275
227867.730149,-0.154511
227867.740153,-0.076486
227867.750145,-0.124295
227867.760147,-0.240362
227867.770132,-0.272700
227867.780124,-0.068319
227867.790129,0.347476
227867.800111,0.591713
227867.810103,0.317405
227867.820083,-0.030087
227867.830091,-0.189694
227867.840083,-0.205920
227867.850076,-0.132576
227867.860058,-0.083311
227867.870050,-0.086502
227867.880038,-0.124732
227867.890057,-0.151352
227867.900049,-0.175923
227867.910019,-0.185990
227867.920029,-0.148017
227867.930021,-0.104505
227867.940016,-0.069135
227867.950008,-0.022580
227867.960000,0.009685
227867.969983,0.012907
227867.979989,-0.025866
227867.989981,-0.144438
227867.999982,-0.234466
227868.009968,-0.263416
227868.019960,-0.240048
227868.029961,-0.164110
227868.039948,-0.036045
227868.049940,0.087570
227868.059923,0.152656
227868.069927,0.145119
227868.079919,0.105816
227868.089922,0.050248
227868.099906,-0.002914
227868.109898,-0.022500
227868.119893,-0.015586
227868.129898,-0.008473
227868.139890,-0.011392
227868.149872,-0.001395
227868.159870,0.010988
227868.169862,0.022024
227868.179843,0.029045
227868.189857,0.039036
227868.199849,0.038841
227868.209820,0.032862
227868.219824,0.020178
227868.229816,0.012063
227868.239792,0.010272
227868.249808,0.016866
227868.259800,0.034032
227868.269790,0.034272
227868.279783,0.024098
227868.289775,-0.002287
227868.299776,-0.059939
227868.309763,-0.106676
227868.319755,-0.123685
227868.329758,-0.118786
227868.339742,-0.084699
227868.349734,-0.053279
227868.359713,-0.039158
227868.369722,-0.047553
227868.379714,-0.078421
227868.389695,-0.105486
227868.399701,-0.127075
227868.409693,-0.135927
227868.419693,-0.132627
227868.429681,-0.124819
227868.439673,-0.099319
227868.449668,-0.066967
227868.459660,-0.058080
227868.469652,-0.071570
227868.479647,-0.091313
227868.489640,-0.116172
227868.499632,-0.136460
227868.509626,-0.165649
227868.519616,-0.182727
227868.529608,-0.192452
227868.539605,-0.183223
227868.549599,-0.160174
227868.559591,-0.141572
227868.569584,-0.127399
227868.579578,0.056819
227868.589570,0.036761
227868.599564,0.004191
227868.609558,0.008489
227868.619550,0.024166
227868.629543,0.051062
227868.639537,0.063900
227868.649529,0.060909
227868.659523,0.041398
227868.669516,0.000225
227868.679508,-0.047552
227868.689503,-0.075844
227868.699495,-0.074892
227868.709487,-0.047026
227868.719482,-0.022557
227868.729474,-0.012171
227868.739466,-0.019701
227868.749463,-0.024444
227868.759449,-0.025375
227868.769441,-0.011366
227868.779442,-0.003472
227868.789446,-0.019921
227868.799438,-0.023358
227868.809421,-0.025765
227868.819421,-0.050946
227868.829413,-0.070966
227868.839401,-0.074005
227868.849393,-0.064126
227868.859385,-0.038781
227868.869380,0.005058
227868.879357,0.047487
227868.889349,0.046164
227868.899360,0.029728
227868.909356,0.009235
227868.919348,-0.010973
227868.929338,-0.029175
227868.939327,-0.046226
227868.949319,-0.086890
227868.959318,-0.114194
227868.969307,-0.111600
227868.979299,-0.072307
227868.989297,-0.041335
227868.999284,-0.018271
227869.009276,0.006842
227869.019277,0.055782
227869.029260,0.117003
227869.039252,0.178787
227869.049257,0.216377
227869.059259,0.219095
227869.069251,0.189071
227869.079236,0.157498
227869.089227,0.121119
227869.099219,0.086750
227869.109207,0.028242
227869.119195,-0.009426
227869.129187,-0.052906
227869.139194,-0.115996
227869.149194,-0.147049
227869.159186,-0.144326
227869.169175,-0.133296
227869.179177,-0.131824
227869.189169,-0.122210
227869.199154,-0.117680
227869.209130,-0.104303
227869.219122,-0.079812
227869.229134,-0.056173
227869.239130,-0.041304
227869.249122,-0.068998
227869.259113,-0.081775
227869.269096,-0.050980
227869.279088,-0.026982
227869.289093,-0.015156
227869.299097,-0.005209
227869.309089,-0.005990
227869.319071,-0.025594
227869.329065,-0.047523
227869.339057,-0.074447
227869.349063,-0.098606
227869.359039,-0.115840
227869.369031,-0.118473
227869.379026,-0.114561
227869.389034,-0.110222
227869.399026,-0.085599
227869.409010,-0.057089
227869.418988,-0.029746
227869.428980,0.003536
227869.438989,0.030904
227869.448988,0.043929
227869.458980,0.036972
227869.468969,0.006925
227869.478966,-0.033441
227869.488958,-0.068791
227869.498950,-0.113311
227869.508936,-0.140219
227869.518928,-0.146166
227869.528929,-0.140282
227869.538934,-0.113829
227869.548926,-0.081869
227869.558908,-0.043941
227869.568903,0.004929
227869.578895,0.034900
227869.588887,0.034043
227869.598891,0.023668
227869.608883,0.012548
227869.618868,-0.004378
227869.628849,-0.024377
227869.638841,-0.058873
227869.648847,-0.088400
227869.658837,-0.093079
227869.668829,-0.091292
227869.678826,-0.081152
227869.688819,-0.055813
227869.698811,-0.022434
227869.708806,-0.003004
227869.718782,0.001404
227869.728774,-0.014830
227869.738784,-0.038839
227869.748773,-0.062499
227869.758765,-0.075113
227869.768765,-0.076747
227869.778758,-0.071670
227869.788750,-0.064705
227869.798744,-0.039605
227869.808740,-0.028155
227869.818732,-0.039996
227869.828724,-0.057809
227869.838718,-0.070968
227869.848710,-0.084554
227869.858703,-0.095187
227869.868707,-0.105446
227869.878699,-0.109538
227869.888683,-0.111089
227869.898676,-0.110466
227869.908668,-0.103429
227869.918658,-0.101957
227869.928652,-0.095720
227869.938644,-0.094198
227869.948642,-0.081528
227869.958648,-0.070744
227869.968640,-0.060738
227869.978621,-0.036492
227869.988611,-0.018488
227869.998603,-0.003249
227870.008600,-0.001870
227870.018606,-0.008859
227870.028598,-0.021060
227870.038579,-0.048619
227870.048578,-0.076025
227870.058570,-0.090119
227870.068560,-0.078683
227870.078553,-0.062910
227870.088545,-0.038858
227870.098537,-0.013123
227870.108532,0.002148
227870.118524,0.010730
227870.128506,0.007940
227870.138514,-0.005487
227870.148506,-0.029549
227870.158492,-0.044569
227870.168480,-0.049749
227870.178472,-0.055214
227870.188462,-0.063167
227870.198480,-0.064116
227870.208472,-0.062618
227870.218457,-0.044311
227870.228451,-0.022755
227870.238443,-0.003616
227870.248436,0.006555
227870.258430,0.010794
227870.268422,0.017299
227870.278416,0.023621
227870.288409,0.026135
227870.298401,0.023133
227870.308395,0.025417
227870.318389,0.037083
227870.328381,0.037539
227870.338374,0.035360
227870.348369,0.024038
227870.358361,0.013255
227870.368354,0.000267
227870.378348,-0.021794
227870.388340,-0.031328
227870.398333,-0.052951
227870.408307,-0.068341
227870.418299,-0.067615
227870.428317,-0.055438
227870.438305,-0.037997
227870.448297,-0.018483
227870.458286,0.007964
227870.468292,0.030313
227870.478284,0.052504
227870.488271,0.057580
227870.498265,0.067274
227870.508257,0.069162
227870.518251,0.064165
227870.528252,0.046075
227870.538244,0.031421
227870.548229,0.012330
227870.558220,-0.003820
227870.568212,-0.005666
227870.578201,-0.009718
227870.588204,-0.002677
227870.598196,0.006436
227870.608202,-0.001266
227870.618189,-0.013276
227870.628181,-0.022129
227870.638169,-0.018626
227870.648155,-0.014322
227870.658147,-0.018138
227870.668135,-0.041229
227870.678142,-0.058261
227870.688134,-0.073617
227870.698134,-0.074531
227870.708122,-0.055865
227870.718114,-0.006119
227870.728103,0.034201
227870.738101,0.041485
227870.748093,0.029795
227870.758091,0.013591
227870.768081,-0.015601
227870.778073,-0.046938
227870.788050,-0.067745
227870.798059,-0.088466
227870.808051,-0.097599
227870.818048,-0.104053
227870.828040,-0.115090
227870.838032,-0.119930
227870.848028,-0.120249
227870.858019,-0.112080
227870.868011,-0.094939
227870.878020,-0.057915
227870.887999,-0.008400
227870.897991,0.019491
227870.907992,0.023414
227870.917977,0.027548
227870.927969,0.020686
227870.937949,0.011090
227870.947958,0.009167
227870.957950,0.005858
227870.967956,0.004226
227870.977937,0.000389
227870.987929,-0.021300
227870.997914,-0.052827
227871.007917,-0.077605
227871.017909,-0.079006
227871.027890,-0.055084
227871.037896,-0.029716
227871.047888,0.005550
227871.057877,0.040086
227871.067875,0.113549
227871.077867,0.185131
227871.087847,0.228037
227871.097854,0.187782
227871.107846,0.100542
227871.117842,0.015298
227871.127834,-0.070556
227871.137826,-0.252511
227871.147812,-0.496366
227871.157814,-0.620213
227871.167806,-0.783085
227871.177811,-0.882554
227871.187793,-0.593581
227871.197785,-0.086684
227871.207776,0.363768
227871.217773,0.631313
227871.227765,0.561269
227871.237747,0.632073
227871.247751,0.017111
227871.257743,-0.901799
227871.267746,-1.279083
227871.277731,-0.665503
227871.287723,-0.162796
227871.297715,0.131320
227871.307710,0.299394
227871.317702,0.347986
227871.327683,0.157344
227871.337690,-0.046340
227871.347682,-0.146672
227871.357682,-0.152413
227871.367658,-0.125089
227871.377650,-0.111876
227871.387649,-0.079511
227871.397649,-0.050194
227871.407641,-0.002029
227871.417639,0.107259
227871.427637,0.245288
227871.437629,0.430856
227871.447615,0.583454
227871.457605,0.511423
227871.467597,0.254023
227871.477585,0.064743
227871.487588,-0.026823
227871.497580,-0.086333
227871.507573,-0.162462
227871.517566,-0.209865
227871.527558,-0.212017
227871.537552,-0.179577
227871.547546,-0.108671
227871.557538,-0.040249
227871.567532,0.034877
227871.577525,0.074577
227871.587517,0.041657
227871.597512,-0.008285
227871.607505,-0.031821
227871.617497,-0.165747
227871.627487,-0.372950
227871.637484,-0.388060
227871.647476,-0.198216
227871.657471,0.139027
227871.667464,-0.051304
227871.677456,-0.320589
227871.687455,-0.440582
227871.697443,-0.748701
227871.707435,-0.674950
227871.717421,-0.507484
227871.727422,-0.288426
227871.737414,-0.080005
227871.747391,-0.077263
227871.757403,-0.185925
227871.767395,-0.203056
227871.777388,-0.073539
227871.787382,0.035676
227871.797374,0.066187
227871.807379,0.053975
227871.817361,0.021487
227871.827353,-0.013253
227871.837347,-0.040543
227871.847340,-0.058117
227871.857332,-0.000035
227871.867326,0.141501
227871.877321,0.274235
227871.887313,0.261494
227871.897306,0.136099
227871.907299,0.041887
227871.917291,-0.002265
227871.927285,-0.002689
227871.937273,-0.036150
227871.947265,-0.077780
227871.957265,-0.116464
227871.967128,-0.144042
227871.977120,-0.159944
227871.987112,-0.180313
227871.997107,-0.181569
227872.007099,-0.152404
227872.017093,-0.040938
227872.027087,0.363419
227872.037079,0.392306
227872.047060,0.378887
227872.057066,0.435659
227872.067058,0.356913
227872.077052,0.192216
227872.087046,-0.010262
227872.097038,-0.207906
227872.107031,-0.490520
227872.117025,-0.689510
227872.127017,-0.701058
227872.137011,-0.558966
227872.147003,-0.321894
227872.156995,-0.200262
227872.166990,-0.077067
227872.176995,0.162090
227872.186987,0.305906
227872.196970,0.164629
227872.206968,0.125494
227872.216960,0.019235
227872.226949,-0.224103
227872.236953,-0.433981
227872.246945,-0.628524
227872.256929,-0.793119
227872.266922,-0.808690
227872.276914,-0.641657
227872.286908,-0.331161
227872.296891,0.296119
227872.306883,0.560027
227872.316887,0.523620
227872.326880,0.693188
227872.336872,0.602240
227872.346867,0.330295
227872.356858,0.064926
227872.366850,-0.204416
227872.376846,-0.404552
227872.386834,-0.518013
227872.396826,-0.617165
227872.406827,-0.633260
227872.416832,-0.523564
227872.426824,-0.354328
227872.436805,-0.148745
227872.446783,-0.164597
227872.456775,-0.188160
227872.466785,0.265241
227872.476786,0.914870
227872.486778,0.632970
227872.496765,0.085944
227872.506765,-0.098034
227872.516757,-0.331866
227872.526744,-0.411462
227872.536743,-0.452481
227872.546735,-0.594480
227872.556724,-0.718037
227872.566724,-0.652292
227872.576716,-0.503966
227872.586702,-0.428008
227872.596691,-0.555720
227872.606683,-0.268608
227872.616676,0.820830
227872.626663,1.792843
227872.636655,0.503446
227872.646662,-0.100182
227872.656662,-0.238866
227872.666654,-0.443302
227872.676642,-0.503826
227872.686631,-0.481657
227872.696623,-0.480294
227872.706621,-0.506770
227872.716599,-0.518083
227872.726591,-0.394914
227872.736601,-0.314271
227872.746598,-0.321314
227872.756590,-0.033369
227872.766581,0.562594
227872.776565,1.079083
227872.786557,0.489188
227872.796559,-0.061965
227872.806565,0.043657
227872.816557,-0.141268
227872.826539,-0.326556
227872.836532,-0.403953
227872.846524,-0.474852
227872.856518,-0.522033
227872.866501,-0.538359
227872.876493,-0.440443
227872.886498,-0.255833
227872.896500,-0.302941
227872.906492,-0.237654
227872.916478,0.143672
227872.926461,0.776005
227872.936453,0.974305
227872.946457,0.300709
227872.956438,0.053070
227872.966430,0.122264
227872.976435,-0.154770
227872.986423,-0.359967
227872.996415,-0.425142
227873.006424,-0.480978
227873.016403,-0.513723
227873.026395,-0.442337
227873.036396,-0.256380
227873.046372,-0.218990
227873.056364,-0.383305
227873.066376,-0.218457
227873.076365,0.341324
227873.086357,1.139472
227873.096355,0.784319
227873.106339,0.061656
227873.116331,0.055185
227873.126335,-0.113011
227873.136328,-0.357173
227873.146320,-0.494012
227873.156314,-0.601410
227873.166304,-0.625004
227873.176296,-0.557471
227873.186286,-0.316561
227873.196273,-0.057946
227873.206265,-0.059266
227873.216273,-0.085974
227873.226267,0.285780
227873.236259,1.015097
227873.246252,0.889801
227873.256241,0.091392
227873.266233,-0.143580
227873.276231,-0.176668
227873.286226,-0.449882
227873.296218,-0.524444
227873.306205,-0.551393
227873.316200,-0.555622
227873.326192,-0.568911
227873.336196,-0.347699
227873.346185,-0.062099
227873.356177,0.048463
227873.366157,-0.101392
227873.376167,-0.033787
227873.386159,0.397962
227873.396150,0.965413
227873.406144,0.489136
227873.416136,-0.011682
227873.426133,-0.049106
227873.436112,-0.117222
227873.446104,-0.415362
227873.456109,-0.583102
227873.466110,-0.638194
227873.476102,-0.693464
227873.486088,-0.502709
227873.496079,-0.243900
227873.506071,-0.104088
227873.516067,-0.369014
227873.526054,-0.427229
227873.536046,-0.255164
227873.546047,0.267789
227873.556048,0.999281
227873.566040,0.820877
227873.576027,0.458654
227873.586012,0.037401
227873.596004,-0.050841
227873.606005,-0.236392
227873.615990,-0.574363
227873.625982,-0.891820
227873.635986,-1.042009
227873.645978,-0.662593
227873.655970,-0.313940
227873.665973,-0.095744
227873.675949,-0.281404
227873.685941,-0.472147
227873.695945,-0.290646
227873.705948,0.398401
227873.715940,1.178714
227873.725925,1.174116
227873.735916,0.570281
227873.745908,0.003565
227873.755905,-0.220834
227873.765885,-0.179186
227873.775877,-0.478803
227873.785884,-0.961872
227873.795890,-1.233850
227873.805882,-0.937651
227873.815863,-0.466743
227873.825857,-0.124156
227873.835849,-0.137743
227873.845843,-0.399390
227873.855820,-0.279878
227873.865812,0.419499
227873.875822,1.023821
227873.885814,1.500680
227873.895806,0.541094
227873.905799,-0.198960
227873.915787,-0.290960
227873.925779,-0.389654
227873.935781,-0.742640
227873.945774,-0.984703
227873.955766,-0.960811
227873.965760,-0.502875
227873.975764,-0.169208
227873.985756,-0.065111
227873.995740,0.246323
227874.005744,0.398211
227874.015736,0.579303
227874.025719,0.753458
227874.035715,0.286111
227874.045707,-0.216302
227874.055699,-0.460908
227874.065689,-0.487335
227874.075681,-0.351886
227874.085679,-0.225689
227874.095656,-0.125022
227874.105648,-0.067073
227874.115657,-0.036331
227874.125656,-0.076785
227874.135648,-0.129290
227874.145644,-0.210102
227874.155631,-0.209840
227874.165623,-0.091402
227874.175626,0.125550
227874.185622,0.184078
227874.195614,0.060912
227874.205597,-0.048057
227874.215591,-0.093066
227874.225583,-0.083387
227874.235576,-0.065275
227874.245579,-0.064926
227874.255571,-0.095267
227874.265557,-0.122855
227874.275550,-0.099863
227874.285542,-0.060069
227874.295536,-0.024679
227874.305535,-0.003374
227874.315527,0.001421
227874.325507,0.006953
227874.335519,0.012245
227874.345511,0.040152
227874.355495,0.059512
227874.365494,0.047356
227874.375486,0.047789
227874.385475,0.057110
227874.395462,0.032990
227874.405454,-0.004018
227874.415454,-0.025322
227874.425431,-0.036746
227874.435423,-0.036660
227874.445433,-0.055777
227874.455429,-0.079656
227874.465421,-0.090875
227874.475414,-0.090671
227874.485399,-0.064272
227874.495391,-0.023843
227874.505394,0.027569
227874.515386,0.070594
227874.525378,0.103329
227874.535373,0.122944
227874.545352,0.132034
227874.555344,0.122146
227874.565352,0.094252
227874.575340,0.049285
227874.585332,-0.003541
227874.595332,-0.054629
227874.605331,-0.085688
227874.615323,-0.059922
227874.625311,-0.025353
227874.635304,-0.028919
227874.645296,-0.049320
227874.655290,-0.078210
227874.665284,-0.100010
227874.675276,-0.111316
227874.685270,-0.124422
227874.695264,-0.147432
227874.705256,-0.135759
227874.715250,-0.076566
227874.725238,-0.013897
227874.735230,-0.000648
227874.745230,-0.026411
227874.755223,-0.058481
227874.765215,-0.105670
227874.775208,-0.141943
227874.785203,-0.159134
227874.795195,-0.152477
227874.805188,-0.130915
227874.815182,-0.111300
227874.825174,-0.100413
227874.835167,-0.095025
227874.845162,-0.089263
227874.855154,-0.070853
227874.865147,-0.050944
227874.875142,-0.045512
227874.885134,-0.045931
227874.895126,-0.051800
227874.905121,-0.044526
227874.915113,-0.024687
227874.925105,-0.001855
227874.935100,0.012080
227874.945092,0.004482
227874.955098,-0.012707
227874.965080,-0.008341
227874.975072,0.021080
227874.985053,0.058740
227874.995060,0.079738
227875.005052,0.085696
227875.015046,0.089830
227875.025037,0.079692
227875.035029,0.051961
227875.045016,0.012224
227875.055013,-0.021860
227875.065005,-0.044518
227875.075004,-0.052438
227875.084998,-0.047400
227875.094990,-0.034034
227875.104984,0.000852
227875.114974,0.040151
227875.124966,0.077190
227875.134964,0.124896
227875.144958,0.172232
227875.154950,0.178445
227875.164943,0.136090
227875.174938,0.033374
227875.184930,-0.069515
227875.194921,-0.106634
227875.204911,-0.084323
227875.214903,-0.101900
227875.224903,-0.237174
227875.234897,-0.260575
227875.244889,-0.223429
227875.254883,-0.162762
227875.264876,-0.068741
227875.274868,-0.008299
227875.284862,0.040569
227875.294855,0.047211
227875.304847,0.035616
227875.314826,0.020589
227875.324835,0.018863
227875.334827,0.021104
227875.344821,0.033906
227875.354813,0.040762
227875.364805,0.058308
227875.374801,0.067892
227875.384800,0.070490
227875.394792,0.063553
227875.404780,0.046004
227875.414785,0.008919
227875.424777,-0.000227
227875.434759,-0.002047
227875.444754,-0.008647
227875.454746,-0.028284
227875.464740,-0.071874
227875.474716,-0.113235
227875.484708,-0.134489
227875.494719,-0.137672
227875.504703,-0.147239
227875.514695,-0.170454
227875.524684,-0.185588
227875.534671,-0.190038
227875.544663,-0.180923
227875.554677,-0.140786
227875.564673,-0.092987
227875.574665,-0.054706
227875.584657,-0.016839
227875.594652,0.003354
227875.604644,-0.002577
227875.614636,-0.035938
227875.624631,-0.053076
227875.634623,-0.054524
227875.644629,-0.059087
227875.654611,-0.060518
227875.664603,-0.048527
227875.674590,-0.039236
227875.684590,-0.040165
227875.694582,-0.057180
227875.704573,-0.078492
227875.714570,-0.067057
227875.724562,-0.063272
227875.734564,-0.064167
227875.744549,-0.072884
227875.754541,-0.065331
227875.764526,-0.069897
227875.774529,-0.061936
227875.784521,-0.056315
227875.794499,-0.048112
227875.804508,-0.052708
227875.814500,-0.056543
227875.824501,-0.061273
227875.834488,-0.082640
227875.844480,-0.083817
227875.854468,-0.058922
227875.864468,-0.041853
227875.874460,-0.040924
227875.884437,-0.045446
227875.894455,-0.050165
227875.904447,-0.057090
227875.914435,-0.072088
227875.924428,-0.094190
227875.934420,-0.140373
227875.944403,-0.205617
227875.954407,-0.253442
227875.964399,-0.281911
227875.974402,-0.285466
227875.984387,-0.289674
227875.994379,-0.298209
227876.004371,-0.303894
227876.014366,-0.289832
227876.024358,-0.233676
227876.034339,-0.174181
227876.044346,-0.139614
227876.054338,-0.139860
227876.064337,-0.174958
227876.074325,-0.207679
227876.084317,-0.234290
227876.094306,-0.265782
227876.104305,-0.293641
227876.114297,-0.284641
227876.124290,-0.233212
227876.134296,-0.144439
227876.144288,-0.040740
227876.154273,0.050783
227876.164271,0.081087
227876.174263,0.051348
227876.184241,-0.006155
227876.194243,-0.053678
227876.204235,-0.065014
227876.214240,-0.072551
227876.224228,-0.075401
227876.234220,-0.071486
227876.244219,-0.068013
227876.254204,-0.068464
227876.264196,-0.059078
227876.274177,-0.041995
227876.284182,-0.011276
227876.294174,0.018572
227876.304175,0.020214
227876.314163,0.004269
227876.324155,-0.017017
227876.334144,-0.049181
227876.344142,-0.075638
227876.354134,-0.084636
227876.364111,-0.089119
227876.374122,-0.091892
227876.384114,-0.090271
227876.394110,-0.095293
227876.404102,-0.105851
227876.414094,-0.109238
227876.424083,-0.105908
227876.434080,-0.094572
227876.444072,-0.083502
227876.454078,-0.064381
227876.464053,-0.048802
227876.474045,-0.023827
227876.484056,0.001333
227876.494040,0.023247
227876.504032,0.044951
227876.514026,0.049415
227876.524020,0.054701
227876.534012,0.052498
227876.544013,0.035679
227876.554001,0.001818
227876.563993,-0.024160
227876.573981,-0.024859
227876.583980,-0.022009
227876.593972,-0.019320
227876.603950,-0.016851
227876.613958,-0.009717
227876.623950,-0.010551
227876.633939,-0.019943
227876.643939,-0.036838
227876.653931,-0.046915
227876.663917,-0.050194
227876.673918,-0.052204
227876.683910,-0.047322
227876.693905,-0.047866
227876.703898,-0.070171
227876.713890,-0.068910
227876.723884,-0.017821
227876.733877,-0.065204
227876.743869,-0.189658
227876.753852,-0.273421
227876.763857,-0.205373
227876.773849,-0.079742
227876.783851,-0.011788
227876.793836,0.038316
227876.803828,0.059884
227876.813819,0.076598
227876.823816,0.086195
227876.833808,0.076047
227876.843787,0.068820
227876.853796,0.063909
227876.863788,0.073414
227876.873786,0.091330
227876.883775,0.114520
227876.893767,0.124746
227876.903759,0.138421
227876.913756,0.151399
227876.923748,0.157049
227876.933753,0.147199
227876.943734,0.077634
227876.953726,0.038780
227876.963587,-0.002951
227876.973592,-0.038932
227876.983584,-0.078763
227876.993555,-0.112083
227877.003565,-0.152462
227877.013557,-0.191261
227877.023554,-0.203428
227877.033542,-0.209449
227877.043534,-0.201045
227877.053523,-0.174993
227877.063519,-0.201663
227877.073511,-0.206678
227877.083491,-0.160133
227877.093504,-0.069507
227877.103496,-0.001053
227877.113489,0.059450
227877.123479,0.117227
227877.133471,0.136776
227877.143458,0.118521
227877.153458,0.073638
227877.163450,0.024761
227877.173457,-0.028856
227877.183438,-0.108054
227877.193430,-0.173064
227877.203423,-0.202252
227877.213417,-0.212381
227877.223409,-0.207866
227877.233414,-0.219369
227877.243398,-0.253151
227877.253390,-0.278874
227877.263383,-0.289324
227877.273377,-0.297651
227877.283369,-0.306715
227877.293366,-0.290363
227877.303357,-0.251772
227877.313349,-0.177733
227877.323343,-0.075846
227877.333336,-0.019379
227877.343328,0.004109
227877.353324,0.009409
227877.363315,0.018005
227877.373307,0.036130
227877.383301,0.051414
227877.393296,0.026419
227877.403288,-0.035661
227877.413294,-0.102334
227877.423276,-0.191011
227877.433268,-0.251682
227877.443257,-0.289224
227877.453255,-0.314592
227877.463247,-0.329769
227877.473249,-0.265083
227877.483235,-0.136753
227877.493227,-0.025941
227877.503221,0.013804
227877.513215,0.014286
227877.523207,0.013389
227877.533187,0.022713
227877.543194,0.040248
227877.553186,0.063458
227877.563180,0.017236
227877.573174,-0.046432
227877.583166,-0.099240
227877.593152,-0.155245
227877.603154,-0.200856
227877.613146,-0.208416
227877.623132,-0.169679
227877.633134,-0.100938
227877.643126,-0.036987
227877.653132,0.024362
227877.663113,0.075242
227877.673105,0.123194
227877.683098,0.154378
227877.693092,0.177939
227877.703084,0.171079
227877.713062,0.112902
227877.723073,0.027236
227877.733065,-0.051677
227877.743055,-0.105721
227877.753053,-0.126819
227877.763045,-0.135685
227877.773037,-0.128036
227877.783032,-0.097189
227877.793024,-0.034679
227877.803018,0.021469
227877.813012,0.059062
227877.823004,0.069840
227877.832997,0.046932
227877.842985,0.013712
227877.852977,-0.018324
227877.862977,-0.041543
227877.872971,-0.045956
227877.882963,-0.045184
227877.892957,-0.038512
227877.902951,-0.022422
227877.912943,-0.010667
227877.922937,-0.007147
227877.932930,0.000782
227877.942922,0.017830
227877.952916,0.033428
227877.962897,0.043540
227877.972889,0.057289
227877.982896,0.079250
227877.992889,0.091186
227878.002881,0.073521
227878.012875,0.033338
227878.022860,-0.002433
227878.032852,-0.012843
227878.042855,0.004191
227878.052848,0.030930
227878.062840,0.054512
227878.072828,0.066478
227878.082816,0.067740
227878.092808,0.053010
227878.102817,0.031040
227878.112807,0.022398
227878.122799,0.017552
227878.132794,0.008933
227878.142783,0.015573
227878.152775,0.017853
227878.162774,-0.013464
227878.172780,-0.072838
227878.182772,-0.115186
227878.192754,-0.143568
227878.202732,-0.117104
227878.212724,-0.093232
227878.222734,-0.078988
227878.232731,-0.079186
227878.242723,-0.113221
227878.252713,-0.139540
227878.262698,-0.144194
227878.272690,-0.123720
227878.282687,-0.092432
227878.292687,-0.047071
227878.302679,-0.004958
227878.312678,0.062469
227878.322666,0.179194
227878.332658,0.355023
227878.342659,0.542364
227878.352630,0.634286
227878.362622,0.593912
227878.372633,0.472668
227878.382633,0.342209
227878.392625,0.169193
227878.402596,-0.186508
227878.412601,-0.655527
227878.422593,-1.010944
227878.432592,-1.153484
227878.442569,-0.991046
227878.452561,-0.764686
227878.462571,-0.640606
227878.472568,0.382292
227878.482560,1.466521
227878.492548,0.608528
227878.502536,-0.688598
227878.512528,-0.757356
227878.522517,-0.572563
227878.532535,-0.507256
227878.542527,-0.471263
227878.552511,-0.474478
227878.562504,-0.422450
227878.572496,-0.199027
227878.582490,0.318381
227878.592471,0.619301
227878.602463,0.427807
227878.612471,0.220758
227878.622475,0.106900
227878.632467,0.109961
227878.642450,0.191978
227878.652439,0.347314
227878.662431,0.455424
227878.672429,0.424048
227878.682407,0.297241
227878.692399,0.184702
227878.702405,0.088133
227878.712406,0.021653
227878.722398,-0.043938
227878.732389,-0.098324
227878.742379,-0.134387
227878.752371,-0.154133
227878.762369,-0.166582
227878.772369,-0.167525
227878.782361,-0.143800
227878.792349,-0.087910
227878.802341,-0.032018
227878.812333,0.032394
227878.822329,0.085981
227878.832313,0.068043
227878.842305,0.016610
227878.852307,-0.036867
227878.862308,-0.125096
227878.872300,-0.384350
227878.882288,-0.702451
227878.892276,-0.885418
227878.902268,-0.760153
227878.912267,0.039880
227878.922245,0.163174
227878.932237,0.065917
227878.942247,0.653982
227878.952236,-0.352354
227878.962228,-0.429368
227878.972227,-0.259120
227878.982220,-0.132598
227878.992212,-0.016534
227879.002208,0.095314
227879.012210,0.077976
227879.022202,0.081049
227879.032187,0.270610
227879.042180,0.476609
227879.052172,0.230286
227879.062166,-0.152535
227879.072160,-0.390019
227879.082152,-0.435789
227879.092146,-0.287270
227879.102140,-0.036531
227879.112132,0.227282
227879.122125,0.409029
227879.132114,0.359479
227879.142106,0.169875
227879.152118,0.011688
227879.162081,-0.028039
227879.172073,-0.036834
227879.182091,-0.125934
227879.192080,-0.244699
227879.202072,-0.197710
227879.212055,0.000271
227879.222060,0.350103
227879.232052,0.511779
227879.242030,0.562175
227879.252039,0.493195
227879.262031,0.322475
227879.272028,0.301963
227879.282016,0.278777
227879.292008,0.212096
227879.302004,0.003256
227879.311998,-0.374537
227879.321990,-0.784571
227879.331985,-0.803211
227879.341984,-0.537226
227879.351976,-0.353430
227879.361964,0.150692
227879.371958,0.598851
227879.381950,0.592904
227879.391944,0.037880
227879.401919,-0.308752
227879.411911,-0.086283
227879.421924,-0.333302
227879.431917,-0.591577
227879.441909,-0.705072
227879.451903,-0.785100
227879.461897,-0.824612
227879.471889,-0.785972
227879.481883,-0.631183
227879.491877,-0.378594
227879.501869,-0.069945
227879.511863,1.155651
227879.521856,1.239738
227879.531848,0.869433
227879.541843,0.568384
227879.551834,0.207780
227879.561826,-0.116421
227879.571821,-0.477864
227879.581819,-0.651301
227879.591811,-0.770765
227879.601803,-0.889643
227879.611786,-0.884144
227879.621778,-0.674355
227879.631782,-0.572613
227879.641772,-0.652460
227879.651764,-0.195827
227879.661761,2.009307
227879.671756,2.084162
227879.681748,0.450379
227879.691741,-0.007797
227879.701735,-0.195549
227879.711727,-0.393117
227879.721720,-0.430833
227879.731716,-0.637123
227879.741708,-1.041402
227879.751700,-1.257944
227879.761703,-1.192967
227879.771695,-1.001743
227879.781679,-0.748862
227879.791675,-0.602019
227879.801667,-0.429888
227879.811659,1.608997
227879.821658,2.900528
227879.831650,0.934131
227879.841635,0.200153
227879.851643,-0.028017
227879.861635,-0.390745
227879.871632,-0.729303
227879.881614,-0.952612
227879.891606,-1.022184
227879.901604,-1.126333
227879.911593,-0.964711
227879.921585,-0.569836
227879.931573,-0.206943
227879.941574,-0.264464
227879.951566,-0.451334
227879.961565,1.406175
227879.971549,2.190564
227879.981541,0.744941
227879.991554,0.070963
227880.001534,-0.013930
227880.011526,-0.290041
227880.021514,-0.518879
227880.031514,-0.691235
227880.041506,-1.042220
227880.051488,-1.336424
227880.061493,-1.113280
227880.071485,-0.645323
227880.081477,-0.326975
227880.091473,-0.312510
227880.101465,-0.442753
227880.111445,0.773834
227880.121453,2.193108
227880.131445,0.954973
227880.141444,0.221300
227880.151436,-0.235992
227880.161428,-0.151793
227880.171410,-0.306017
227880.181412,-0.529274
227880.191404,-0.943961
227880.201411,-1.374254
227880.211392,-1.221849
227880.221384,-0.839823
227880.231387,-0.383429
227880.241372,-0.155762
227880.251364,-0.491090
227880.261344,-0.389597
227880.271352,0.785699
227880.281344,1.514834
227880.291346,0.936634
227880.301330,0.607660
227880.311322,0.290224
227880.321321,-0.088849
227880.331311,-0.110419
227880.341303,-0.331752
227880.351282,-1.157781
227880.361290,-1.490382
227880.371282,-1.307479
227880.381264,-0.901273
227880.391282,-0.384349
227880.401274,-0.568675
227880.411259,-0.942767
227880.421240,-0.258150
227880.431232,1.491173
227880.441236,1.610527
227880.451241,1.164712
227880.461233,0.971562
227880.471217,0.510398
227880.481198,-0.031309
227880.491190,-0.181633
227880.501185,-0.306830
227880.511173,-1.254547
227880.521165,-1.742251
227880.531184,-1.523458
227880.541170,-0.946268
227880.551162,-0.197567
227880.561152,-0.643029
227880.571149,-0.141892
227880.581141,1.335327
227880.591120,2.213486
227880.601129,1.501858
227880.611121,1.007263
227880.621106,0.384981
227880.631095,-0.154754
227880.641087,-0.415829
227880.651075,-0.637899
227880.661093,-1.358886
227880.671085,-1.679235
227880.681085,-1.694483
227880.691057,-1.300537
227880.701049,-0.585533
227880.711055,-0.814898
227880.721049,-0.019990
227880.731041,2.138823
227880.741023,2.656543
227880.751013,1.668538
227880.761005,0.806039
227880.771022,-0.094693
227880.781009,-0.360483
227880.791001,-0.406731
227880.800994,-0.722993
227880.810989,-1.346112
227880.820981,-1.467132
227880.830984,-1.479125
227880.840968,-1.203318
227880.850960,-0.432153
227880.860954,-0.272959
227880.870948,-0.190505
227880.880940,1.232485
227880.890925,2.187202
227880.900928,1.790292
227880.910920,1.339606
227880.920920,0.303305
227880.930908,-0.436443
227880.940900,-0.399685
227880.950892,-0.762116
227880.960887,-1.758021
227880.970879,-1.837752
227880.980873,-1.334573
227880.990867,-0.802509
227881.000859,-0.201765
227881.010860,0.299609
227881.020847,0.195118
227881.030839,1.218715
227881.040827,2.549417
227881.050827,1.228030
227881.060819,-0.326561
227881.070795,-0.601528
227881.080806,-0.345717
227881.090798,-0.766519
227881.100794,-1.378591
227881.110786,-1.625136
227881.120778,-1.332410
227881.130763,-0.995575
227881.140766,-0.553672
227881.150758,-0.113192
227881.160753,0.225895
227881.170744,0.049044
227881.180736,0.137947
227881.190733,2.783127
227881.200721,2.215990
227881.210713,-0.032169
227881.220698,-0.800670
227881.230706,-0.308074
227881.240698,-0.493164
227881.250684,-1.115126
227881.260685,-1.464474
227881.270677,-1.355448
227881.280671,-0.958641
227881.290666,-0.654212
227881.300658,-0.498160
227881.310651,-0.187220
227881.320646,-0.108786
227881.330638,0.170174
227881.340632,2.009140
227881.350625,2.521366
227881.360617,0.505648
227881.370600,-0.863857
227881.380605,-0.521590
227881.390597,-0.103687
227881.400591,-0.351193
227881.410585,-0.898490
227881.420577,-1.225416
227881.430570,-0.924038
227881.440564,-0.697300
227881.450556,-0.653722
227881.460551,-0.588738
227881.470544,-0.532017
227881.480536,-0.671172
227881.490531,-0.737400
227881.500523,0.611172
227881.510515,2.782564
227881.520505,1.573726
227881.530504,-0.079826
227881.540496,-0.454559
227881.550502,0.115154
227881.560478,0.016746
227881.570470,-0.507931
227881.580470,-1.459468
227881.590476,-1.562551
227881.600468,-1.160520
227881.610449,-0.887227
227881.620456,-0.729563
227881.630448,-0.464294
227881.640425,-0.419779
227881.650425,-0.576543
227881.660417,0.742634
227881.670400,2.965801
227881.680410,1.424892
227881.690402,-0.096712
227881.700373,-0.465054
227881.710389,0.007283
227881.720381,-0.337359
227881.730369,-0.995923
227881.740360,-1.856375
227881.750352,-1.610002
227881.760349,-1.146154
227881.770328,-0.615417
227881.780320,-0.255650
227881.790329,-0.151597
227881.800319,-0.217401
227881.810311,0.999949
227881.820308,3.773763
227881.830295,1.097811
227881.840287,-0.766050
227881.850275,-0.965269
227881.860294,-0.358795
227881.870286,-0.430855
227881.880270,-0.786783
227881.890261,-1.202302
227881.900253,-1.189664
227881.910249,-0.945581
227881.920231,-0.953482
227881.930223,-0.726421
227881.940211,-0.613746
227881.950229,-0.445638
227881.960221,0.575262
227881.970071,2.974818
227881.980060,1.984233
227881.990052,0.419986
227882.000040,-0.585209
227882.010028,-0.567079
227882.020020,-0.329716
227882.030031,-0.395223
227882.040032,-0.996023
227882.050024,-1.496409
227882.060010,-1.306005
227882.069989,-0.958970
227882.079981,-0.706184
227882.089990,-0.627509
227882.099991,-0.295745
227882.109983,0.009460
227882.119969,1.539814
227882.129974,2.550612
227882.139966,0.986822
227882.149949,0.005215
227882.159929,-0.691242
227882.169921,-0.818089
227882.179912,-0.433200
227882.189929,-0.770635
227882.199921,-1.061506
227882.209909,-1.064144
227882.219889,-0.878786
227882.229881,-0.603819
227882.239889,-0.513163
227882.249894,-0.481172
227882.259886,0.026199
227882.269870,1.246814
227882.279857,1.412606
227882.289849,0.807971
227882.299849,0.143244
227882.309851,-0.310320
227882.319843,-0.444830
227882.329828,-0.392614
227882.339819,-0.289300
227882.349811,-0.320078
227882.359808,-0.450617
227882.369802,-0.500031
227882.379794,-0.394842
227882.389782,-0.206489
227882.399783,-0.051974
227882.409775,-0.100702
227882.419774,-0.008758
227882.429767,0.519900
227882.439759,0.970035
227882.449755,0.742462
227882.459735,0.563359
227882.469727,0.570429
227882.479728,0.457313
227882.489722,0.334975
227882.499714,0.087821
227882.509711,-0.544541
227882.519702,-0.927831
227882.529694,-0.910960
227882.539688,-0.878333
227882.549683,-0.821412
227882.559675,-0.872463
227882.569668,-1.041849
227882.579669,-1.118690
227882.589661,-0.880198
227882.599647,-0.024492
227882.609652,1.002897
227882.619644,0.361343
227882.629628,-0.063636
227882.639631,-0.233571
227882.649623,-0.137307
227882.659602,0.062792
227882.669602,0.301405
227882.679594,0.303555
227882.689588,0.166859
227882.699582,0.073807
227882.709574,0.036320
227882.719569,0.093504
227882.729562,0.172280
227882.739554,0.336757
227882.749548,0.457992
227882.759541,0.275822
227882.769533,0.005297
227882.779528,-0.146966
227882.789520,-0.053846
227882.799512,0.034138
227882.809507,0.107381
227882.819507,0.134453
227882.829499,0.132568
227882.839487,0.133198
227882.849481,0.129091
227882.859473,0.105455
227882.869467,0.102799
227882.879450,0.151879
227882.889442,0.222935
227882.899447,0.282553
227882.909442,0.337854
227882.919434,0.335764
227882.929427,0.241474
227882.939421,0.095830
227882.949413,-0.065165
227882.959407,-0.385811
227882.969401,-0.609452
227882.979393,-0.533459
227882.989389,-0.384772
227882.999370,-0.275116
227883.009362,-0.466060
227883.019367,-1.046672
227883.029368,-0.744696
227883.039360,0.981042
227883.049346,0.267780
227883.059341,-0.310768
227883.069333,-0.220566
227883.079327,0.042251
227883.089313,0.278325
227883.099305,0.367668
227883.109306,0.434803
227883.119301,0.362916
227883.129293,0.054780
227883.139286,-0.256407
227883.149281,-0.574005
227883.159273,-0.770265
227883.169273,-0.559544
227883.179266,-0.269119
227883.189258,0.018192
227883.199246,0.253261
227883.209225,0.352168
227883.219217,0.347029
227883.229224,0.320735
227883.239219,0.344179
227883.249211,0.341549
227883.259195,0.270726
227883.269200,0.171274
227883.279192,0.055425
227883.289177,-0.057640
227883.299179,-0.095229
227883.309171,-0.064851
227883.319161,-0.001224
227883.329160,0.050526
227883.339152,0.066143
227883.349152,0.074760
227883.359139,0.087966
227883.369131,0.120491
227883.379117,0.159740
227883.389116,0.242688
227883.399108,0.312906
227883.409111,0.228503
227883.419099,0.082010
227883.429091,-0.163012
227883.439096,-0.274143
227883.449080,-0.386479
227883.459072,-0.867011
227883.469064,-0.797586
227883.479045,0.339624
227883.489037,0.433123
227883.499029,-0.108012
227883.509046,-0.467238
227883.519038,-0.523886
227883.529028,-0.221595
227883.539020,0.300296
227883.549012,0.489559
227883.559000,0.424590
227883.568999,0.277224
227883.578991,0.134532
227883.588968,0.096797
227883.598979,0.044354
227883.608971,-0.080816
227883.618966,-0.197759
227883.628959,-0.185281
227883.638951,-0.181009
227883.648938,-0.147994
227883.658937,-0.105267
227883.668929,-0.085526
227883.678934,-0.053619
227883.688914,-0.003807
227883.698906,0.032165
227883.708902,0.040121
227883.718908,-0.032965
227883.728900,-0.069929
227883.738870,-0.083358
227883.748887,-0.112656
227883.758879,-0.138325
227883.768869,-0.185056
227883.778859,-0.246697
227883.788851,-0.293397
227883.798836,-0.325950
227883.808839,-0.285951
227883.818831,0.245793
227883.828836,0.610431
227883.838819,0.446940
227883.848811,0.207753
227883.858804,0.095203
227883.868798,0.068448
227883.878790,0.063302
227883.888773,0.083089
227883.898778,0.044661
227883.908770,-0.039183
227883.918772,-0.128527
227883.928758,-0.188177
227883.938750,-0.222402
227883.948740,-0.143971
227883.958738,-0.008612
227883.968730,0.149611
227883.978707,0.271832
227883.988718,0.215834
227883.998710,0.081738
227884.008704,-0.014502
227884.018697,-0.093278
227884.028689,-0.113480
227884.038693,-0.097486
227884.048677,-0.043029
227884.058669,-0.014305
227884.068649,-0.022850
227884.078658,-0.056247
227884.088650,-0.058587
227884.098642,-0.055125
227884.108638,-0.043977
227884.118630,0.005656
227884.128610,0.096623
227884.138617,0.154750
227884.148609,0.090461
227884.158609,-0.041243
227884.168598,-0.141579
227884.178590,-0.194407
227884.188573,-0.227996
227884.198578,-0.213351
227884.208570,-0.138009
227884.218562,-0.059463
227884.228558,0.011919
227884.238550,0.046521
227884.248535,0.055634
227884.258537,0.033256
227884.268529,0.003808
227884.278523,-0.002012
227884.288518,0.013852
227884.298510,0.024554
227884.308511,0.007855
227884.318498,-0.039930
227884.328490,-0.059828
227884.338484,-0.068699
227884.348477,-0.060318
227884.358469,-0.061357
227884.368463,-0.049999
227884.378457,0.031723
227884.388449,0.080158
227884.398443,0.114166
227884.408437,0.059753
227884.418429,-0.006767
227884.428423,-0.042091
227884.438417,-0.011895
227884.448409,0.062997
227884.458403,0.202893
227884.468397,0.239891
227884.478389,0.130299
227884.488382,-0.102410
227884.498376,-0.213360
227884.508368,-0.190316
227884.518363,-0.210032
227884.528369,-0.161611
227884.538361,-0.096814
227884.548343,-0.060474
227884.558344,-0.016478
227884.568336,0.007700
227884.578323,0.020166
227884.588316,0.022777
227884.598308,-0.012543
227884.608302,-0.034272
227884.618304,-0.017167
227884.628296,-0.041233
227884.638283,-0.077706
227884.648277,-0.074246
227884.658269,-0.053468
227884.668263,-0.053975
227884.678257,-0.048308
227884.688249,0.003240
227884.698243,0.014240
227884.708237,-0.002599
227884.718229,0.005549
227884.728223,0.020393
227884.738217,0.002028
227884.748209,-0.041942
227884.758206,-0.074055
227884.768197,-0.031446
227884.778189,-0.009138
227884.788182,0.000965
227884.798176,0.059602
227884.808168,0.009174
227884.818162,-0.055531
227884.828155,-0.007634
227884.838147,0.065122
227884.848141,0.012897
227884.858136,0.005871
227884.868128,0.005925
227884.878121,-0.038978
227884.888110,0.003497
227884.898102,0.011605
227884.908089,0.013992
227884.918096,0.020165
227884.928088,-0.009413
227884.938073,0.028820
227884.948076,0.058709
227884.958068,-0.011438
227884.968062,-0.044212
227884.978055,-0.055786
227884.988047,-0.048126
227884.998026,0.040212
227885.008029,0.034994
227885.018021,0.012726
227885.028022,0.022005
227885.038028,0.032105
227885.048020,-0.004171
227885.058002,-0.049929
227885.067979,-0.102811
227885.077971,0.008391
227885.087982,0.139878
227885.097977,0.029353
227885.107969,-0.051825
227885.117962,-0.048445
227885.127962,-0.080459
227885.137954,0.019616
227885.147941,-0.087338
227885.157936,0.039667
227885.167928,0.000821
227885.177921,0.023534
227885.187915,0.013290
227885.197907,-0.064177
227885.207901,0.002727
227885.217894,0.016943
227885.227886,-0.040518
227885.237882,-0.019225
227885.247878,-0.047128
227885.257870,-0.054429
227885.267861,-0.020794
227885.277850,-0.017439
227885.287842,0.089606
227885.297842,0.017431
227885.307830,-0.074335
227885.317822,-0.054494
227885.327821,0.007396
227885.337811,-0.078936
227885.347803,-0.029948
227885.357802,-0.071253
227885.367790,-0.088213
227885.377782,-0.137790
227885.387781,0.049309
227885.397763,0.095278
227885.407755,0.139799
227885.417761,0.099063
227885.427741,-0.054522
227885.437733,-0.043608
227885.447742,-0.000533
227885.457738,-0.025681
227885.467730,-0.036528
227885.477707,-0.026693
227885.487720,0.039103
227885.497712,-0.010368
227885.507701,0.040410
227885.517688,0.037637
227885.527680,0.010730
227885.537681,0.041362
227885.547687,0.059406
227885.557679,0.039664
227885.567661,0.085325
227885.577654,0.123071
227885.587646,0.097307
227885.597641,-0.014843
227885.607635,-0.103026
227885.617627,-0.165412
227885.627621,-0.179197
227885.637622,-0.245959
227885.647614,-0.168911
227885.657600,-0.042258
227885.667590,0.079240
227885.677582,0.091028
227885.687580,0.000829
227885.697558,0.058266
227885.707550,-0.081097
227885.717557,-0.074876
227885.727545,-0.092702
227885.737537,-0.087382
227885.747525,-0.078174
227885.757525,-0.084348
227885.767517,-0.085830
227885.777520,-0.099217
227885.787514,-0.082104
227885.797506,-0.088917
227885.807501,-0.110127
227885.817488,-0.149860
227885.827480,-0.165440
227885.837481,-0.202292
227885.847474,-0.218895
227885.857466,-0.221025
227885.867461,-0.210980
227885.877460,-0.243932
227885.887452,-0.271947
227885.897440,-0.267048
227885.907435,-0.247175
227885.917427,-0.204934
227885.927420,-0.195099
227885.937424,-0.213667
227885.947416,-0.212100
227885.957407,-0.176143
227885.967387,-0.150920
227885.977379,-0.169185
227885.987380,-0.181114
227885.997361,-0.197876
227886.007353,-0.247250
227886.017360,-0.291344
227886.027349,-0.300425
227886.037341,-0.269814
227886.047340,-0.206220
227886.057330,-0.145672
227886.067322,-0.089131
227886.077321,-0.104374
227886.087314,-0.092233
227886.097306,-0.074169
227886.107300,-0.052431
227886.117299,-0.037004
227886.127291,-0.005452
227886.137281,0.010193
227886.147275,0.067902
227886.157267,0.125374
227886.167260,0.195769
227886.177247,0.252430
227886.187239,0.207577
227886.197241,0.171589
227886.207234,0.166792
227886.217226,0.190298
227886.227220,0.223547
227886.237201,0.271567
227886.247193,0.256808
227886.257201,0.249239
227886.267195,0.226410
227886.277187,0.224887
227886.287180,0.200150
227886.297159,0.184629
227886.307151,0.181539
227886.317159,0.176420
227886.327155,0.164973
227886.337147,0.143898
227886.347141,0.109778
227886.357134,0.120126
227886.367126,0.112714
227886.377120,0.098858
227886.387114,0.056710
227886.397106,0.033023
227886.407094,-0.095854
227886.417094,-0.449338
227886.427086,-0.171597
227886.437087,0.113798
227886.447074,0.060280
227886.457066,-0.042367
227886.467060,-0.029567
227886.477054,0.051276
227886.487046,0.081310
227886.497036,0.080871
227886.507035,0.102595
227886.517027,0.084349
227886.527020,0.052711
227886.537013,0.066955
227886.547005,0.086960
227886.557007,0.049596
227886.566994,0.009359
227886.576986,-0.025931
227886.586980,-0.038184
227886.596974,-0.028416
227886.606966,0.001959
227886.616960,-0.069617
227886.626953,-0.101216
227886.636945,-0.022972
227886.646938,-0.007396
227886.656934,-0.023531
227886.666926,-0.078547
227886.676919,-0.138598
227886.686914,-0.033755
227886.696906,0.051424
227886.706913,0.069442
227886.716894,-0.019351
227886.726886,-0.126005
227886.736887,-0.136323
227886.746874,-0.111698
227886.756866,-0.015385
227886.766867,-0.032190
227886.776854,-0.021500
227886.786846,-0.072865
227886.796823,-0.129889
227886.806833,-0.218389
227886.816825,-0.076943
227886.826820,-0.128309
227886.836825,-0.146140
227886.846817,-0.055830
227886.856810,0.007087
227886.866789,0.039651
227886.876781,0.069165
227886.886770,0.088078
227886.896773,0.055819
227886.906765,0.044844
227886.916756,0.049137
227886.926744,0.045124
227886.936736,0.043746
227886.946726,0.038640
227886.956735,0.027313
227886.966727,-0.004235
227886.976604,-0.041863
227886.986581,-0.064367
227886.996573,-0.077634
227887.006573,-0.070945
227887.016574,-0.064378
227887.026566,-0.070852
227887.036571,-0.077692
227887.046554,-0.082728
227887.056546,-0.076703
227887.066540,-0.068345
227887.076534,-0.056477
227887.086526,-0.039657
227887.096506,-0.024477
227887.106515,-0.030608
227887.116507,-0.042656
227887.126511,-0.054393
227887.136494,-0.048221
227887.146486,-0.039541
227887.156475,-0.039375
227887.166474,-0.044127
227887.176466,-0.051482
227887.186444,-0.089048
227887.196446,-0.063399
227887.206438,-0.039956
227887.216442,-0.038504
227887.226434,-0.028095
227887.236426,0.001612
227887.246410,0.011411
227887.256414,0.011326
227887.266406,0.019465
227887.276409,0.021707
227887.286393,0.034761
227887.296385,0.051969
227887.306379,0.052543
227887.316374,0.035471
227887.326366,-0.087148
227887.336350,-0.192666
227887.346355,-0.145760
227887.356347,-0.045376
227887.366339,0.003555
227887.376334,0.005254
227887.386326,0.001217
227887.396313,0.002797
227887.406314,0.019658
227887.416306,0.032184
227887.426311,0.036459
227887.436294,0.032441
227887.446286,0.015127
227887.456281,0.000609
227887.466274,-0.005985
227887.476266,-0.008286
227887.486248,-0.012935
227887.496255,-0.018624
227887.506247,-0.034066
227887.516241,-0.021893
227887.526232,0.198079
227887.536224,0.061932
227887.546213,0.004588
227887.556214,-0.050335
227887.566206,-0.051281
227887.576200,-0.038883
227887.586194,-0.057601
227887.596186,-0.075709
227887.606179,-0.063096
