229447.226030,0.043651
229447.236024,0.044781
229447.246017,0.058668
229447.256009,0.087442
229447.266003,0.112392
229447.275997,0.123814
229447.285989,0.111613
229447.295858,0.092777
229447.305834,0.104373
229447.315826,0.128859
229447.325836,0.160535
229447.335824,0.213619
229447.345816,0.270151
229447.355810,0.317317
229447.365823,0.358563
229447.375815,0.373450
229447.385805,0.362692
229447.395800,0.321428
229447.405792,0.266949
229447.415780,0.220867
229447.425778,0.162843
229447.435770,0.099311
229447.445747,0.048116
229447.455758,-0.002955
229447.465750,-0.071259
229447.475738,-0.154051
229447.485731,-0.235537
229447.495723,-0.299219
229447.505718,-0.308426
229447.515695,-0.256230
229447.525687,-0.164385
229447.535697,-0.044553
229447.545703,0.073194
229447.555695,0.138741
229447.565683,0.136646
229447.575671,0.061175
229447.585663,-0.045710
229447.595658,-0.154128
229447.605639,-0.250184
229447.615631,-0.317564
229447.625638,-0.345358
229447.635641,-0.377890
229447.645633,-0.425714
229447.655618,-0.509326
229447.665606,-0.604351
229447.675598,-0.661894
229447.685599,-0.703823
229447.695605,-0.703424
229447.705597,-0.659246
229447.715573,-0.615924
229447.725573,-0.593010
229447.735565,-0.557388
229447.745560,-0.541867
229447.755540,-0.532279
229447.765532,-0.514067
229447.775539,-0.478192
229447.785540,-0.409815
229447.795532,-0.336213
229447.805520,-0.270186
229447.815508,-0.197826
229447.825500,-0.134009
229447.835500,-0.107623
229447.845504,-0.115575
229447.855496,-0.130391
229447.865481,-0.151242
229447.875466,-0.146660
229447.885458,-0.127671
229447.895460,-0.111901
229447.905437,-0.083759
229447.915429,-0.062115
229447.925441,-0.039117
229447.935442,-0.018212
229447.945434,-0.003390
229447.955421,-0.015364
229447.965428,-0.027870
229447.975420,-0.025997
229447.985401,-0.029878
229447.995379,-0.035708
229448.005371,-0.035306
229448.015382,-0.048151
229448.025359,-0.062554
229448.035351,-0.068763
229448.045359,-0.059466
229448.055346,-0.052077
229448.065338,-0.060461
229448.075342,-0.079572
229448.085342,-0.024755
229448.095334,0.395114
229448.105323,0.476839
229448.115311,0.315967
229448.125303,0.217584
229448.135304,0.134610
229448.145297,0.119394
229448.155289,0.025706
229448.165283,0.067070
229448.175279,0.152470
229448.185271,0.251789
229448.195264,0.172761
229448.205259,-0.024732
229448.215251,-0.177515
229448.225244,-0.185801
229448.235239,-0.182051
229448.245231,-0.248968
229448.255225,-0.103780
229448.265219,-0.053856
229448.275211,-0.036862
229448.285204,0.015979
229448.295199,0.056764
229448.305191,0.152802
229448.315196,0.163347
229448.325179,0.089511
229448.335171,0.118644
229448.345171,0.075653
229448.355159,0.064868
229448.365151,0.033941
229448.375140,0.027334
229448.385140,0.047630
229448.395132,0.040771
229448.405127,0.073501
229448.415121,0.103396
229448.425113,0.064734
229448.435112,0.004904
229448.445102,-0.014563
229448.455094,-0.050313
229448.465087,-0.118893
229448.475081,-0.120208
229448.485073,-0.130839
229448.495067,-0.135404
229448.505061,-0.120450
229448.515053,-0.052811
229448.525048,0.012993
229448.535042,0.072732
229448.545034,0.072859
229448.555028,0.031895
229448.565022,0.020612
229448.575014,0.326156
229448.585010,0.203424
229448.595002,-0.094781
229448.604994,-0.054016
229448.614989,-0.013425
229448.624984,-0.012754
229448.634976,-0.007848
229448.644970,-0.068403
229448.654964,-0.011318
229448.664956,-0.003052
229448.674950,-0.011122
229448.684944,0.015276
229448.694936,0.005874
229448.704931,0.002278
229448.714923,-0.012115
229448.724915,0.008062
229448.734911,0.044485
229448.744916,0.054129
229448.754908,0.044361
229448.764891,0.011923
229448.774891,-0.004139
229448.784883,0.040887
229448.794870,0.064318
229448.804850,-0.014160
229448.814842,0.026959
229448.824851,0.030140
229448.834846,-0.127990
229448.844838,-0.022587
229448.854827,0.079143
229448.864824,-0.004091
229448.874816,-0.044025
229448.884796,-0.044670
229448.894807,0.054509
229448.904799,0.097059
229448.914801,0.114057
229448.924787,0.010338
229448.934779,-0.011864
229448.944772,0.010711
229448.954768,0.041026
229448.964760,0.026545
229448.974761,0.045584
229448.984746,0.028254
229448.994738,-0.037644
229449.004727,-0.075631
229449.014715,-0.108792
229449.024707,-0.177773
229449.034707,-0.020053
229449.044710,0.002844
229449.054702,-0.032709
229449.064706,-0.006846
229449.074691,0.004867
229449.084683,0.007572
229449.094674,0.007558
229449.104670,0.011256
229449.114662,0.005749
229449.124647,-0.005461
229449.134652,-0.005362
229449.144644,-0.003793
229449.154633,-0.019780
229449.164631,-0.022086
229449.174623,-0.029231
229449.184611,-0.028881
229449.194612,0.001175
229449.204604,0.016070
229449.214587,0.012982
229449.224592,0.019977
229449.234584,0.013510
229449.244564,0.017588
229449.254573,0.024889
229449.264565,0.018937
229449.274568,0.009332
229449.284552,0.034940
229449.294544,0.318660
229449.304546,-0.206841
229449.314534,-0.209775
229449.324526,-0.073527
229449.334511,-0.027813
229449.344513,-0.004826
229449.354505,-0.013376
229449.364511,-0.010244
229449.374494,-0.004155
229449.384486,-0.000567
229449.394472,-0.012126
229449.404476,-0.000700
229449.414468,0.002692
229449.424447,0.000661
229449.434456,-0.004619
229449.444448,-0.003108
229449.454445,-0.013077
229449.464436,-0.020584
229449.474428,-0.011142
229449.484414,-0.034506
229449.494416,-0.021418
229449.504408,-0.003087
229449.514413,-0.001810
229449.524396,-0.010873
229449.534388,-0.001797
229449.544381,-0.004523
229449.554385,-0.007194
229449.564377,0.012414
229449.574352,-0.132579
229449.584349,-0.083743
229449.594341,-0.073467
229449.604341,-0.048789
229449.614337,-0.002227
229449.624329,0.007057
229449.634325,-0.010521
229449.644319,-0.029064
229449.654311,-0.030262
229449.664316,-0.020984
229449.674299,-0.024275
229449.684291,-0.074165
229449.694298,-0.152998
229449.704280,-0.204041
229449.714272,-0.200534
229449.724267,-0.135421
229449.734261,-0.054414
229449.744253,-0.013295
229449.754247,0.023301
229449.764241,0.055075
229449.774233,0.058344
229449.784227,0.054430
229449.794222,0.051226
229449.804214,0.037999
229449.814207,0.026758
229449.824202,0.031750
229449.834194,0.029869
229449.844188,0.020989
229449.854183,0.037104
229449.864175,0.056505
229449.874169,0.055665
229449.884163,0.055887
229449.894155,0.073839
229449.904149,0.085032
229449.914143,0.091602
229449.924135,0.085232
229449.934123,0.074350
229449.944124,0.050650
229449.954116,0.034835
229449.964110,0.009428
229449.974105,-0.092784
229449.984097,-0.165961
229449.994088,-0.236200
229450.004085,-0.223034
229450.014077,-0.168851
229450.024072,-0.087695
229450.034065,0.006079
229450.044057,0.049421
229450.054052,-0.030586
229450.064046,-0.066624
229450.074038,-0.050154
229450.084032,-0.023827
229450.094011,-0.012173
229450.104003,-0.006522
229450.114012,-0.011321
229450.124007,-0.010993
229450.133999,-0.007024
229450.143994,0.005426
229450.153988,-0.018296
229450.163980,-0.032724
229450.173974,-0.036335
229450.183968,-0.034371
229450.193960,-0.035541
229450.203954,-0.032020
229450.213948,-0.030248
229450.223940,-0.026348
229450.233935,-0.021679
229450.243928,-0.015992
229450.253920,-0.012558
229450.263912,-0.009978
229450.273899,-0.004541
229450.283891,-0.005745
229450.293895,-0.006676
229450.303879,-0.009272
229450.313871,-0.012857
229450.323876,-0.012569
229450.333866,-0.011157
229450.343858,-0.012882
229450.353857,-0.009602
229450.363844,-0.008653
229450.373836,-0.008901
229450.383838,-0.008351
229450.393839,-0.008727
229450.403831,-0.007081
229450.413818,-0.005998
229450.423815,-0.001428
229450.433807,0.000888
229450.443798,0.005537
229450.453792,0.007496
229450.463784,0.004867
229450.473780,0.010007
229450.483781,0.002017
229450.493773,0.018190
229450.503763,-0.000925
229450.513744,0.004100
229450.523736,0.003676
229450.533740,0.004688
229450.543718,-0.128562
229450.553710,-0.399975
229450.563721,-0.154141
229450.573718,-0.035216
229450.583710,0.053058
229450.593701,0.104925
229450.603686,0.094152
229450.613678,0.054672
229450.623682,-0.000644
229450.633685,-0.053216
229450.643677,-0.065261
229450.653663,-0.082426
229450.663653,-0.075709
229450.673645,-0.047202
229450.683641,-0.020764
229450.693621,-0.002536
229450.703613,-0.006352
229450.713632,-0.008751
229450.723620,0.021151
229450.733612,0.049563
229450.743612,0.071916
229450.753601,0.095539
229450.763593,0.130660
229450.773585,0.142836
229450.783587,0.095718
229450.793579,0.138623
229450.803567,0.158084
229450.813555,0.157658
229450.823547,0.151693
229450.833546,0.148323
229450.843551,0.152681
229450.853543,0.161802
229450.863527,0.162703
229450.873510,0.157363
229450.883502,0.135698
229450.893507,0.104707
229450.903494,0.059567
229450.913486,-0.008341
229450.923488,-0.112420
229450.933467,-0.133545
229450.943459,-0.150502
229450.953468,-0.390352
229450.963458,-0.359945
229450.973450,-0.216906
229450.983456,-0.143620
229450.993425,-0.021186
229451.003417,0.033322
229451.013429,0.048615
229451.023423,0.046048
229451.033415,0.038028
229451.043410,0.040256
229451.053404,0.040016
229451.063396,0.052304
229451.073391,0.064948
229451.083385,0.066620
229451.093377,0.048546
229451.103371,0.029123
229451.113362,0.015939
229451.123354,0.006266
229451.133351,-0.000972
229451.143346,-0.011271
229451.153338,-0.017230
229451.163332,-0.022489
229451.173337,-0.025627
229451.183329,-0.026108
229451.193313,-0.021076
229451.203295,-0.013102
229451.213287,-0.007436
229451.223293,-0.003658
229451.233272,-0.001712
229451.243264,0.000174
229451.253275,0.008325
229451.263268,0.011051
229451.273260,0.005914
229451.283255,0.002885
229451.293249,-0.000592
229451.303241,-0.002277
229451.313234,-0.003127
229451.323229,-0.002344
229451.333221,-0.001471
229451.343216,-0.000108
229451.353198,-0.000809
229451.363190,-0.004267
229451.373196,-1.308130
229451.383196,-0.967205
229451.393188,0.607048
229451.403177,0.571063
229451.413165,0.204852
229451.423157,0.051235
229451.433157,0.068340
229451.443141,0.031401
229451.453133,-0.004441
229451.463137,-0.017194
229451.473143,-0.039655
229451.483135,-0.051139
229451.493111,-0.045334
229451.503100,0.020759
229451.513092,0.035226
229451.523111,0.021913
229451.533099,0.077390
229451.543091,0.096753
229451.553066,0.132228
229451.563055,0.147173
229451.573047,0.136496
229451.583055,0.161658
229451.593058,0.181871
229451.603050,0.163579
229451.613046,0.163021
229451.623034,0.151045
229451.633026,0.147122
229451.643014,0.159878
229451.653015,0.200385
229451.663007,0.247524
229451.673001,0.283533
229451.682995,0.293428
229451.692987,0.268888
229451.702983,0.224878
229451.712977,0.203296
229451.722969,0.169030
229451.732963,0.092130
229451.742956,-0.037391
229451.752948,-0.364085
229451.762944,-0.624358
229451.772938,-0.538870
229451.782930,-0.492424
229451.792924,-0.425876
229451.802918,-0.139297
229451.812910,0.055144
229451.822905,0.117436
229451.832899,0.106994
229451.842891,0.066248
229451.852885,0.025815
229451.862879,0.013210
229451.872871,0.013840
229451.882865,0.020460
229451.892847,0.028731
229451.902839,0.043929
229451.912846,0.051597
229451.922852,0.044352
229451.932844,0.033142
229451.942827,0.018534
229451.952812,0.011587
229451.962804,0.003614
229451.972818,-0.005515
229451.982804,-0.016105
229451.992796,-0.022104
229452.002788,-0.024447
229452.012782,-0.019612
229452.022774,-0.009973
229452.032769,0.002570
229452.042764,0.010637
229452.052756,0.014353
229452.062749,0.016217
229452.072743,0.018546
229452.082735,0.010768
229452.092731,-0.032250
229452.102724,-0.518557
229452.112716,-0.597194
229452.122710,0.216418
229452.132705,0.308005
229452.142697,0.151795
229452.152692,0.085152
229452.162686,0.080685
229452.172678,0.068902
229452.182672,0.042089
229452.192666,-0.012880
229452.202658,-0.077261
229452.212653,-0.135347
229452.222647,-0.144670
229452.232639,-0.106014
229452.242632,-0.031909
229452.252628,-0.015293
229452.262620,-0.013513
229452.272613,-0.031338
229452.282608,0.020347
229452.292600,0.106179
229452.302477,0.143064
229452.312467,0.083744
229452.322459,0.142600
229452.332459,0.182296
229452.342449,0.217748
229452.352441,0.227649
229452.362437,0.212231
229452.372429,0.175888
229452.382421,0.155807
229452.392400,0.146156
229452.402410,0.158584
229452.412402,0.176317
229452.422404,0.185830
229452.432390,0.178453
229452.442382,0.176107
229452.452361,0.169610
229452.462371,0.096424
229452.472363,0.072212
229452.482357,0.186983
229452.492346,0.117217
229452.502338,-0.200665
229452.512339,-0.485638
229452.522332,-0.579792
229452.532324,-0.481868
229452.542326,-0.314287
229452.552314,-0.138898
229452.562306,0.028641
229452.572290,0.074549
229452.582294,0.052530
229452.592286,0.011146
229452.602282,-0.013453
229452.612274,-0.011770
229452.622266,0.005456
229452.632273,0.018915
229452.642256,0.030506
229452.652248,0.043363
229452.662241,0.042874
229452.672236,0.033917
229452.682228,0.020224
229452.692210,0.015077
229452.702228,0.010025
229452.712220,0.006178
229452.722208,0.002901
229452.732210,0.001874
229452.742202,0.000109
229452.752177,0.000459
229452.762184,0.003235
229452.772176,0.004881
229452.782175,0.013324
229452.792168,0.018945
229452.802160,0.020444
229452.812144,0.021905
229452.822140,0.022777
229452.832132,0.025606
229452.842112,0.027368
229452.852127,0.029341
229452.862119,0.028573
229452.872111,0.025968
229452.882100,0.023861
229452.892092,0.021060
229452.902070,0.017168
229452.912081,0.012235
229452.922073,-0.216438
229452.932070,-0.113752
229452.942062,-0.011470
229452.952054,-0.011307
229452.962037,0.023840
229452.972043,0.024463
229452.982035,0.000606
229452.992012,-0.028433
229453.002024,-0.047942
229453.012016,-0.062742
229453.022018,-0.068552
229453.032001,-0.058130
229453.041993,-0.044076
229453.051981,-0.053215
229453.061985,-0.066582
229453.071977,-0.073474
229453.081979,-0.066555
229453.091966,-0.051471
229453.101958,-0.053996
229453.111951,-0.033316
229453.121947,-0.002560
229453.131939,0.096702
229453.141926,0.135327
229453.151928,0.164031
229453.161920,0.186660
229453.171924,0.196544
229453.181908,0.194685
229453.191900,0.184107
229453.201878,0.170937
229453.211889,0.154143
229453.221881,0.139897
229453.231861,0.113780
229453.241870,0.082934
229453.251862,0.038833
229453.261852,-0.005805
229453.271850,-0.063073
229453.281842,-0.153312
229453.291819,-0.185941
229453.301831,-0.166442
229453.311823,-0.175024
229453.321817,-0.283522
229453.331812,-0.280417
229453.341804,-0.091259
229453.351798,0.032669
229453.361790,0.058980
229453.371782,0.032870
229453.381778,0.007863
229453.391773,0.002401
229453.401765,0.012381
229453.411759,0.030097
229453.421754,0.039457
229453.431746,0.035930
229453.441740,0.025502
229453.451735,0.014361
229453.461727,0.004079
229453.471721,-0.002690
229453.481716,-0.005403
229453.491708,-0.007904
229453.501702,-0.009821
229453.511696,-0.014636
229453.521688,-0.024279
229453.531682,-0.022734
229453.541677,-0.012960
229453.551669,-0.002703
229453.561664,0.004519
229453.571657,0.012491
229453.581649,0.013452
229453.591644,0.016150
229453.601638,0.013477
229453.611630,0.007521
229453.621625,0.002189
229453.631619,-0.003303
229453.641611,-0.004469
229453.651606,-0.006074
229453.661611,-0.010385
229453.671603,-0.008887
229453.681586,-0.007992
229453.691574,-0.005501
229453.701566,-0.002562
229453.711567,-0.001089
229453.721553,-0.003064
229453.731545,-0.000247
229453.741548,0.001229
229453.751541,0.004434
229453.761533,0.001927
229453.771512,-0.129969
229453.781527,-0.331031
229453.791519,-0.178074
229453.801509,-0.068143
229453.811503,0.133876
229453.821495,0.015043
229453.831490,-0.156428
229453.841477,-0.247574
229453.851469,-0.337113
229453.861470,-0.312967
229453.871477,-0.281661
229453.881469,-0.212267
229453.891452,-0.063291
229453.901447,0.165145
229453.911439,0.333124
229453.921432,0.402880
229453.931434,0.425113
229453.941426,0.417466
229453.951413,0.360454
229453.961407,0.307762
229453.971399,0.298267
229453.981395,0.306110
229453.991381,0.313786
229454.001373,0.319333
229454.011375,0.312410
229454.021366,0.283134
229454.031358,0.202710
229454.041356,0.088204
229454.051349,-0.111414
229454.061341,-0.571570
229454.071336,-0.829631
229454.081318,-0.740311
229454.091310,-0.497910
229454.101316,-0.222340
229454.111304,0.005179
229454.121296,0.101868
229454.131284,0.118295
229454.141284,0.069944
229454.151276,0.014610
229454.161285,0.003051
229454.171287,0.011544
229454.181279,0.042897
229454.191259,0.082396
229454.201251,0.108214
229454.211243,0.084436
229454.221231,0.050608
229454.231220,0.018187
229454.241212,0.004291
229454.251228,0.000239
229454.261207,-0.003909
229454.271199,-0.009669
229454.281202,-0.011528
229454.291187,-0.007087
229454.301179,-0.001276
229454.311183,0.006317
229454.321160,0.007330
229454.331152,0.017402
229454.341164,0.020614
229454.351154,0.024464
229454.361146,0.028331
229454.371145,0.023816
229454.381122,0.016091
229454.391114,0.013109
229454.401126,0.012857
229454.411121,0.011088
229454.421113,0.010338
229454.431106,0.007269
229454.441089,0.002755
229454.451081,0.004834
229454.461087,0.007744
229454.471078,0.003935
229454.481070,0.009457
229454.491069,0.012317
229454.501055,0.011515
229454.511047,0.006528
229454.521049,0.000619
229454.531055,0.001203
229454.541047,-0.003031
229454.551030,-0.000465
229454.561025,0.004807
229454.571017,0.004015
229454.581003,0.002354
229454.591016,-0.003970
229454.601008,-0.012525
229454.610992,-0.019519
229454.620986,-0.025152
229454.630978,-0.022711
229454.640972,-0.018561
229454.650979,-0.011148
229454.660971,-0.007167
229454.670954,-0.004767
229454.680948,0.003566
229454.690940,-0.005187
229454.700934,0.005723
229454.710926,0.019611
229454.720918,0.021112
229454.730915,0.014807
229454.740910,-0.005300
229454.750902,-0.022987
229454.760896,-0.029814
229454.770882,-0.025912
229454.780874,-0.018333
229454.790877,-0.003893
229454.800879,0.003073
229454.810871,0.009553
229454.820858,0.007604
229454.830858,0.012583
229454.840850,0.014596
229454.850839,0.018022
229454.860828,0.016072
229454.870820,0.011490
229454.880820,0.002932
229454.890813,-0.007256
229454.900805,-0.014522
229454.910800,-0.015627
229454.920795,-0.019011
229454.930787,-0.010210
229454.940781,0.002603
229454.950776,0.010673
229454.960768,0.013527
229454.970762,0.018694
229454.980758,0.017289
229454.990750,0.013655
229455.000737,0.001646
229455.010738,-0.015293
229455.020730,-0.022873
229455.030732,-0.021741
229455.040717,-0.010580
229455.050709,0.003100
229455.060709,0.012609
229455.070700,0.017062
229455.080692,0.014931
229455.090677,0.007187
229455.100681,-0.000700
229455.110673,-0.010630
229455.120667,-0.017665
229455.130661,-0.019758
229455.140653,-0.022703
229455.150640,-0.025593
229455.160643,-0.024820
229455.170635,-0.023069
229455.180628,-0.022920
229455.190623,-0.018759
229455.200615,-0.015556
229455.210609,-0.010879
229455.220604,-0.011341
229455.230596,-0.012588
229455.240590,-0.017257
229455.250585,-0.020939
229455.260577,-0.020356
229455.270566,-0.021214
229455.280566,-0.022166
229455.290558,-0.017687
229455.300565,-0.015944
229455.310547,-0.025255
229455.320539,-0.019312
229455.330541,-0.039797
229455.340528,-0.034775
229455.350520,-0.005866
229455.360522,0.039795
229455.370503,0.043390
229455.380495,0.017039
229455.390495,-0.018596
229455.400486,-0.041455
229455.410478,-0.047937
229455.420481,-0.044123
229455.430465,-0.024928
229455.440457,-0.011077
229455.450448,-0.007059
229455.460455,-0.017738
229455.470447,-0.034417
229455.480448,-0.048899
229455.490433,-0.050871
229455.500425,-0.044600
229455.510415,-0.037474
229455.520415,-0.027620
229455.530407,-0.009476
229455.540385,0.007762
229455.550396,-0.001165
229455.560388,0.007797
229455.570383,0.001936
229455.580376,-0.003057
229455.590368,0.006732
229455.600352,0.007085
229455.610358,0.002583
229455.620350,0.000280
229455.630351,-0.012070
229455.640338,-0.020001
229455.650330,-0.025202
229455.660319,-0.023121
229455.670319,-0.015316
229455.680311,-0.007376
229455.690318,0.002173
229455.700301,0.005880
229455.710293,0.005574
229455.720286,0.005903
229455.730282,0.008031
229455.740274,0.007362
229455.750254,0.011379
229455.760262,0.011675
229455.770254,0.013896
229455.780243,0.015442
229455.790244,0.013445
229455.800236,0.013819
229455.810240,0.015966
229455.820209,0.016901
229455.830201,0.017637
229455.840198,0.017547
229455.850205,0.014910
229455.860197,0.014912
229455.870188,0.012400
229455.880187,0.010417
229455.890179,0.008658
229455.900183,0.007991
229455.910167,0.006529
229455.920159,0.006226
229455.930166,0.006059
229455.940149,0.006350
229455.950141,0.004152
229455.960124,0.000000
229455.970130,-0.005020
229455.980122,-0.024488
229455.990116,-0.024224
229456.000110,-0.015255
229456.010102,-0.001551
229456.020091,0.003519
229456.030092,0.000808
229456.040084,-0.000150
229456.050089,0.003496
229456.060073,0.007207
229456.070065,-0.008641
229456.080058,-0.016642
229456.090054,-0.018071
229456.100046,-0.010786
229456.110041,-0.007707
229456.120036,-0.005872
229456.130028,0.004412
229456.140025,0.001889
229456.150017,-0.012145
229456.160009,-0.032543
229456.170013,-0.056900
229456.179997,-0.084492
229456.189989,-0.092267
229456.199990,-0.081431
229456.209978,-0.058347
229456.219970,-0.040253
229456.229960,-0.010607
229456.239959,0.035870
229456.249951,0.087824
229456.259946,0.123580
229456.269940,0.139956
229456.279932,0.148302
229456.289927,0.158804
229456.299928,0.147113
229456.309920,0.138299
229456.319913,0.119417
229456.329903,0.098111
229456.339895,0.077280
229456.349889,0.054959
229456.359883,0.025764
229456.369875,-0.002321
229456.379871,-0.010153
229456.389850,-0.097902
229456.399842,-0.244830
229456.409851,-0.239196
229456.419846,-0.117107
229456.429838,-0.110446
229456.439833,-0.070464
229456.449827,-0.006930
229456.459819,0.023292
229456.469813,0.037648
229456.479808,0.034901
229456.489800,0.027402
229456.499795,0.020545
229456.509790,0.022975
229456.519782,0.033077
229456.529776,0.032678
229456.539771,0.019668
229456.549763,0.008062
229456.559758,0.002550
229456.569752,-0.001849
229456.579744,-0.002840
229456.589738,-0.007228
229456.599732,-0.008518
229456.609724,-0.007429
229456.619720,-0.006639
229456.629718,-0.003868
229456.639710,-0.001863
229456.649686,0.002777
229456.659698,0.005474
229456.669690,0.007276
229456.679685,0.010481
229456.689688,0.004593
229456.699680,-0.002002
229456.709675,-0.005081
229456.719664,-0.007211
229456.729656,-0.008938
229456.739644,-0.008087
229456.749646,-0.008558
229456.759638,-0.009588
229456.769631,-0.007506
229456.779619,-0.005819
229456.789611,-0.005000
229456.799606,-0.001779
229456.809589,-0.001958
229456.819581,-0.002519
229456.829601,-0.003311
229456.839585,-0.004980
229456.849577,-0.006546
229456.859569,-0.007252
229456.869555,-0.007985
229456.879547,-0.008013
229456.889550,-0.003367
229456.899555,-0.001774
229456.909547,-0.001178
229456.919531,-0.018851
229456.929523,-0.244090
229456.939515,-0.303520
229456.949513,-0.043608
229456.959492,0.112917
229456.969484,0.155263
229456.979494,0.153293
229456.989489,0.121618
229456.999481,0.057567
229457.009475,0.017486
229457.019459,0.000726
229457.029451,-0.027708
229457.039448,-0.071322
229457.049443,-0.114080
229457.059435,-0.139535
229457.069438,-0.151180
229457.079425,-0.161465
229457.089417,-0.188568
229457.099419,-0.179321
229457.109424,-0.131137
229457.119416,-0.038579
229457.129400,0.100426
229457.139393,0.232089
229457.149385,0.314240
229457.159381,0.337020
229457.169369,0.321835
229457.179361,0.292702
229457.189363,0.252035
229457.199345,0.228232
229457.209337,0.236344
229457.219344,0.255166
229457.229321,0.248673
229457.239313,0.223290
229457.249325,0.146908
229457.259327,0.040134
229457.269319,-0.118957
229457.279306,-0.383849
229457.289161,-0.628705
229457.299153,-0.634470
229457.309161,-0.386604
229457.319168,-0.142572
229457.329160,0.026289
229457.339142,0.090085
229457.349133,0.085271
229457.359125,0.045857
229457.369124,0.020877
229457.379104,0.017271
229457.389096,0.028624
229457.399105,0.054421
229457.409100,0.075791
229457.419092,0.075503
229457.429086,0.047409
229457.439070,0.018679
229457.449062,0.000404
229457.459068,-0.006380
229457.469059,-0.013453
229457.479051,-0.013529
229457.489049,-0.012327
229457.499038,-0.010950
229457.509030,-0.009966
229457.519030,-0.004393
229457.529037,0.000218
229457.539029,0.005428
229457.549012,0.009046
229457.559006,0.011846
229457.568999,0.012516
229457.578993,0.006575
229457.588988,0.006172
229457.598980,0.004432
229457.608973,0.002647
229457.618969,-0.003106
229457.628961,-0.003132
229457.638963,-0.002494
229457.648951,-0.004360
229457.658943,-0.003405
229457.668928,-0.002617
229457.678932,-0.002699
229457.688924,0.000935
229457.698918,0.002879
229457.708913,0.006669
229457.718905,0.005617
229457.728899,0.000821
229457.738895,-0.011342
229457.748887,-0.111630
229457.758881,-0.514766
229457.768876,-0.277590
229457.778868,0.026982
229457.788863,0.079754
229457.798857,-0.077224
229457.808849,-0.159322
229457.818844,-0.128043
229457.828839,-0.084562
229457.838831,-0.130980
229457.848822,-0.146125
229457.858820,-0.015411
229457.868812,0.186978
229457.878805,0.337391
229457.888801,0.414512
229457.898793,0.438010
229457.908788,0.413548
229457.918782,0.336516
229457.928774,0.242073
229457.938768,0.191882
229457.948763,0.203703
229457.958755,0.227050
229457.968749,0.239995
229457.978745,0.191439
229457.988737,0.093705
229457.998726,0.114415
229458.008726,0.170800
229458.018718,-0.075049
229458.028725,-0.555298
229458.038707,-0.908360
229458.048699,-0.852167
229458.058691,-0.399459
229458.068679,-0.143582
229458.078671,0.030019
229458.088660,0.138175
229458.098678,0.160332
229458.108670,0.120556
229458.118663,0.046429
229458.128644,-0.000450
229458.138636,-0.010235
229458.148649,-0.002791
229458.158634,0.011017
229458.168626,0.026952
229458.178618,0.033682
229458.188615,0.035712
229458.198607,0.033658
229458.208594,0.022324
229458.218597,0.005761
229458.228589,-0.003115
229458.238591,-0.014042
229458.248578,-0.018976
229458.258570,-0.018385
229458.268560,-0.010591
229458.278560,-0.002056
229458.288552,0.002393
229458.298529,0.008846
229458.308541,0.007838
229458.318533,0.007388
229458.328527,0.004042
229458.338521,0.000549
229458.348513,-0.000394
229458.358496,-0.000689
229458.368503,-0.002950
229458.378495,-0.002441
229458.388495,-0.004688
229458.398484,-0.005126
229458.408476,-0.006192
229458.418463,-0.006710
229458.428466,-0.111245
229458.438458,-0.337605
229458.448462,-0.105908
229458.458448,0.132346
229458.468440,0.157814
229458.478420,0.104109
229458.488430,0.062247
229458.498422,0.052094
229458.508421,0.045165
229458.518411,0.041715
229458.528403,0.040843
229458.538397,0.032110
229458.548392,-0.009462
229458.558383,-0.065474
229458.568365,-0.108148
229458.578373,-0.130207
229458.588364,-0.125228
229458.598361,-0.044654
229458.608356,-0.045351
229458.618348,-0.091216
229458.628339,-0.066929
229458.638335,0.023385
229458.648328,0.110024
229458.658323,0.217781
229458.668318,0.261775
229458.678310,0.223031
229458.688299,0.212136
229458.698299,0.225827
229458.708291,0.232466
229458.718287,0.230455
229458.728281,0.204423
229458.738273,0.123014
229458.748268,0.064726
229458.758262,0.090197
229458.768254,0.244627
229458.778250,-0.222195
229458.788244,-0.927978
229458.798237,-0.870180
229458.808231,-0.318425
229458.818225,-0.068691
229458.828217,0.044614
229458.838212,0.134153
229458.848219,0.179011
229458.858211,0.144271
229458.868188,0.048866
229458.878196,-0.003987
229458.888188,-0.021550
229458.898175,-0.008712
229458.908170,0.011911
229458.918162,0.040012
229458.928157,0.059206
229458.938156,0.060019
229458.948148,0.045870
229458.958139,0.026366
229458.968133,0.007119
229458.978125,-0.001003
229458.988120,-0.013793
229458.998115,-0.023067
229459.008107,-0.020937
229459.018101,-0.003550
229459.028096,0.005203
229459.038088,0.011202
229459.048084,0.013258
229459.058078,0.007101
229459.068070,0.006130
229459.078064,0.005728
229459.088058,0.004850
229459.098050,0.004239
229459.108047,0.005629
229459.118041,0.005366
229459.128033,0.003602
229459.138027,0.001707
229459.148022,0.001775
229459.158014,0.001804
229459.168009,0.003381
229459.178005,0.003894
229459.187997,0.004837
229459.197992,0.005221
229459.207980,0.004979
229459.217972,0.006095
229459.227972,0.002770
229459.237967,-0.001013
229459.247959,-0.180961
229459.257953,-0.291691
229459.267946,-0.047616
229459.277938,0.159776
229459.287936,0.238236
229459.297929,0.182469
229459.307921,0.038405
229459.317917,-0.063810
229459.327906,-0.084795
229459.337898,-0.054054
229459.347899,-0.019059
229459.357905,-0.000321
229459.367897,0.013419
229459.377880,0.029133
229459.387883,0.031582
229459.397875,0.020117
229459.407862,-0.019704
229459.417862,-0.082299
229459.427854,-0.144282
229459.437844,-0.204277
229459.447831,-0.251240
229459.457823,-0.230383
229459.467825,-0.143921
229459.477810,-0.058191
229459.487802,0.050415
229459.497813,0.173264
229459.507792,0.268487
229459.517784,0.320099
229459.527788,0.372698
229459.537773,0.436526
229459.547765,0.420629
229459.557769,0.371598
229459.567759,0.284423
229459.577751,0.163441
229459.587751,0.040307
229459.597736,0.048086
229459.607728,-0.185023
229459.617733,-0.503743
229459.627715,-0.512079
229459.637707,-0.456166
229459.647715,-0.388973
229459.657705,-0.150969
229459.667697,0.000306
229459.677696,0.041585
229459.687690,0.043576
229459.697682,0.033696
229459.707678,0.027065
229459.717661,0.035739
229459.727653,0.047114
229459.737660,0.067501
229459.747665,0.078619
229459.757657,0.072118
229459.767641,0.059347
229459.777633,0.044721
229459.787625,0.027326
229459.797623,0.007275
229459.807619,-0.006718
229459.817611,-0.015381
229459.827600,-0.026098
229459.837600,-0.034034
229459.847592,-0.032589
229459.857587,-0.019688
229459.867580,-0.008576
229459.877572,-0.004145
229459.887568,0.001427
229459.897556,0.008976
229459.907548,0.009656
229459.917550,0.009984
229459.927533,0.005415
229459.937525,0.001518
229459.947531,0.003734
229459.957525,-0.000358
229459.967517,-0.003903
229459.977512,-0.007015
229459.987508,-0.008618
229459.997500,-0.011444
229460.007496,-0.008465
229460.017490,-0.176043
229460.027482,-0.306852
229460.037462,-0.026267
229460.047471,0.116422
229460.057463,0.144237
229460.067450,0.121584
229460.077438,0.049380
229460.087430,0.023133
229460.097439,0.015567
229460.107434,-0.002388
229460.117426,-0.061760
229460.127421,-0.154179
229460.137406,-0.269087
229460.147398,-0.406577
229460.157403,-0.437736
229460.167397,-0.170928
229460.177389,0.062313
229460.187385,0.321664
229460.197379,0.443098
229460.207371,0.499354
229460.217366,0.542655
229460.227371,0.675978
229460.237363,1.062337
229460.247347,0.821281
229460.257342,0.186872
229460.267333,-0.564321
229460.277330,-0.801197
229460.287325,-0.740685
229460.297317,-0.710303
229460.307311,-0.420559
229460.317306,-0.075669
229460.327298,0.108219
229460.337293,0.183477
229460.347289,0.139332
229460.357281,0.016419
229460.367275,-0.061383
229460.377268,-0.079353
229460.387260,-0.033327
229460.397257,0.002110
229460.407246,0.029680
229460.417238,0.057628
229460.427238,0.080231
229460.437240,0.087800
229460.447232,0.083638
229460.457220,0.064332
229460.467206,0.029662
229460.477198,0.005095
229460.487202,-0.013658
229460.497196,-0.030566
229460.507188,-0.036979
229460.517183,-0.032750
229460.527179,-0.017158
229460.537170,-0.009397
229460.547165,-0.004073
229460.557160,-0.000560
229460.567151,0.000837
229460.577146,0.000824
229460.587142,0.002716
229460.597134,0.005897
229460.607127,0.009742
229460.617122,0.010829
229460.627115,0.006479
229460.637115,0.002254
229460.647105,-0.001036
229460.657097,-0.003034
229460.667104,-0.004340
229460.677086,-0.002252
229460.687078,-0.004189
229460.697058,-0.201760
229460.707068,-0.442193
229460.717060,0.013544
229460.727062,0.240646
229460.737050,0.136525
229460.747042,0.077737
229460.757037,0.047711
229460.767031,0.022772
229460.777024,0.021108
229460.787009,0.030352
229460.797014,0.029801
229460.807006,0.026809
229460.816986,0.021996
229460.826996,0.032027
229460.836988,0.027515
229460.846983,0.006742
229460.856977,-0.030883
229460.866969,-0.109712
229460.876959,-0.190644
229460.886959,-0.231282
229460.896951,-0.248593
229460.906943,-0.172309
229460.916940,-0.063970
229460.926932,0.026102
229460.936920,0.007411
229460.946923,0.166396
229460.956915,0.438299
229460.966911,0.532250
229460.976904,0.489358
229460.986896,0.418726
229460.996876,0.327966
229461.006887,0.211588
229461.016879,0.174921
229461.026862,0.625908
229461.036868,0.341882
229461.046860,-0.133581
229461.056859,-0.451300
229461.066850,-0.734633
229461.076842,-0.783341
229461.086825,-0.493820
229461.096835,-0.262683
229461.106827,-0.071504
229461.116825,0.073988
229461.126814,0.150915
229461.136806,0.150367
229461.146795,0.085383
229461.156795,0.018061
229461.166787,-0.006841
229461.176783,-0.009645
229461.186778,0.001916
229461.196770,0.015594
229461.206764,0.040431
229461.216759,0.063164
229461.226751,0.076240
229461.236745,0.061536
229461.246741,0.032015
229461.256733,0.006795
229461.266726,-0.007116
229461.276722,-0.027475
229461.286714,-0.022665
229461.296698,-0.013179
229461.306704,-0.008123
229461.316696,-0.001460
229461.326691,0.001797
229461.336686,0.004458
229461.346678,0.006653
229461.356673,0.007268
229461.366681,0.006887
229461.376673,-0.028004
229461.386655,-0.229061
229461.396652,-0.169776
229461.406644,0.060094
229461.416619,0.168213
229461.426639,0.198224
229461.436631,0.150467
229461.446626,0.046960
229461.456613,0.003211
229461.466605,-0.016802
229461.476600,-0.010961
229461.486587,0.001291
229461.496579,-0.005185
229461.506569,-0.020700
229461.516577,-0.042118
229461.526569,-0.066452
229461.536564,-0.070890
229461.546553,-0.077452
229461.556545,-0.102746
229461.566534,-0.166192
229461.576541,-0.198554
229461.586533,-0.177278
229461.596527,-0.099349
229461.606523,0.030888
229461.616515,0.179156
229461.626498,0.292964
229461.636505,0.386456
229461.646497,0.429332
229461.656491,0.401930
229461.666486,0.351125
229461.676478,0.297150
229461.686474,0.270609
229461.696456,0.289647
229461.706448,0.199093
229461.716454,-0.016168
229461.726451,-0.387602
229461.736443,-0.738922
229461.746423,-0.792535
229461.756412,-0.393859
229461.766404,-0.139925
229461.776418,-0.014602
229461.786414,0.071541
229461.796406,0.124811
229461.806384,0.095446
229461.816395,0.037442
229461.826387,0.009351
229461.836371,0.002919
229461.846378,0.004780
229461.856370,0.017341
229461.866369,0.047076
229461.876358,0.080235
229461.886350,0.104283
229461.896346,0.101893
229461.906335,0.069677
229461.916327,0.026428
229461.926328,-0.013572
229461.936335,-0.047938
229461.946327,-0.065853
229461.956310,-0.061364
229461.966312,-0.038476
229461.976304,-0.010332
229461.986292,0.006782
229461.996292,0.013112
229462.006284,0.015403
229462.016273,0.018102
229462.026265,0.014235
229462.036257,0.013615
229462.046256,0.010788
229462.056259,0.009121
229462.066251,0.003207
229462.076237,-0.004513
229462.086226,-0.012150
229462.096218,-0.016195
229462.106218,-0.020208
229462.116226,-0.023010
229462.126218,-0.016923
229462.136201,-0.012887
229462.146193,-0.004984
229462.156185,-0.025474
229462.166183,-0.053722
229462.176162,-0.058332
229462.186154,-0.017342
229462.196165,0.023680
229462.206163,0.044080
229462.216155,0.044593
229462.226147,0.023486
229462.236129,0.014285
229462.246120,0.002307
229462.256129,-0.000805
229462.266128,-0.000347
229462.276120,0.002737
229462.285980,0.014631
229462.295963,0.014447
229462.305955,0.018553
229462.315961,0.022128
229462.325951,0.022887
229462.335943,0.016951
229462.345943,-0.004211
229462.355931,-0.012922
229462.365923,-0.015401
229462.375925,-0.018479
229462.385931,0.001506
229462.395923,0.014041
229462.405907,0.013574
229462.415898,0.011313
229462.425890,0.007288
229462.435889,0.000497
229462.445884,-0.002179
229462.455876,-0.001562
229462.465871,0.003251
229462.475857,0.010076
229462.485849,0.010677
229462.495853,0.011449
229462.505848,0.010717
229462.515840,0.009258
229462.525835,0.008837
229462.535829,0.005283
229462.545821,0.002152
229462.555817,0.004115
229462.565801,0.005742
229462.575793,0.004840
229462.585798,0.005676
229462.595793,0.006548
229462.605785,0.006169
229462.615781,0.002956
229462.625775,0.002903
229462.635767,0.004008
229462.645762,0.004978
229462.655757,0.005769
229462.665749,0.005662
229462.675748,0.005790
229462.685738,0.005457
229462.695730,0.004189
229462.705716,0.002868
229462.715721,-0.034754
229462.725713,-1.050535
229462.735708,-0.775197
229462.745702,0.077123
229462.755694,0.112944
229462.765689,0.170510
229462.775685,0.098877
229462.785677,0.140367
229462.795672,0.258811
229462.805666,0.329050
229462.815658,0.383178
229462.825653,0.398339
229462.835649,0.393520
229462.845641,0.349509
229462.855635,0.287876
229462.865631,0.274986
229462.875623,0.424139
229462.885617,0.315950
229462.895613,-0.172914
229462.905605,-0.292510
229462.915600,-0.434643
229462.925594,-0.637805
229462.935586,-0.701427
229462.945582,-0.409675
229462.955575,-0.133694
229462.965567,0.009113
229462.975563,0.108118
229462.985556,0.153050
229462.995548,0.109057
229463.005545,0.053218
229463.015524,0.012178
229463.025516,-0.001675
229463.035527,-0.001583
229463.045513,0.006256
229463.055505,0.024637
229463.065508,0.036855
229463.075504,0.045352
229463.085496,0.037284
229463.095502,0.018068
229463.105485,0.002575
229463.115477,-0.009466
229463.125466,-0.027418
229463.135468,-0.036391
229463.145460,-0.039729
229463.155466,-0.025396
229463.165449,-0.006892
229463.175441,0.003213
229463.185444,0.007976
229463.195432,0.009747
229463.205424,0.009006
229463.215425,0.007812
229463.225413,0.005481
229463.235405,0.004825
229463.245407,0.006304
229463.255395,0.005551
229463.265387,0.001764
229463.275366,-0.000716
229463.285377,-0.003572
229463.295369,-0.094497
229463.305356,-0.385021
229463.315360,-0.223999
229463.325352,0.025806
229463.335355,0.198009
229463.345341,0.229474
229463.355333,0.159248
229463.365323,0.093429
229463.375323,0.016599
229463.385315,-0.048255
229463.395306,-0.134176
229463.405304,-0.273617
229463.415296,-0.412501
229463.425301,-0.390522
229463.435286,-0.215825
229463.445278,0.025452
229463.455281,0.266226
229463.465268,0.367973
229463.475260,0.407324
229463.485241,0.524029
229463.495252,0.537808
229463.505244,0.421744
229463.515225,0.408634
229463.525232,0.397817
229463.535224,0.105954
229463.545218,-0.054958
229463.555215,-0.517834
229463.565207,-0.920187
229463.575186,-0.798813
229463.585196,-0.346853
229463.595188,-0.116453
229463.605191,0.007551
229463.615179,0.092943
229463.625171,0.131658
229463.635159,0.106384
229463.645161,0.043353
229463.655153,-0.010404
229463.665148,-0.034898
229463.675143,-0.028453
229463.685135,-0.004547
229463.695126,0.028246
229463.705124,0.073014
229463.715116,0.109433
229463.725112,0.112083
229463.735105,0.031233
229463.745097,-0.006103
229463.755094,-0.040634
229463.765094,-0.071130
229463.775086,-0.080983
229463.785075,-0.065382
229463.795076,-0.033003
229463.805068,-0.007976
229463.815057,0.004235
229463.825051,0.014139
229463.835043,0.018496
229463.845039,0.018555
229463.855037,0.013801
229463.865029,0.009008
229463.875022,0.008112
229463.885016,0.006077
229463.895008,-0.004713
229463.905003,-0.206958
229463.914998,-0.277185
229463.924990,-0.113332
229463.934990,0.076733
229463.944980,0.151465
229463.954972,0.126707
229463.964950,0.067635
229463.974962,0.016373
229463.984954,-0.002463
229463.994949,-0.004247
229464.004944,-0.000893
229464.014936,0.004772
229464.024931,0.004345
229464.034926,0.006987
229464.044918,0.012038
229464.054897,0.006093
229464.064908,-0.001345
229464.074900,-0.029250
229464.084897,-0.103572
229464.094890,-0.230169
229464.104882,-0.330694
229464.114876,-0.356281
229464.124872,-0.250848
229464.134864,-0.013816
229464.144866,0.122063
229464.154852,0.311604
229464.164844,0.536195
229464.174847,0.589141
229464.184835,0.517827
229464.194827,0.441907
229464.204823,1.085157
229464.214818,0.774391
229464.224810,-0.347610
229464.234799,-1.027237
229464.244800,-0.770039
229464.254792,-0.445041
229464.264786,-0.555082
229464.274782,-0.289723
229464.284774,-0.024322
229464.294755,0.129500
229464.304743,0.188215
229464.314735,0.127201
229464.324750,0.005575
229464.334740,-0.059266
229464.344732,-0.070975
229464.354734,-0.028614
229464.364740,0.008258
229464.374732,0.043151
229464.384715,0.068418
229464.394720,0.068580
229464.404712,0.064047
229464.414697,0.052460
229464.424689,0.027325
229464.434681,0.003930
229464.444678,-0.009079
229464.454671,-0.026021
229464.464663,-0.033447
229464.474661,-0.031314
229464.484656,-0.021966
229464.494648,-0.004749
229464.504642,0.001906
229464.514638,0.010229
229464.524630,0.016071
229464.534625,0.017605
229464.544614,0.015143
229464.554606,0.012833
229464.564602,0.013172
229464.574601,0.008647
229464.584593,0.003370
229464.594589,-0.000256
229464.604584,-0.006613
229464.614576,-0.011357
229464.624571,-0.016011
229464.634566,-0.027483
229464.644558,-0.204590
229464.654553,-0.326284
229464.664548,-0.058710
229464.674540,0.123184
229464.684535,0.165857
229464.694530,0.140162
229464.704522,0.100469
229464.714516,0.070256
229464.724513,0.044311
229464.734505,0.022886
229464.744504,0.012556
229464.754493,0.008359
229464.764485,0.004131
229464.774480,-0.008618
229464.784474,-0.025010
229464.794466,-0.033733
229464.804457,-0.033062
229464.814456,-0.009379
229464.824448,0.012126
229464.834451,0.014821
229464.844452,0.013984
229464.854444,0.018830
229464.864419,0.024764
229464.874426,0.032273
229464.884418,0.022986
229464.894406,0.013698
229464.904411,-0.008785
229464.914403,-0.070296
229464.924391,-0.129662
229464.934393,-0.198072
229464.944385,-0.249852
229464.954374,-0.294808
229464.964358,-0.358199
229464.974350,-0.296866
229464.984355,-0.076688
229464.994359,0.121583
229465.004351,0.289562
229465.014337,0.374472
229465.024328,0.451122
229465.034320,0.602577
229465.044319,0.670571
229465.054296,0.497187
229465.064288,0.276485
229465.074301,0.249484
229465.084296,0.808531
229465.094288,0.160822
229465.104283,-0.462508
229465.114264,-0.898781
229465.124256,-0.719404
229465.134266,-0.222340
229465.144259,-0.173638
229465.154251,-0.300746
229465.164248,-0.213335
229465.174231,-0.065354
229465.184223,0.000037
229465.194230,0.022660
229465.204229,0.027236
229465.214221,0.034582
229465.224212,0.054270
229465.234198,0.057498
229465.244190,0.035725
229465.254194,0.017905
229465.264183,0.005412
229465.274175,0.005384
229465.284176,0.014409
229465.294174,0.029081
229465.304166,0.036187
229465.314158,0.032658
229465.324164,0.025720
229465.334156,0.000525
229465.344139,-0.021553
229465.354144,-0.047633
229465.364136,-0.061615
229465.374111,-0.051208
229465.384117,-0.024535
229465.394109,-0.006936
229465.404104,0.001607
229465.414098,0.010841
229465.424090,0.012351
229465.434086,0.011249
229465.444082,0.007904
229465.454074,0.004973
229465.464068,0.000840
229465.474063,0.000028
229465.484055,-0.000477
229465.494050,-0.002084
229465.504045,-0.005158
229465.514037,-0.009961
229465.524031,-0.011224
229465.534027,-0.005779
229465.544019,-0.002442
229465.554003,0.000716
229465.564009,0.005171
229465.574001,0.002113
229465.583982,0.004469
229465.593991,0.003303
229465.603983,0.003319
229465.613981,0.000056
229465.623974,-0.069450
229465.633966,-0.265600
229465.643960,-0.228152
229465.653955,-0.012336
229465.663947,0.058396
229465.673943,0.019180
229465.683938,-0.070292
229465.693930,-0.205620
229465.703925,-0.302832
229465.713919,-0.402764
229465.723911,-0.417817
229465.733907,-0.279892
229465.743902,0.076356
229465.753894,0.405627
229465.763888,0.579953
229465.773884,0.639500
229465.783876,0.671319
229465.793871,0.658543
229465.803866,0.500627
229465.813858,0.350171
229465.823853,0.471222
229465.833848,0.616543
229465.843840,0.189230
229465.853818,-0.296381
229465.863824,-0.956068
229465.873816,-0.829865
229465.883817,-0.347742
229465.893812,-0.455430
229465.903804,-0.386132
229465.913799,-0.157285
229465.923806,-0.013762
229465.933798,0.041872
229465.943780,0.060900
229465.953776,0.061925
229465.963768,0.069688
229465.973763,0.079848
229465.983750,0.091056
229465.993742,0.096224
229466.003745,0.097926
229466.013740,0.084612
229466.023732,0.066509
229466.033726,0.058908
229466.043722,0.038903
229466.053714,0.022225
229466.063721,-0.026649
229466.073704,-0.034496
229466.083696,-0.037295
229466.093699,-0.071290
229466.103686,-0.032486
229466.113678,0.035709
229466.123679,0.040623
229466.133668,0.037273
229466.143660,0.030153
229466.153654,0.020003
229466.163651,0.001218
229466.173643,0.028011
229466.183624,0.058338
229466.193632,0.045418
229466.203624,-0.006138
229466.213616,-0.104882
229466.223615,-0.199505
229466.233607,-0.166875
229466.243588,-0.084374
229466.253596,-0.042054
229466.263588,-0.042495
229466.273580,-0.044148
229466.283579,-0.058823
229466.293571,-0.034812
229466.303561,-0.020332
229466.313560,-0.005891
229466.323552,0.022362
229466.333543,-0.029457
229466.343543,-0.064932
229466.353535,-0.027602
229466.363524,-0.011566
229466.373525,0.003937
229466.383517,0.033392
229466.393522,0.053967
229466.403507,0.051876
229466.413499,0.049147
229466.423490,-0.005542
229466.433490,-0.059733
229466.443482,-0.074876
229466.453476,-0.057677
229466.463472,-0.042171
229466.473464,-0.033441
229466.483454,-0.001537
229466.493454,0.001969
229466.503446,0.006244
229466.513425,0.001842
229466.523435,-0.003823
229466.533427,0.138026
229466.543411,0.122606
229466.553418,0.064650
229466.563410,0.050895
229466.573402,0.023699
229466.583400,-0.015415
229466.593392,-0.006934
229466.603392,0.006989
229466.613381,0.002725
229466.623373,0.020002
229466.633368,0.019849
229466.643364,0.017638
229466.653356,0.026672
229466.663357,0.026124
229466.673352,0.016108
229466.683344,0.003153
229466.693333,-0.017418
229466.703328,-0.035108
229466.713320,0.013314
229466.723321,0.042129
229466.733297,0.060580
229466.743289,0.022880
229466.753297,-0.028593
229466.763291,-0.078024
229466.773283,-0.074797
229466.783279,0.056198
229466.793274,0.098309
229466.803266,0.092611
229466.813261,0.026033
229466.823236,0.072650
229466.833228,0.124145
229466.843246,0.137179
229466.853224,0.132876
229466.863216,0.087173
229466.873225,0.031159
229466.883220,0.011386
229466.893212,0.015986
229466.903208,0.017389
229466.913197,0.018491
229466.923189,0.187851
229466.933189,0.005787
229466.943185,-0.202512
229466.953177,-0.212378
229466.963172,-0.240689
229466.973167,-0.104686
229466.983159,-0.031263
229466.993153,-0.127928
229467.003149,-0.162043
229467.013141,-0.117897
229467.023124,-0.087344
229467.033131,-0.026942
229467.043123,0.031277
229467.053125,0.096044
229467.063113,0.101926
229467.073105,0.107603
229467.083100,0.031465
229467.093095,-0.118797
229467.103087,-0.167914
229467.113083,-0.104091
229467.123077,-0.047085
229467.133069,-0.042110
229467.143051,-0.044805
229467.153059,-0.038330
229467.163051,-0.011126
229467.173053,-0.012661
229467.183042,-0.052147
229467.193034,-0.062133
229467.203029,0.009113
229467.213023,0.042288
229467.223015,0.046080
229467.233011,0.040352
229467.242999,0.078483
229467.252991,0.062007
229467.262993,0.087583
229467.273000,0.140023
229467.282992,0.081911
229467.292836,0.001163
229467.302817,-0.088803
229467.312809,-0.135893
229467.322818,-0.165654
229467.332814,-0.204534
229467.342806,-0.096469
229467.352800,0.144232
229467.362789,0.322254
229467.372781,0.180372
229467.382783,0.038202
229467.392773,-0.018173
229467.402765,-0.042700
229467.412763,-0.085501
229467.422752,-0.090429
229467.432744,0.016752
229467.442746,0.098288
229467.452748,0.114674
229467.462740,0.030921
229467.472728,0.004470
229467.482716,-0.003615
229467.492708,0.004995
229467.502710,-0.018346
229467.512694,0.006150
229467.522686,0.024369
229467.532693,0.041326
229467.542683,-0.011762
229467.552675,-0.079842
229467.562676,-0.026570
229467.572670,-0.029633
229467.582662,-0.020959
229467.592657,0.055987
229467.602650,0.007024
229467.612642,-0.034254
229467.622639,-0.043830
229467.632642,-0.040701
229467.642634,0.032097
229467.652621,0.052004
229467.662617,0.022612
229467.672609,-0.022735
229467.682603,-0.027841
229467.692581,-0.019326
229467.702573,-0.067044
229467.712585,-0.038197
229467.722584,0.018857
229467.732576,-0.074113
229467.742566,-0.021362
229467.752570,0.018737
229467.762562,0.026094
229467.772533,-0.020212
229467.782551,0.041981
229467.792543,0.034367
229467.802538,-0.029480
229467.812526,-0.025247
229467.822518,-0.059049
229467.832500,0.042861
229467.842509,0.188596
229467.852501,0.162529
229467.862498,0.101856
229467.872491,0.065331
229467.882483,0.009489
229467.892478,0.089511
229467.902475,0.081573
229467.912467,0.005093
229467.922460,0.013447
229467.932455,-0.024075
229467.942447,-0.039523
229467.952441,0.021068
229467.962438,0.064159
229467.972430,0.053762
229467.982425,0.040583
229467.992419,0.089749
229468.002411,0.062258
229468.012406,0.117370
229468.022401,0.050558
229468.032393,0.029465
229468.042388,0.180491
229468.052383,0.175358
229468.062375,0.124152
229468.072370,0.054656
229468.082356,0.076274
229468.092348,0.044748
229468.102352,-0.007509
229468.112347,0.025406
229468.122339,-0.075312
229468.132335,-0.042965
229468.142329,-0.050317
229468.152321,-0.066351
229468.162316,-0.072504
229468.172310,-0.100235
229468.182302,-0.128873
229468.192299,-0.158020
229468.202300,-0.153096
229468.212292,-0.176376
229468.222280,-0.206162
229468.232258,-0.235727
229468.242250,-0.298629
229468.252262,-0.301449
229468.262258,-0.247023
229468.272250,-0.258798
229468.282246,-0.249425
229468.292252,-0.242642
229468.302244,-0.249689
229468.312227,-0.253463
229468.322222,-0.253830
229468.332214,-0.278525
229468.342210,-0.300343
229468.352205,-0.315925
229468.362197,-0.293029
229468.372191,-0.239408
229468.382186,-0.223658
229468.392178,-0.237704
229468.402173,-0.234877
229468.412147,-0.227562
229468.422139,-0.241716
229468.432154,-0.266265
229468.442152,-0.283260
229468.452144,-0.269276
229468.462136,-0.208797
229468.472133,-0.163558
229468.482125,-0.100027
229468.492132,-0.022860
229468.502116,0.019774
229468.512108,0.011956
229468.522105,0.032626
229468.532097,0.051288
229468.542089,0.033262
229468.552091,0.051787
229468.562079,0.091504
229468.572071,0.101754
229468.582078,0.085725
229468.592061,0.121034
229468.602053,0.087777
229468.612043,0.065774
229468.622044,0.066536
229468.632036,0.059710
229468.642047,0.071432
229468.652026,0.102082
229468.662018,0.099579
229468.672002,0.120063
229468.682008,0.150179
229468.692000,0.151741
229468.701984,0.171436
229468.711990,0.178987
229468.721982,0.161845
229468.731971,0.154113
229468.741971,0.179898
229468.751963,0.192301
229468.761947,0.228645
229468.771954,0.240249
229468.781946,0.211148
229468.791941,0.198821
229468.801936,0.178441
229468.811928,0.170020
229468.821910,0.176502
229468.831918,0.167071
229468.841910,0.207679
229468.851903,0.184023
229468.861901,0.153585
229468.871893,0.124993
229468.881898,-0.054762
229468.891864,-0.903194
229468.901856,-0.803183
229468.911869,-0.008906
229468.921865,0.155631
229468.931857,0.118850
229468.941844,-0.035356
229468.951847,-0.041750
229468.961839,0.027179
229468.971832,0.035562
229468.981829,0.025308
229468.991821,0.015126
229469.001811,-0.000682
229469.011811,-0.021316
229469.021803,-0.070297
229469.031809,-0.027789
229469.041805,-0.066029
229469.051797,-0.112353
229469.061781,-0.092025
229469.071775,-0.079653
229469.081767,-0.060250
229469.091747,-0.015805
229469.101748,0.017157
229469.111740,0.029027
229469.121745,0.049106
229469.131740,0.042543
229469.141732,0.033208
229469.151714,0.029613
229469.161710,0.038067
229469.171702,0.016206
229469.181709,0.025708
229469.191705,0.017283
229469.201697,-0.026869
229469.211691,-0.063898
229469.221688,-0.076663
229469.231680,-0.072203
229469.241674,-0.109188
229469.251669,-0.252684
229469.261661,-0.149469
229469.271656,-0.079593
229469.281651,-0.042584
229469.291643,-0.049257
229469.301638,-0.106548
229469.311633,-0.135323
229469.321625,-0.135221
229469.331620,-0.123241
229469.341615,-0.089858
229469.351607,-0.064611
229469.361603,-0.050910
229469.371589,-0.030940
229469.381581,-0.021718
229469.391570,-0.020744
229469.401557,-0.014471
229469.411549,-0.037112
229469.421566,-0.056236
229469.431562,-0.071721
229469.441554,-0.091695
229469.451547,-0.080230
229469.461544,0.071106
229469.471536,0.133655
229469.481532,0.054219
229469.491526,-0.012091
229469.501518,-0.050146
229469.511504,-0.061190
229469.521508,-0.030714
229469.531500,-0.007073
229469.541509,-0.036623
229469.551491,-0.051485
229469.561483,-0.054896
229469.571478,-0.046731
229469.581472,-0.022203
229469.591464,-0.011170
