229637.388492,0.038321
229637.413467,0.064321
229637.423461,0.081912
229637.433453,0.114984
229637.443448,0.195511
229637.453442,0.262154
229637.463434,0.222718
229637.473422,0.123855
229637.483410,0.054940
229637.493402,0.009009
229637.503410,-0.004908
229637.513404,-0.012214
229637.523396,-0.025571
229637.533391,-0.043743
229637.543384,-0.039201
229637.553376,0.031700
229637.563370,0.083212
229637.573366,0.116590
229637.583358,0.108360
229637.593353,0.097855
229637.603347,0.055374
229637.613339,0.038280
229637.623334,0.054442
229637.633328,0.030895
229637.643320,-0.025515
229637.653315,-0.037169
229637.663309,-0.052947
229637.673301,-0.009294
229637.683295,0.038160
229637.693290,0.060113
229637.703282,0.063060
229637.713277,0.017757
229637.723271,-0.036409
229637.733263,-0.062606
229637.743258,-0.043870
229637.753252,-0.014279
229637.763244,0.031329
229637.773239,0.083153
229637.783233,0.130536
229637.793225,0.147933
229637.803219,0.155986
229637.813214,0.126181
229637.823206,0.070441
229637.833199,0.030852
229637.843195,0.059836
229637.853187,0.079379
229637.863189,0.080072
229637.873176,0.101159
229637.883168,0.094829
229637.893161,0.055984
229637.903158,0.045656
229637.913150,-0.006627
229637.923136,-0.008864
229637.933139,0.042004
229637.943131,0.037581
229637.953124,0.023145
229637.963119,0.019825
229637.973111,0.019912
229637.983109,0.046197
229637.993101,0.035496
229638.003093,0.046728
229638.013099,0.102275
229638.023082,0.130360
229638.033074,0.175078
229638.043075,0.219727
229638.053063,0.208629
229638.063055,0.203165
229638.073044,0.182427
229638.083043,0.166377
229638.093035,0.172597
229638.103036,0.196651
229638.113025,0.237018
229638.123017,0.284000
229638.133011,0.307247
229638.143006,0.317580
229638.152998,0.328642
229638.162979,0.332267
229638.172987,0.365441
229638.182979,0.383561
229638.192978,0.395161
229638.202967,0.376689
229638.212959,0.377136
229638.222959,0.388015
229638.232948,0.404451
229638.242940,0.411134
229638.252945,0.386046
229638.262929,0.375823
229638.272921,0.394173
229638.282909,0.385157
229638.292910,0.348842
229638.302902,0.327048
229638.312880,0.307942
229638.322875,0.272664
229638.332867,0.267543
229638.342880,0.318783
229638.352882,0.331545
229638.362874,0.323836
229638.372848,0.345094
229638.382854,0.382859
229638.392846,0.396432
229638.402847,0.391474
229638.412823,0.384584
229638.422815,0.376820
229638.432815,0.331913
229638.442816,0.301831
229638.452808,0.263301
229638.462814,0.259008
229638.472797,0.324937
229638.482789,0.299362
229638.492782,0.232021
229638.502778,0.244467
229638.512770,0.142813
229638.522751,-0.210490
229638.532760,0.067752
229638.542752,0.093871
229638.552750,0.123790
229638.562740,0.130308
229638.572732,0.200879
229638.582718,0.252919
229638.592722,0.238908
229638.602714,0.218645
229638.612702,0.183533
229638.622705,0.209845
229638.632697,0.271840
229638.642689,0.395072
229638.652684,0.501061
229638.662676,0.505776
229638.672653,0.421443
229638.682664,0.329876
229638.692656,0.255001
229638.702642,0.183451
229638.712646,0.124387
229638.722638,0.107249
229638.732620,0.160376
229638.742627,0.445033
229638.752619,0.739338
229638.762613,0.833323
229638.772607,0.760413
229638.782599,0.480246
229638.792587,0.310850
229638.802589,0.193477
229638.812581,0.134503
229638.822575,0.066467
229638.832570,0.190118
229638.842562,0.316793
229638.852562,0.410189
229638.862552,0.447336
229638.872544,0.498382
229638.882522,0.542722
229638.892532,0.446663
229638.902524,0.359964
229638.912519,0.353270
229638.922513,0.316600
229638.932505,0.349021
229638.942500,0.304583
229638.952478,0.302058
229638.962470,0.415181
229638.972481,0.378624
229638.982476,0.383244
229638.992468,0.337692
229639.002462,0.349326
229639.012457,0.383029
229639.022449,0.376529
229639.032450,0.322232
229639.042438,0.280028
229639.052430,0.356570
229639.062424,0.376567
229639.072419,0.306414
229639.082411,0.308237
229639.092405,-0.802857
229639.102399,0.337034
229639.112391,0.556531
229639.122387,0.530011
229639.132380,0.679190
229639.142372,0.771821
229639.152368,0.659597
229639.162352,0.399547
229639.172344,0.274387
229639.182349,0.239865
229639.192329,0.261853
229639.202321,0.414953
229639.212329,0.441481
229639.222319,0.418654
229639.232311,0.247481
229639.242311,0.272787
229639.252300,0.282929
229639.262292,0.316774
229639.272292,0.369452
229639.282281,0.366455
229639.292273,0.341385
229639.302273,0.334682
229639.312261,0.347924
229639.322253,0.354571
229639.332254,0.342246
229639.342248,0.362936
229639.352240,0.383897
229639.362234,0.361940
229639.372215,0.348057
229639.382207,0.343702
229639.392216,0.334331
229639.402215,0.327163
229639.412207,0.331734
229639.422198,0.329656
229639.432197,0.326522
229639.442189,0.310810
229639.452178,0.305069
229639.462179,0.308280
229639.472171,0.314454
229639.482160,0.320590
229639.492151,0.360042
229639.502143,0.556076
229639.512140,0.397917
229639.522118,0.287597
229639.532110,0.306746
229639.542122,0.308251
229639.552118,0.319013
229639.562110,0.322244
229639.572103,0.315721
229639.582090,0.317129
229639.592082,0.325481
229639.602084,0.324427
229639.612091,0.346151
229639.622083,0.350346
229639.632064,0.384423
229639.642053,0.375421
229639.652045,0.385442
229639.662053,0.365448
229639.672052,0.349167
229639.682044,0.409684
229639.692019,0.413398
229639.702020,0.466441
229639.712012,0.707537
229639.722000,0.257605
229639.731988,0.190555
229639.741980,0.356492
229639.751989,0.537543
229639.761987,0.107021
229639.771979,0.063455
229639.781965,0.419771
229639.791955,0.510304
229639.801947,0.436790
229639.811952,0.331306
229639.821954,0.305939
229639.831946,0.315940
229639.841932,0.332530
229639.851916,0.338281
229639.861908,0.312535
229639.871914,0.309454
229639.881920,0.348194
229639.891912,0.383369
229639.901895,0.381164
229639.911890,0.415699
229639.921882,0.356968
229639.931876,0.321908
229639.941856,0.321888
229639.951848,0.344433
229639.961857,0.364486
229639.971852,0.354472
229639.981844,0.332281
229639.991838,0.319152
229640.001812,0.311583
229640.011804,0.311931
229640.021823,0.317141
229640.031811,0.319399
229640.041803,0.317743
229640.051801,0.311611
229640.061795,0.308432
229640.071787,0.312287
229640.081781,0.318061
229640.091788,0.326324
229640.101780,0.338038
229640.111763,0.345844
229640.121762,0.349631
229640.131754,0.348007
229640.141744,0.347432
229640.151727,0.342292
229640.161719,0.339998
229640.171724,0.337520
229640.181728,0.280536
229640.191720,0.237817
229640.201706,0.211681
229640.211700,0.189120
229640.221692,0.168619
229640.231686,0.173160
229640.241681,0.176443
229640.251673,0.156439
229640.261668,0.141750
229640.271675,0.125353
229640.281667,0.116224
229640.291648,0.107305
229640.301644,0.097426
229640.311636,0.095061
229640.321630,0.576880
229640.331625,1.020565
229640.341617,0.338679
229640.351610,0.061736
229640.361606,-0.049942
229640.371598,-0.066459
229640.381592,-0.062642
229640.391587,-0.011978
229640.401579,-0.061323
229640.411572,-0.097669
229640.421568,-0.060861
229640.431560,-0.055328
229640.441549,-0.039267
229640.451549,-0.009679
229640.461541,0.018694
229640.471543,0.021506
229640.481530,0.011029
229640.491522,-0.012067
229640.501511,-0.050357
229640.511512,-0.070291
229640.521504,-0.093792
229640.531490,-0.129647
229640.541493,-0.121589
229640.551485,-0.040027
229640.561478,0.181728
229640.571473,0.395687
229640.581465,0.498221
229640.591443,0.506300
229640.601454,0.313435
229640.611446,0.166872
229640.621434,0.098894
229640.631436,0.088286
229640.641428,0.098118
229640.651412,0.111119
229640.661416,0.115287
229640.671408,0.112578
229640.681404,0.091902
229640.691398,0.080912
229640.701390,0.075850
229640.711390,0.079948
229640.721378,0.086798
229640.731370,0.090795
229640.741371,0.088630
229640.751360,0.081077
229640.761352,0.082582
229640.771336,0.081910
229640.781340,0.085589
229640.791332,0.090650
229640.801315,0.094245
229640.811322,0.097677
229640.821314,0.093743
229640.831311,0.097425
229640.841303,0.100885
229640.851295,0.096303
229640.861282,0.095047
229640.871283,0.093109
229640.881275,0.089762
229640.891264,0.090879
229640.901277,0.091326
229640.911269,0.091771
229640.921249,0.090826
229640.931246,1.690930
229640.941238,0.684782
229640.951217,-0.017364
229640.961224,-0.116139
229640.971216,-0.107838
229640.981206,-0.036587
229640.991209,-0.042664
229641.001201,-0.129781
229641.011185,-0.266486
229641.021173,-0.322537
229641.031165,-0.306591
229641.041183,-0.272102
229641.051171,-0.177438
229641.061163,0.013447
229641.071151,0.056282
229641.081152,0.062072
229641.091144,0.056607
229641.101150,0.022464
229641.111133,-0.018608
229641.121125,-0.098439
229641.131119,-0.257849
229641.141114,-0.317487
229641.151106,0.092853
229641.161087,0.776074
229641.171095,0.923235
229641.181087,0.278522
229641.191083,0.093359
229641.201076,0.035570
229641.211068,0.048916
229641.221054,0.087582
229641.231042,0.110133
229641.241034,0.100217
229641.251044,0.077734
229641.261039,0.057015
229641.271031,0.040902
229641.281010,0.042472
229641.291019,0.056047
229641.301011,0.070868
229641.311010,0.076380
229641.321001,0.070251
229641.330993,0.069405
229641.340973,0.064183
229641.350981,0.064559
229641.360973,0.057322
229641.370968,0.051810
229641.380962,0.050632
229641.390954,0.054495
229641.400955,0.060000
229641.410944,0.064702
229641.420936,0.064274
229641.430926,0.053683
229641.440925,0.061231
229641.450917,0.047407
229641.460910,0.043023
229641.470906,0.039534
229641.480898,0.034278
229641.490880,0.027119
229641.500887,0.027183
229641.510879,0.023315
229641.520859,0.023380
229641.530869,0.020170
229641.540861,0.018365
229641.550856,0.015841
229641.560849,0.007772
229641.570841,0.012174
229641.580823,0.008466
229641.590830,0.031561
229641.600822,0.019465
229641.610815,0.017533
229641.620811,0.086231
229641.630803,2.235030
229641.640797,-0.139226
229641.650792,-0.624664
229641.660784,-0.360142
229641.670771,-0.243966
229641.680774,-0.209577
229641.690766,-0.199806
229641.700760,-0.199976
229641.710754,-0.133691
229641.720746,-0.069953
229641.730728,-0.064222
229641.740735,-0.057779
229641.750727,-0.036228
229641.760723,-0.026275
229641.770729,-0.074628
229641.780721,-0.199826
229641.790691,-0.221891
229641.800703,-0.186377
229641.810695,-0.033149
229641.820683,0.292773
229641.830672,0.582637
229641.840664,0.411938
229641.850668,0.128827
229641.860660,0.011569
229641.870652,0.016732
229641.880646,0.029875
229641.890649,0.037933
229641.900641,0.025086
229641.910629,0.005636
229641.920622,-0.000009
229641.930614,0.010725
229641.940609,0.036633
229641.950603,0.041665
229641.960595,0.066433
229641.970596,0.079628
229641.980584,0.064651
229641.990576,0.050996
229642.000571,0.034441
229642.010565,0.016258
229642.020557,0.004983
229642.030552,0.001295
229642.040547,-0.008039
229642.050539,0.009602
229642.060533,0.024299
229642.070527,0.039059
229642.080519,0.037598
229642.090513,0.035348
229642.100509,0.029291
229642.110501,0.021526
229642.120494,0.012257
229642.130489,0.005667
229642.140481,0.003027
229642.150468,0.005198
229642.160470,-0.003044
229642.170462,0.007344
229642.180457,0.006183
229642.190451,0.005230
229642.200443,0.016364
229642.210434,0.019289
229642.220432,0.028559
229642.230424,0.039380
229642.240421,0.039436
229642.250413,0.038223
229642.260405,0.038499
229642.270399,0.042293
229642.280394,0.036634
229642.290386,0.027901
229642.300380,0.017590
229642.310376,0.011324
229642.320368,0.009653
229642.330211,0.144044
229642.340206,0.724003
229642.350198,-0.472159
229642.360192,-0.209609
229642.370180,0.089680
229642.380172,0.203539
229642.390174,0.211266
229642.400167,0.128575
229642.410159,0.020850
229642.420155,-0.040004
229642.430148,-0.082580
229642.440140,-0.109985
229642.450136,0.158547
229642.460129,0.096834
229642.470121,-0.019474
229642.480118,-0.094439
229642.490105,-0.119710
229642.500097,-0.128577
229642.510099,-0.141608
229642.520076,-0.199277
229642.530068,-0.248577
229642.540080,-0.275845
229642.550075,-0.255112
229642.560067,-0.156367
229642.570043,-0.084877
229642.580062,0.126156
229642.590054,0.355860
229642.600042,0.511331
229642.610034,0.392345
229642.620026,0.150128
229642.630022,0.048556
229642.640011,0.024517
229642.650003,0.021209
229642.660003,0.016154
229642.670012,-0.007475
229642.680004,-0.026770
229642.689984,-0.025329
229642.699990,-0.012371
229642.709982,-0.004965
229642.719965,0.012100
229642.729946,0.025303
229642.739938,0.036259
229642.749946,0.030545
229642.759945,0.023702
229642.769937,0.012396
229642.779925,0.002140
229642.789912,0.009033
229642.799904,0.002737
229642.809909,0.015397
229642.819911,0.021627
229642.829903,0.013525
229642.839889,0.010292
229642.849879,0.007117
229642.859871,0.003067
229642.869870,0.006583
229642.879848,0.010812
229642.889840,0.012275
229642.899851,0.013200
229642.909847,0.012125
229642.919839,0.010687
229642.929832,0.013118
229642.939815,0.026632
229642.949807,0.473859
229642.959813,0.365269
229642.969807,0.093664
229642.979799,-0.234717
229642.989793,-0.128780
229642.999775,-0.092343
229643.009767,-0.103271
229643.019782,-0.095085
229643.029774,-0.035959
229643.039766,0.010920
229643.049760,-0.016718
229643.059750,-0.037427
229643.069742,-0.013978
229643.079728,0.005821
229643.089717,0.003237
229643.099709,-0.023972
229643.109728,-0.056638
229643.119714,-0.073294
229643.129706,-0.084754
229643.139699,-0.067606
229643.149682,-0.015108
229643.159674,0.005951
229643.169680,0.027709
229643.179684,0.072645
229643.189676,0.129225
229643.199661,0.148854
229643.209653,0.084711
229643.219645,0.031524
229643.229642,0.035633
229643.239636,0.039617
229643.249628,0.038685
229643.259623,0.039198
229643.269619,0.042890
229643.279611,0.047948
229643.289604,0.047856
229643.299599,0.047487
229643.309591,0.044333
229643.319586,0.033536
229643.329580,0.020773
229643.339572,0.015837
229643.349566,0.001327
229643.359557,-0.002201
229643.369549,-0.003420
229643.379548,-0.001145
229643.389553,0.003826
229643.399545,0.009880
229643.409528,0.007840
229643.419523,0.006701
229643.429515,0.003628
229643.439510,0.004023
229643.449489,0.003344
229643.459481,0.006840
229643.469490,0.004933
229643.479488,0.006156
229643.489480,0.005061
229643.499471,0.007427
229643.509456,0.007039
229643.519448,0.009274
229643.529452,0.012114
229643.539455,0.009998
229643.549447,0.009549
229643.559434,0.006341
229643.569428,0.003548
229643.579420,0.007020
229643.589413,1.161631
229643.599392,0.411238
229643.609384,-0.322782
229643.619395,-0.190410
229643.629390,-0.130365
229643.639382,0.035632
229643.649376,0.032673
229643.659371,-0.058184
229643.669363,-0.186419
229643.679358,-0.138891
229643.689352,-0.142479
229643.699344,-0.188213
229643.709339,-0.158245
229643.719333,-0.116169
229643.729325,-0.079887
229643.739320,-0.066701
229643.749314,-0.092991
229643.759306,-0.132007
229643.769305,-0.150913
229643.779294,-0.168672
229643.789286,-0.125423
229643.799270,-0.059364
229643.809276,0.047158
229643.819268,0.137288
229643.829274,0.174583
229643.839257,0.194270
229643.849249,0.276073
229643.859239,0.204248
229643.869238,0.081246
229643.879230,0.034380
229643.889208,0.023872
229643.899219,0.029212
229643.909211,0.022472
229643.919213,0.016863
229643.929200,0.017645
229643.939192,0.025621
229643.949191,0.032812
229643.959181,0.034745
229643.969173,0.030036
229643.979167,0.024029
229643.989162,0.014399
229643.999154,0.006533
229644.009142,-0.000649
229644.019144,-0.004086
229644.029136,0.000714
229644.039132,0.003486
229644.049124,0.004459
229644.059116,0.005608
229644.069110,0.006610
229644.079105,0.005582
229644.089097,0.003603
229644.099078,0.004914
229644.109086,0.003759
229644.119078,0.006927
229644.129077,0.009018
229644.139066,0.012872
229644.149058,0.014228
229644.159045,0.011870
229644.169033,0.011925
229644.179025,0.011423
229644.189044,0.006367
229644.199031,0.007418
229644.209023,0.008866
229644.219012,0.008895
229644.229010,0.009958
229644.239002,0.008256
229644.248980,0.003156
229644.258998,0.230856
229644.268990,0.293355
229644.278979,0.018452
229644.288972,-0.244879
229644.298964,-0.123879
229644.308944,0.049636
229644.318954,0.062411
229644.328946,0.016645
229644.338939,-0.028373
229644.348933,-0.048157
229644.358925,-0.055282
229644.368914,-0.062683
229644.378916,-0.066849
229644.388908,-0.059230
229644.398907,-0.042243
229644.408896,-0.024688
229644.418888,-0.018297
229644.428881,-0.020393
229644.438878,-0.009073
229644.448870,0.008651
229644.458850,0.016967
229644.468858,0.009903
229644.478850,-0.009628
229644.488848,-0.026132
229644.498840,-0.038995
229644.508832,-0.047900
229644.518817,-0.059436
229644.528820,-0.075691
229644.538812,-0.081649
229644.548816,-0.080094
229644.558802,-0.010459
229644.568794,0.124957
229644.578799,0.196531
229644.588783,0.098616
229644.598775,0.009766
229644.608769,0.004274
229644.618764,0.012222
229644.628756,0.003129
229644.638754,-0.005530
229644.648744,-0.008164
229644.658736,-0.007786
229644.668731,-0.005792
229644.678726,0.000375
229644.688718,0.003791
229644.698718,0.001626
229644.708706,-0.003002
229644.718698,-0.011329
229644.728693,-0.014802
229644.738687,-0.016201
229644.748679,-0.011477
229644.758685,-0.007807
229644.768669,-0.006113
229644.778661,-0.003578
229644.788661,-0.001040
229644.798649,0.005741
229644.808641,-0.000778
229644.818621,-0.002630
229644.828640,-0.002425
229644.838632,-0.003247
229644.848617,-0.004793
229644.858611,-0.001485
229644.868603,-0.003358
229644.878588,-0.000761
229644.888592,0.002229
229644.898584,0.002057
229644.908586,0.000764
229644.918573,0.003347
229644.928565,0.001458
229644.938555,0.003608
229644.948554,0.002917
229644.958546,0.004592
229644.968541,0.000559
229644.978542,0.000511
229644.988534,-0.002948
229644.998522,0.720631
229645.008517,0.951638
229645.018509,-0.121672
229645.028503,-0.108829
229645.038497,-0.198937
229645.048489,-0.292636
229645.058484,-0.321877
229645.068478,-0.304924
229645.078470,-0.245572
229645.088466,-0.214048
229645.098459,-0.122218
229645.108451,-0.007234
229645.118444,-0.042113
229645.128423,-0.034868
229645.138415,-0.028275
229645.148412,-0.021213
229645.158411,-0.031810
229645.168403,-0.047530
229645.178408,-0.073714
229645.188402,-0.081500
229645.198394,-0.069164
229645.208389,-0.051115
229645.218382,-0.029852
229645.228374,0.016486
229645.238360,0.083549
229645.248359,0.186450
229645.258351,0.334058
229645.268351,0.177803
229645.278357,0.027305
229645.288349,-0.001952
229645.298332,0.004597
229645.308327,0.020789
229645.318319,0.024411
229645.328314,0.018554
229645.338308,0.011576
229645.348300,0.007838
229645.358294,0.013979
229645.368295,0.016348
229645.378287,0.017861
229645.388274,0.014433
229645.398280,0.010848
229645.408272,0.009875
229645.418261,0.004141
229645.428247,0.002933
229645.438239,-0.000335
229645.448243,-0.001787
229645.458217,-0.001896
229645.468209,-0.000065
229645.478218,-0.000065
229645.488215,-0.005119
229645.498207,-0.004298
229645.508196,-0.006435
229645.518185,-0.004897
229645.528177,-0.007458
229645.538181,-0.005399
229645.548183,-0.002163
229645.558175,-0.002251
229645.568161,-0.002887
229645.578152,-0.002433
229645.588144,-0.003512
229645.598142,-0.004094
229645.608120,-0.004599
229645.618112,0.000921
229645.628124,0.007076
229645.638119,0.008196
229645.648111,0.005256
229645.658104,0.005697
229645.668087,0.005501
229645.678079,0.005410
229645.688085,0.007824
229645.698086,0.009598
229645.708078,0.009996
229645.718073,1.013801
229645.728054,0.636705
229645.738046,-0.343020
229645.748052,-0.564041
229645.758041,-0.337055
229645.768033,-0.100566
229645.778028,-0.009070
229645.788010,0.006627
229645.798002,0.016151
229645.808009,0.030562
229645.818007,0.011084
229645.827999,-0.040945
229645.837990,-0.057414
229645.847997,-0.056462
229645.857989,-0.101521
229645.867971,-0.051803
229645.877956,0.045357
229645.887948,0.018669
229645.897953,-0.004338
229645.907954,-0.004919
229645.917946,-0.010369
229645.927933,-0.024555
229645.937923,-0.049080
229645.947915,-0.083709
229645.957915,-0.111325
229645.967919,-0.129058
229645.977911,-0.132846
229645.987896,-0.125960
229645.997882,-0.074435
229646.007874,0.104822
229646.017877,0.320537
229646.027871,0.279859
229646.037863,0.116198
229646.047869,0.053520
229646.057857,0.039726
229646.067849,0.039395
229646.077838,0.022301
229646.087832,0.001066
229646.097824,-0.002057
229646.107819,0.000353
229646.117817,0.004665
229646.127809,0.011612
229646.137801,0.021011
229646.147802,0.025410
229646.157794,0.018224
229646.167782,0.007260
229646.177762,-0.002123
229646.187754,-0.008201
229646.197762,-0.012402
229646.207757,-0.014401
229646.217749,-0.013558
229646.227743,-0.007803
229646.237737,0.000635
229646.247729,0.004806
229646.257724,0.004705
229646.267719,0.004708
229646.277711,0.005802
229646.287705,0.005036
229646.297695,0.010195
229646.307687,0.007262
229646.317686,0.006806
229646.327681,0.000322
229646.337673,-0.004881
229646.347667,-0.002943
229646.357661,0.000887
229646.367653,0.001948
229646.377645,0.000012
229646.387643,-0.002669
229646.397635,-0.004267
229646.407630,0.207625
229646.417623,0.752484
229646.427615,0.222905
229646.437610,-0.202152
229646.447606,-0.255472
229646.457598,-0.271356
229646.467590,-0.214597
229646.477586,-0.174123
229646.487578,-0.136935
229646.497568,-0.061099
229646.507567,-0.007394
229646.517559,0.001992
229646.527545,0.033621
229646.537548,0.051605
229646.547540,0.035480
229646.557543,-0.014882
229646.567529,-0.058692
229646.577521,-0.083932
229646.587515,-0.079119
229646.597509,-0.071985
229646.607501,-0.064767
229646.617499,-0.054630
229646.627491,-0.045514
229646.637483,-0.017560
229646.647476,-0.020529
229646.657471,-0.027336
229646.667463,0.013522
229646.677469,0.023109
229646.687453,0.114110
229646.697445,0.197695
229646.707446,0.159850
229646.717433,0.063129
229646.727425,0.027498
229646.737427,0.020077
229646.747414,0.017522
229646.757406,0.004862
229646.767408,-0.002067
229646.777396,-0.003052
229646.787388,0.000028
229646.797381,0.003577
229646.807376,0.010684
229646.817368,0.019628
229646.827353,0.021577
229646.837358,0.012415
229646.847350,0.003730
229646.857347,0.000083
229646.867338,-0.004821
229646.877330,-0.006174
229646.887315,-0.009595
229646.897320,-0.004148
229646.907312,-0.004397
229646.917315,-0.006254
229646.927294,-0.005342
229646.937286,-0.004707
229646.947283,-0.004294
229646.957271,-0.002629
229646.967263,-0.001968
229646.977252,-0.001854
229646.987264,-0.006220
229646.997256,-0.004765
229647.007250,-0.006066
229647.017226,-0.005845
229647.027218,-0.003538
229647.037219,-0.003967
229647.047237,0.000062
229647.057229,0.020260
229647.067217,0.800212
229647.077206,0.490932
229647.087198,-0.067740
229647.097186,-0.242659
229647.107187,-0.240645
229647.117179,-0.245505
229647.127183,-0.303417
229647.137168,-0.211287
229647.147160,-0.083979
229647.157147,0.021841
229647.167148,0.054183
229647.177140,0.052393
229647.187121,0.058594
229647.197130,0.047809
229647.207122,-0.003724
229647.217106,-0.036065
229647.227111,-0.054834
229647.237103,-0.063704
229647.247087,-0.062085
229647.257092,-0.056777
229647.267084,-0.051580
229647.277084,-0.049250
229647.287073,-0.052754
229647.297065,-0.057120
229647.307055,-0.064805
229647.317055,-0.063482
229647.327047,-0.015426
229647.336915,0.038785
229647.346926,0.114167
229647.356918,0.220167
229647.366898,0.176689
229647.376908,0.078600
229647.386900,0.038893
229647.396882,0.034465
229647.406889,0.025212
229647.416881,0.006390
229647.426874,-0.003815
229647.436869,-0.002270
229647.446861,0.001501
229647.456857,0.010141
229647.466851,0.019369
229647.476843,0.026464
229647.486848,0.023628
229647.496832,0.016648
229647.506824,0.007941
229647.516819,-0.002165
229647.526812,-0.002995
229647.536804,-0.003495
229647.546785,0.002273
229647.556794,0.006438
229647.566786,0.004327
229647.576781,0.007760
229647.586775,0.010455
229647.596767,0.011759
229647.606762,0.007140
229647.616756,0.007006
229647.626748,0.007126
229647.636743,0.001807
229647.646737,0.000786
229647.656729,0.004114
229647.666706,0.001987
229647.676725,0.001833
229647.686717,0.005488
229647.696705,0.003860
229647.706684,0.006575
229647.716676,0.003644
229647.726686,0.002809
229647.736674,0.005080
229647.746666,0.004189
229647.756666,0.003066
229647.766673,0.001743
229647.776665,0.148315
229647.786647,0.293826
229647.796642,0.074573
229647.806634,-0.171977
229647.816628,-0.033248
229647.826623,0.034186
229647.836615,-0.004343
229647.846609,-0.073538
229647.856615,-0.067222
229647.866607,-0.053054
229647.876589,0.018215
229647.886585,0.007378
229647.896577,0.032912
229647.906571,0.011688
229647.916575,-0.011610
229647.926567,-0.026263
229647.936553,-0.034232
229647.946546,-0.043134
229647.956538,-0.045468
229647.966534,-0.039832
229647.976527,-0.038123
229647.986519,-0.034199
229647.996515,-0.031817
229648.006508,-0.025404
229648.016500,-0.026093
229648.026495,-0.016637
229648.036488,-0.034317
229648.046480,-0.034054
229648.056476,-0.043791
229648.066469,-0.033242
229648.076461,0.009798
229648.086457,0.078017
229648.096438,0.240848
229648.106430,0.108261
229648.116438,0.011681
229648.126444,-0.006620
229648.136436,0.000249
229648.146419,-0.013231
229648.156421,-0.033269
229648.166413,-0.030776
229648.176400,-0.016886
229648.186401,-0.000951
229648.196393,0.010001
229648.206375,0.018939
229648.216374,0.017704
229648.226366,0.012468
229648.236358,0.007651
229648.246367,-0.000105
229648.256359,-0.005528
229648.266343,-0.009086
229648.276347,-0.009191
229648.286339,-0.006716
229648.296314,-0.002621
229648.306315,-0.003391
229648.316307,-0.004814
229648.326305,-0.007167
229648.336283,-0.007664
229648.346275,-0.005671
229648.356285,-0.005660
229648.366282,-0.008073
229648.376274,-0.008867
229648.386267,-0.012593
229648.396250,-0.012712
229648.406242,-0.010216
229648.416248,-0.013866
229648.426254,-0.010483
229648.436246,-0.011542
229648.446229,-0.009010
229648.456216,-0.008175
229648.466208,-0.003211
229648.476210,-0.002469
229648.486216,0.000208
229648.496208,-0.003598
229648.506191,0.003094
229648.516184,0.008015
229648.526176,0.012385
229648.536172,0.015759
229648.546152,0.015647
229648.556144,0.019596
229648.566153,0.022018
229648.576149,0.022197
229648.586141,0.034004
229648.596133,1.332461
229648.606119,0.317000
229648.616111,-0.133928
229648.626115,-0.103761
229648.636121,-0.112832
229648.646113,-0.102701
229648.656096,-0.070118
229648.666077,-0.073526
229648.676069,-0.014172
229648.686062,-0.019949
229648.696054,-0.126793
229648.706046,-0.246384
229648.716058,-0.264667
229648.726063,-0.226966
229648.736055,-0.152493
229648.746038,-0.070005
229648.756029,-0.024288
229648.766021,-0.015328
229648.776020,-0.007199
229648.786006,-0.014783
229648.795998,-0.036230
229648.806000,-0.050000
229648.815995,-0.083669
229648.825987,-0.142221
229648.835980,-0.220750
229648.845974,-0.276924
229648.855966,-0.272000
229648.865962,-0.147741
229648.875957,0.116435
229648.885949,0.388907
229648.895944,0.678085
229648.905924,0.429428
229648.915916,0.090549
229648.925924,0.027767
229648.935904,-0.007862
229648.945896,0.000901
229648.955906,0.023421
229648.965910,0.030790
229648.975902,0.020359
229648.985886,0.006053
229648.995884,-0.003038
229649.005876,-0.003809
229649.015868,0.006045
229649.025875,0.013767
229649.035867,0.018027
229649.045848,0.025158
229649.055827,0.027055
229649.065819,0.025738
229649.075829,0.016702
229649.085826,0.010086
229649.095818,0.005477
229649.105803,0.001189
229649.115804,0.004047
229649.125796,0.250270
229649.135797,0.320782
229649.145786,0.045125
229649.155778,-0.059292
229649.165767,-0.072393
229649.175761,-0.045645
229649.185753,0.030550
229649.195753,0.108720
229649.205748,0.164573
229649.215740,0.160907
229649.225744,0.157669
229649.235728,0.170790
229649.245720,0.142186
229649.255700,0.078940
229649.265709,0.018803
229649.275701,-0.029593
229649.285696,-0.068588
229649.295690,-0.132679
229649.305682,-0.181556
229649.315676,-0.201929
229649.325671,-0.187632
229649.335663,-0.165202
229649.345658,-0.164184
229649.355652,-0.174890
229649.365644,-0.179098
229649.375639,-0.182944
229649.385633,-0.192399
229649.395625,-0.245335
229649.405620,-0.334365
229649.415614,-0.383817
229649.425606,-0.329403
229649.435600,-0.102615
229649.445595,0.647689
229649.455587,1.073581
229649.465581,0.494244
229649.475575,0.341505
229649.485567,0.108822
229649.495562,-0.037814
229649.505563,-0.082953
229649.515555,-0.088547
229649.525543,-0.070514
229649.535544,-0.039745
229649.545536,-0.027869
229649.555518,-0.044857
229649.565519,-0.069690
229649.575511,-0.091652
229649.585517,-0.101292
229649.595500,-0.088224
229649.605492,-0.058485
229649.615494,-0.022754
229649.625481,0.003764
229649.635473,0.022397
229649.645474,0.034971
229649.655462,0.035456
229649.665454,0.023701
229649.675451,0.015380
229649.685443,0.009921
229649.695435,0.002737
229649.705428,0.265957
229649.715424,0.412533
229649.725416,0.300386
229649.735400,0.086648
229649.745405,-0.095550
229649.755397,-0.062290
229649.765382,0.052067
229649.775386,0.125160
229649.785378,0.138932
229649.795381,0.062392
229649.805366,-0.071833
229649.815358,-0.203219
229649.825346,-0.258644
229649.835348,-0.276245
229649.845340,-0.257973
229649.855317,-0.287385
229649.865328,-0.340865
229649.875320,-0.133935
229649.885316,-0.008105
229649.895310,-0.026345
229649.905302,-0.092971
229649.915281,-0.114024
229649.925290,-0.116891
229649.935282,-0.146616
229649.945290,-0.165456
229649.955271,-0.108069
229649.965263,-0.092848
229649.975249,-0.057638
229649.985252,0.173257
229649.995244,0.334345
229650.005238,0.284733
229650.015233,0.247298
229650.025225,0.263619
229650.035204,0.106902
229650.045214,-0.018022
229650.055206,-0.087589
229650.065199,-0.103757
229650.075195,-0.081674
229650.085187,-0.041892
229650.095192,-0.015153
229650.105176,-0.016498
229650.115168,-0.027946
229650.125152,-0.038947
229650.135158,-0.058408
229650.145150,-0.072864
229650.155153,-0.061851
229650.165137,-0.046967
229650.175129,-0.059505
229650.185120,-0.099473
229650.195119,-0.085543
229650.205111,-0.026196
229650.215107,0.030437
229650.225096,0.078925
229650.235088,0.094409
229650.245075,0.089946
229650.255080,0.064475
229650.265072,0.026256
229650.275056,-0.022474
229650.285062,-0.053471
229650.295054,-0.046207
229650.305050,-0.020357
229650.315042,0.012636
229650.325034,0.035192
229650.335028,0.048700
229650.345024,0.056739
229650.355016,0.067590
229650.365022,0.064729
229650.375003,0.052781
229650.384995,0.038387
229650.394989,0.033998
229650.404996,0.046037
229650.414988,0.063966
229650.424972,0.069044
229650.434965,0.048096
229650.444957,0.036691
229650.454954,0.015593
229650.464944,-0.002760
229650.474936,-0.022989
229650.484932,-0.059675
229650.494929,-0.065820
229650.504921,-0.056772
229650.514916,-0.048114
229650.524913,-0.035704
229650.534905,-0.019270
229650.544896,-0.019378
229650.554890,0.005759
229650.564882,0.008952
229650.574877,0.036922
229650.584871,0.031073
229650.594863,0.068504
229650.604860,0.063535
229650.614852,0.030762
229650.624844,0.077715
229650.634838,-0.065259
229650.644833,-0.111758
229650.654825,-0.125078
229650.664822,-0.003520
229650.674814,0.062135
229650.684806,0.083126
229650.694800,0.096987
229650.704795,0.095341
229650.714787,0.060739
229650.724792,-0.003760
229650.734776,-0.075275
229650.744768,-0.021366
229650.754762,-0.107810
229650.764756,-0.053817
229650.774748,-0.001163
229650.784730,0.004658
229650.794738,-0.047568
229650.804730,-0.149429
229650.814728,-0.110665
229650.824718,-0.058833
229650.834710,-0.006054
229650.844685,0.077488
229650.854700,0.148633
229650.864692,0.142046
229650.874685,0.091911
229650.884684,0.028995
229650.894676,0.007550
229650.904655,0.007791
229650.914661,-0.004275
229650.924653,-0.005080
229650.934647,-0.036916
229650.944641,-0.071483
229650.954633,-0.074444
229650.964629,-0.061057
229650.974622,-0.024697
229650.984614,0.023135
229650.994610,0.056517
229651.004597,0.078301
229651.014589,0.033336
229651.024590,0.009045
229651.034587,0.007627
229651.044579,-0.016870
229651.054572,-0.009243
229651.064566,-0.004661
229651.074558,0.006724
229651.084553,0.007150
229651.094548,-0.012034
229651.104540,-0.016128
229651.114533,-0.014071
229651.124522,-0.008279
229651.134514,0.009173
229651.144514,0.015547
229651.154498,0.015430
229651.164490,-0.008629
229651.174495,-0.013684
229651.184480,-0.018529
229651.194472,-0.029999
229651.204475,-0.026896
229651.214479,-0.025544
229651.224471,-0.020947
229651.234456,-0.023400
229651.244443,-0.001026
229651.254435,0.004479
229651.264437,0.060981
229651.274424,0.063836
229651.284416,0.052743
229651.294419,0.031413
229651.304423,0.038580
229651.314415,-0.038579
229651.324399,-0.041991
229651.334384,-0.047508
229651.344376,-0.023738
229651.354381,0.005860
229651.364371,0.015124
229651.374363,0.033202
229651.384361,-0.023407
229651.394342,-0.045624
229651.404334,-0.075034
229651.414343,-0.112854
229651.424325,-0.156747
229651.434317,-0.150118
229651.444324,-0.062169
229651.454327,-0.040926
229651.464319,-0.031709
229651.474304,-0.045483
229651.484297,-0.034678
229651.494289,-0.035556
229651.504285,-0.005258
229651.514288,0.079204
229651.524280,0.088548
229651.534266,0.051774
229651.544261,-0.007728
229651.554253,-0.097394
229651.564247,-0.141014
229651.574227,-0.144768
229651.584219,-0.140274
229651.594228,-0.119239
229651.604228,-0.095866
229651.614220,-0.047810
229651.624208,-0.024746
229651.634203,0.009547
229651.644195,-0.009364
229651.654189,-0.057294
229651.664172,-0.100859
229651.674164,-0.099453
229651.684170,-0.066309
229651.694164,0.006539
229651.704156,0.039279
229651.714162,0.065018
229651.724156,0.075316
229651.734148,0.036031
229651.744133,-0.015879
229651.754126,0.004769
229651.764118,0.017694
229651.774100,0.003749
229651.784108,0.042199
229651.794100,0.090175
229651.804094,0.112310
229651.814088,0.082398
229651.824080,0.054080
229651.834074,0.090710
229651.844065,0.146407
229651.854057,0.071364
229651.864057,-0.057210
229651.874058,-0.111091
229651.884050,-0.074126
229651.894038,0.050758
229651.904032,0.084018
229651.914024,0.064859
229651.924018,0.115207
229651.934013,0.114739
229651.944005,0.078345
229651.953991,0.044202
229651.963994,0.000477
229651.973986,-0.001363
229651.983980,0.014626
229651.993974,0.006674
229652.003966,0.003031
229652.013960,-0.001847
229652.023956,0.004093
229652.033948,0.037171
229652.043941,0.089308
229652.053937,0.076277
229652.063929,0.098883
229652.073922,0.146588
229652.083916,-0.113864
229652.093908,-0.333957
229652.103903,-0.306971
229652.113889,-0.272064
229652.123881,-0.349900
229652.133885,-0.540533
229652.143867,-0.703943
229652.153859,-0.366506
229652.163865,-0.035265
229652.173860,0.052539
229652.183852,-0.040845
229652.193846,-0.243856
229652.203841,-0.363378
229652.213833,-0.284016
229652.223827,-0.040361
229652.233821,0.151616
229652.243813,0.165173
229652.253808,-0.017812
229652.263802,-0.260479
229652.273794,-0.390831
229652.283801,-0.360412
229652.293784,-0.178406
229652.303776,0.055169
229652.313770,0.197377
229652.323765,0.236400
229652.333757,0.214741
229652.343611,0.221415
229652.353607,0.294448
229652.363599,0.411900
229652.373591,0.523940
229652.383599,0.603863
229652.393591,0.689260
229652.403573,0.777679
229652.413569,0.813853
229652.423561,0.791665
229652.433553,0.707488
229652.443550,0.536316
229652.453542,0.351734
229652.463527,0.226699
229652.473531,0.171507
229652.483523,0.172228
229652.493508,0.203023
229652.503512,0.215506
229652.513504,0.211553
229652.523486,0.258847
229652.533499,0.311258
229652.543491,0.396595
229652.553469,0.506532
229652.563474,0.631254
229652.573466,0.739409
229652.583449,0.811755
229652.593455,0.881207
229652.603447,0.954522
229652.613449,1.026561
229652.623435,1.107821
229652.633427,1.137900
229652.643417,1.094977
229652.653416,0.990944
229652.663408,0.865681
229652.673385,0.741081
229652.683397,0.623818
229652.693389,0.517579
229652.703384,0.434355
229652.713378,0.361266
229652.723370,0.286335
229652.733352,0.231777
229652.743359,-3.376107
229652.753351,-1.081091
229652.763339,0.272344
229652.773327,-0.202808
229652.783319,0.183545
229652.793307,0.385505
229652.803322,0.449757
229652.813314,0.157343
229652.823296,0.166021
229652.833303,0.199660
229652.843295,0.111744
229652.853286,0.051525
229652.863291,-0.009091
229652.873283,-0.011302
229652.883255,0.031472
229652.893263,0.009224
229652.903255,-0.026314
229652.913251,-0.018095
229652.923242,0.035137
229652.933234,0.093821
229652.943218,0.125191
229652.953233,0.099705
229652.963225,-0.046586
229652.973199,-0.156107
229652.983207,-0.141475
229652.993199,-0.207981
229653.003189,-0.426850
229653.013177,-0.105815
229653.023169,-0.012564
229653.033157,0.082558
229653.043169,0.122540
229653.053161,0.075144
229653.063156,0.014246
229653.073131,-0.005036
229653.083123,-0.003093
229653.093126,0.024764
229653.103131,0.089118
229653.113123,0.197554
229653.123129,0.252805
229653.133111,0.292651
229653.143103,0.256316
229653.153098,0.207749
229653.163093,0.140893
229653.173085,0.061005
229653.183090,-0.018646
229653.193080,-0.066695
229653.203072,-0.036796
229653.213060,-0.052261
229653.223055,-0.051369
229653.233047,-0.120722
229653.243048,-0.080625
229653.253036,-0.081795
229653.263028,-0.008853
229653.273022,0.072420
229653.283018,0.074704
229653.293010,0.034100
229653.303000,0.042641
229653.312998,0.079561
229653.322990,0.076552
229653.332984,0.052383
229653.342979,0.031197
229653.352971,0.021575
229653.362961,0.005673
229653.372960,0.006638
229653.382952,0.033107
229653.392948,0.071343
229653.402941,0.106566
229653.412933,0.124023
229653.422928,0.123099
229653.432922,0.129691
229653.442914,0.105782
229653.452896,0.084106
229653.462903,0.069820
229653.472895,0.048855
229653.482890,0.039331
229653.492884,0.000900
229653.502876,-0.039393
229653.512871,-0.016783
229653.522856,0.018029
229653.532848,0.030817
229653.542852,0.053165
229653.552846,0.063514
229653.562838,0.034502
229653.572832,-0.013437
229653.582827,-0.055527
229653.592819,-0.111170
229653.602814,-0.177818
229653.612809,-0.230322
229653.622801,-0.250388
229653.632794,-0.234402
229653.642789,-0.195016
229653.652781,-0.158792
229653.662775,-0.173290
229653.672771,-0.151565
229653.682763,-0.133210
229653.692757,-0.118331
229653.702750,-0.099179
229653.712742,-0.096554
229653.722737,-0.085077
229653.732732,-0.079792
229653.742724,-0.072036
229653.752719,-0.062039
229653.762712,-0.042207
229653.772704,-0.048027
229653.782699,-0.081914
229653.792692,-0.084110
229653.802684,-0.081847
229653.812681,-0.073316
229653.822662,-0.052457
229653.832654,-0.044223
229653.842662,-0.055838
229653.852671,-0.089152
229653.862663,-0.116257
229653.872643,-0.118259
229653.882625,-0.100741
229653.892617,-0.073959
229653.902624,-0.045478
229653.912621,-0.016750
229653.922613,0.013770
229653.932605,0.038845
229653.942590,0.058972
229653.952582,0.060845
229653.962586,0.051869
229653.972588,0.034245
229653.982580,0.016217
229653.992567,0.004000
229654.002557,0.003305
229654.012549,0.008097
229654.022547,0.013990
229654.032525,0.015265
229654.042517,0.008708
229654.052529,-0.013096
229654.062521,-0.022618
229654.072513,-0.021101
229654.082509,-0.013259
229654.092492,0.000942
229654.102484,0.011300
229654.112503,0.005424
229654.122491,0.003457
229654.132483,0.014147
229654.142472,0.032850
229654.152458,0.044547
229654.162450,0.052038
229654.172453,0.066176
229654.182458,0.075880
229654.192450,0.080685
229654.202434,0.046776
229654.212426,0.025428
229654.222418,0.032252
229654.232415,0.064733
229654.242395,0.086700
229654.252387,0.092525
229654.262395,0.074083
229654.272390,0.072165
229654.282382,0.038034
229654.292385,-0.193677
229654.302383,-0.218107
229654.312375,-0.222869
229654.322342,-0.235688
229654.332344,-0.151745
229654.342336,-0.021252
229654.352339,0.095805
229654.362343,0.121226
229654.372335,0.120150
229654.382320,0.125903
229654.392327,0.113764
229654.402319,0.068302
229654.412302,-0.012334
229654.422295,-0.112341
229654.432287,-0.146971
229654.442282,-0.216817
229654.452265,-0.064206
229654.462257,0.021257
229654.472263,-0.001163
229654.482263,-0.039896
229654.492255,-0.034900
229654.502245,0.016820
229654.512231,0.040123
229654.522223,0.025028
229654.532225,-0.013440
229654.542220,-0.031992
229654.552212,-0.022801
229654.562206,0.000717
229654.572201,0.032561
229654.582193,0.074358
229654.592196,0.028964
229654.602183,0.070590
229654.612175,0.051275
229654.622168,0.015192
229654.632163,0.017103
229654.642155,-0.010991
229654.652149,-0.035164
229654.662151,-0.059662
229654.672143,-0.078648
229654.682131,-0.034042
229654.692123,0.012173
229654.702115,0.045497
229654.712112,0.071923
229654.722113,0.059606
229654.732105,0.029859
229654.742093,-0.011595
229654.752099,-0.045028
229654.762091,-0.055575
229654.772074,-0.054961
229654.782069,-0.036493
229654.792061,-0.024627
229654.802055,-0.011568
229654.812049,-0.006778
229654.822041,-0.008298
229654.832035,-0.012269
229654.842031,-0.004202
229654.852023,-0.010772
229654.862018,-0.016096
229654.872012,-0.025637
229654.882004,-0.042827
229654.891998,-0.047770
229654.901993,-0.027958
229654.911985,0.003310
229654.921972,0.015996
229654.931970,0.016599
229654.941962,0.016382
229654.951960,0.005395
229654.961955,-0.012488
229654.971947,-0.038162
229654.981942,-0.053785
229654.991936,-0.055799
229655.001928,-0.047101
229655.011922,-0.029549
229655.021917,-0.007536
229655.031909,0.004223
229655.041904,0.004237
229655.051898,-0.000108
229655.061890,-0.001938
229655.071884,-0.002964
229655.081878,-0.010868
229655.091870,-0.012069
229655.101865,-0.015632
229655.111860,-0.014078
229655.121852,-0.011321
229655.131845,-0.017483
229655.141841,-0.026353
229655.151833,-0.030560
229655.161819,-0.031954
229655.171822,-0.028382
229655.181814,-0.018267
229655.191810,-0.008757
229655.201803,-0.000189
229655.211795,0.000837
229655.221799,0.002244
229655.231784,-0.003051
229655.241776,-0.023691
229655.251783,-0.033416
229655.261765,-0.036000
229655.271757,-0.022830
229655.281752,-0.001294
229655.291746,0.023128
229655.301738,0.038418
229655.311740,0.037983
229655.321728,0.030026
229655.331720,0.013677
229655.341708,0.006850
229655.351709,0.004861
229655.361701,0.003456
229655.371688,0.003890
229655.381689,0.002727
229655.391681,0.005237
229655.401687,0.006512
229655.411671,0.006683
229655.421663,0.004710
229655.431656,-0.007392
229655.441652,-0.010884
229655.451644,-0.014975
229655.461624,-0.020297
229655.471633,-0.017482
229655.481625,-0.006887
229655.491623,-0.000783
229655.501613,0.005199
229655.511605,0.005355
229655.521591,0.007435
229655.531595,0.002429
229655.541587,-0.005126
229655.551587,-0.006495
229655.561575,-0.010452
229655.571567,-0.012467
229655.581568,-0.012797
229655.591563,-0.006352
229655.601555,-0.003786
229655.611541,0.003388
229655.621532,0.002357
229655.631524,0.001195
229655.641525,0.004179
229655.651530,0.005543
229655.661522,0.009302
229655.671517,0.005691
229655.681512,-0.011978
229655.691504,-0.023906
229655.701491,-0.024598
229655.711481,-0.027423
229655.721473,-0.030609
229655.731479,-0.031708
229655.741463,-0.039969
229655.751455,-0.006476
229655.761459,0.038351
229655.771443,0.012216
229655.781435,-0.024603
229655.791427,-0.037371
229655.801425,-0.018271
229655.811417,0.011654
229655.821394,0.047634
229655.831405,0.054970
229655.841397,0.051398
229655.851392,0.033774
229655.861386,0.010662
229655.871378,0.000899
229655.881372,-0.006235
229655.891367,-0.009130
229655.901359,-0.013410
