228269.555749,-0.094492
228269.580726,-0.129803
228269.590730,-0.119279
228269.600722,-0.045286
228269.610720,0.022897
228269.620709,0.088033
228269.630701,0.131846
228269.640681,0.187930
228269.650688,0.230684
228269.660680,0.258890
228269.670674,0.301978
228269.680667,0.219648
228269.690659,0.195523
228269.700656,0.095079
228269.710646,-0.132194
228269.720638,-0.441087
228269.730624,-0.438047
228269.740624,-0.299714
228269.750616,-0.174705
228269.760601,-0.199222
228269.770603,-0.255429
228269.780595,-0.221442
228269.790591,-0.199937
228269.800582,-0.160679
228269.810574,-0.074204
228269.820559,-0.040764
228269.830560,-0.069662
228269.840552,-0.111136
228269.850558,-0.121617
228269.860534,-0.121795
228269.870526,-0.110542
228269.880526,-0.101640
228269.890514,-0.094580
228269.900506,-0.101226
228269.910494,-0.116130
228269.920483,-0.066434
228269.930475,0.014892
228269.940492,0.087571
228269.950479,0.102172
228269.960471,0.060228
228269.970458,0.039055
228269.980456,0.053392
228269.990448,0.056393
228270.000430,0.046544
228270.010434,0.034350
228270.020426,0.033370
228270.030420,0.022739
228270.040413,0.018762
228270.050405,0.024094
228270.060400,0.020688
228270.070393,0.029014
228270.080385,0.055092
228270.090378,0.046837
228270.100371,0.001184
228270.110363,-0.042346
228270.120357,-0.073273
228270.130350,-0.075449
228270.140342,-0.066049
228270.150335,-0.042416
228270.160330,-0.101551
228270.170322,-0.132506
228270.180300,-0.003139
228270.190308,0.024690
228270.200300,0.017463
228270.210293,0.048440
228270.220287,0.072131
228270.230279,0.100838
228270.240273,0.109335
228270.250266,0.090138
228270.260258,0.105602
228270.270252,0.105088
228270.280246,0.113897
228270.290238,0.148323
228270.300230,0.172269
228270.310224,0.183252
228270.320216,0.163157
228270.330221,0.109326
228270.340204,0.087590
228270.350196,0.132139
228270.360189,0.155303
228270.370183,0.112117
228270.380175,0.122375
228270.390167,0.178654
228270.400161,0.193054
228270.410153,0.160890
228270.420146,0.142242
228270.430140,0.149298
228270.440132,0.168225
228270.450126,0.178236
228270.460119,0.145473
228270.470111,0.071212
228270.480105,0.020902
228270.490097,0.009402
228270.500089,-0.029462
228270.510084,-0.130815
228270.520077,-0.179910
228270.530069,-0.204251
228270.540062,-0.296883
228270.550060,-0.340101
228270.560052,-0.314574
228270.570042,-0.321831
228270.580035,-0.365832
228270.590027,-0.359500
228270.600020,-0.315224
228270.610014,-0.256069
228270.620006,-0.194704
228270.630000,-0.187936
228270.639993,-0.206086
228270.649985,-0.192035
228270.659979,-0.159296
228270.669972,-0.195814
228270.679964,-0.195062
228270.689957,-0.148978
228270.699950,-0.092868
228270.709942,-0.068549
228270.719936,-0.129179
228270.729931,-0.075012
228270.739923,0.120538
228270.749916,0.180366
228270.759909,0.207049
228270.769901,0.206253
228270.779894,0.200464
228270.789887,0.196457
228270.799879,0.189951
228270.809866,0.166310
228270.819854,0.140711
228270.829846,0.077960
228270.839834,-0.035340
228270.849846,-0.066972
228270.859838,0.035114
228270.869832,0.070685
228270.879833,0.078799
228270.889825,0.113770
228270.899811,0.166269
228270.909803,0.223600
228270.919795,0.262116
228270.929789,0.259556
228270.939782,0.235623
228270.949774,0.198489
228270.959780,0.169219
228270.969761,0.196301
228270.979753,0.194162
228270.989748,0.191277
228270.999734,0.212420
228271.009726,0.232919
228271.019727,0.237715
228271.029732,0.228269
228271.039724,0.218102
228271.049706,0.225179
228271.059704,0.252871
228271.069696,0.284327
228271.079684,0.273244
228271.089685,0.213219
228271.099677,0.172385
228271.109663,0.184059
228271.119663,0.193140
228271.129655,0.153428
228271.139642,0.125857
228271.149644,0.155037
228271.159636,0.194824
228271.169615,0.207250
228271.179606,0.200498
228271.189598,0.191860
228271.199608,0.175901
228271.209606,0.157478
228271.219598,0.144763
228271.229586,0.137101
228271.239570,0.134168
228271.249562,0.121627
228271.259549,0.130542
228271.269542,0.154614
228271.279534,0.173707
228271.289523,0.196246
228271.299541,0.205945
228271.309533,0.214465
228271.319517,0.231916
228271.329510,0.228789
228271.339502,0.201873
228271.349496,0.173945
228271.359478,0.160250
228271.369470,0.153395
228271.379475,0.151246
228271.389477,0.157548
228271.399469,0.157453
228271.409454,0.137755
228271.419444,0.099274
228271.429436,0.034252
228271.439413,-0.038277
228271.449413,-0.052199
228271.459405,-0.059763
228271.469412,-0.096743
228271.479412,-0.138867
228271.489404,-0.204970
228271.499391,-0.201919
228271.509380,-0.169515
228271.519372,-0.158204
228271.529371,-0.129090
228271.539355,-0.067880
228271.549347,0.005704
228271.559350,0.064904
228271.569347,0.154540
228271.579339,0.238784
228271.589329,0.317411
228271.599316,0.434027
228271.609308,0.505188
228271.619307,0.512522
228271.629311,0.542442
228271.639303,0.576281
228271.649286,0.472596
228271.659283,0.437963
228271.669275,0.556215
228271.679266,0.708951
228271.689246,0.821802
228271.699238,0.826474
228271.709244,0.675040
228271.719249,0.502590
228271.729241,0.389817
228271.739224,0.314903
228271.749214,0.287576
228271.759206,0.210488
228271.769202,0.018029
228271.779186,-0.031901
228271.789178,0.071383
228271.799182,0.163043
228271.809172,0.253347
228271.819164,0.389940
228271.829160,0.480856
228271.839155,0.522039
228271.849147,0.391252
228271.859140,0.284201
228271.869119,0.079847
228271.879111,-0.009847
228271.889119,-0.086037
228271.899113,-0.210689
228271.909105,-0.192916
228271.919098,0.101435
228271.929092,0.394868
228271.939084,0.515995
228271.949069,0.507126
228271.959057,0.451689
228271.969049,0.326758
228271.979057,0.253680
228271.989050,0.206042
228271.999042,0.116043
228272.009035,0.054678
228272.019031,0.092891
228272.029023,0.122761
228272.039009,0.093713
228272.048874,0.017361
228272.058866,0.078056
228272.068867,0.300773
228272.078853,0.512646
228272.088845,0.528234
228272.098829,0.557226
228272.108833,0.541231
228272.118825,0.455367
228272.128803,0.410772
228272.138812,0.288260
228272.148804,0.237593
228272.158797,0.178295
228272.168791,0.148893
228272.178783,0.119862
228272.188777,0.068180
228272.198779,0.107310
228272.208771,0.201386
228272.218755,0.148933
228272.228749,-0.011955
228272.238741,0.114429
228272.248735,0.276182
228272.258728,0.272601
228272.268720,0.229782
228272.278714,0.196307
228272.288707,0.128980
228272.298699,0.063713
228272.308693,0.175321
228272.318687,0.591949
228272.328679,0.413511
228272.338672,-0.028252
228272.348663,0.059834
228272.358655,0.251208
228272.368651,0.217602
228272.378644,0.216977
228272.388636,0.195304
228272.398630,0.309896
228272.408624,0.391227
228272.418616,0.298539
228272.428609,0.248422
228272.438602,0.195787
228272.448594,0.200233
228272.458589,0.243646
228272.468588,0.273576
228272.478580,0.267758
228272.488568,0.204006
228272.498565,0.185658
228272.508557,0.218120
228272.518547,0.211290
228272.528540,0.202811
228272.538532,0.197870
228272.548526,0.246152
228272.558519,0.267952
228272.568511,0.255133
228272.578505,0.239763
228272.588499,0.217000
228272.598491,0.183390
228272.608484,0.123655
228272.618478,0.100421
228272.628470,0.204991
228272.638463,0.318881
228272.648457,0.339675
228272.658449,0.268519
228272.668442,0.231405
228272.678435,0.220697
228272.688427,0.239895
228272.698421,0.250737
228272.708422,0.258976
228272.718414,0.247327
228272.728399,0.218818
228272.738394,0.229515
228272.748386,0.244050
228272.758380,0.242073
228272.768373,0.220944
228272.778365,0.275492
228272.788358,0.304939
228272.798353,0.292813
228272.808345,0.268801
228272.818337,0.257933
228272.828331,0.261938
228272.838323,0.275644
228272.848311,0.255612
228272.858311,-0.012652
228272.868303,0.213137
228272.878287,0.212253
228272.888290,0.126332
228272.898282,0.347248
228272.908267,0.326945
228272.918269,0.263824
228272.928261,0.269913
228272.938254,0.264761
228272.948248,0.264764
228272.958240,0.280022
228272.968222,0.307561
228272.978228,0.284161
228272.988220,0.276375
228272.998221,0.264305
228273.008198,0.260631
228273.018190,0.245451
228273.028197,0.282721
228273.038185,0.153423
228273.048177,0.115216
228273.058157,0.129972
228273.068164,0.211218
228273.078156,0.250219
228273.088151,0.264683
228273.098144,0.248150
228273.108136,0.249923
228273.118124,0.240083
228273.128123,0.259558
228273.138115,0.268571
228273.148091,0.255940
228273.158102,0.232069
228273.168094,0.242839
228273.178091,0.258785
228273.188082,0.275472
228273.198074,0.239279
228273.208059,0.221133
228273.218059,0.224394
228273.228051,0.211162
228273.238058,0.228892
228273.248047,0.237181
228273.258039,0.244194
228273.268038,0.276009
228273.278009,0.235002
228273.288001,0.225464
228273.297995,0.206811
228273.307988,0.224384
228273.317980,0.404222
228273.327994,0.225092
228273.337976,0.170504
228273.347968,-0.005160
228273.357950,0.169157
228273.367937,0.311568
228273.377929,0.264081
228273.387948,0.264985
228273.397936,0.238049
228273.407928,0.395791
228273.417928,0.301503
228273.427914,-0.163869
228273.437906,0.027161
228273.447897,0.298749
228273.457895,0.303171
228273.467887,0.264241
228273.477865,0.257577
228273.487873,0.270285
228273.497865,0.257633
228273.507864,0.240514
228273.517853,0.227820
228273.527845,0.224280
228273.537850,0.228176
228273.547831,0.231231
228273.557823,0.230476
228273.567814,0.232658
228273.577811,0.219759
228273.587803,0.170396
228273.597806,0.241394
228273.607790,0.291774
228273.617782,0.205658
228273.627768,0.228102
228273.637769,0.324154
228273.647761,0.268640
228273.657766,0.243103
228273.667749,0.243749
228273.677741,0.240513
228273.687735,0.236162
228273.697727,0.226730
228273.707719,0.219128
228273.717712,0.238570
228273.727707,0.245134
228273.737699,0.230471
228273.747691,0.252474
228273.757686,0.244102
228273.767678,0.246477
228273.777671,0.259885
228273.787664,0.236071
228273.797656,0.196856
228273.807651,0.224906
228273.817644,0.226209
228273.827636,0.230630
228273.837636,0.242429
228273.847622,0.253339
228273.857614,0.258652
228273.867604,0.256684
228273.877613,0.204340
228273.887605,0.165538
228273.897574,0.135240
228273.907571,0.112876
228273.917563,0.099696
228273.927571,0.088350
228273.937551,0.078319
228273.947543,0.071218
228273.957541,0.061685
228273.967540,0.058771
228273.977532,0.055331
228273.987508,0.055284
228273.997522,0.050056
228274.007514,0.050520
228274.017508,0.043851
228274.027498,0.046451
228274.037490,0.038832
228274.047476,0.027807
228274.057477,0.017927
228274.067469,0.012602
228274.077475,0.008149
228274.087456,0.007838
228274.097448,0.007167
228274.107443,0.010084
228274.117435,0.014052
228274.127427,0.014690
228274.137411,0.018352
228274.147415,0.021344
228274.157407,0.026030
228274.167410,0.025227
228274.177394,0.026345
228274.187386,0.028246
228274.197378,0.026608
228274.207373,0.028825
228274.217365,0.028311
228274.227346,0.029170
228274.237351,0.029952
228274.247343,0.035463
228274.257344,0.038899
228274.267332,0.037018
228274.277324,0.038769
228274.287321,0.041440
228274.297310,0.035593
228274.307302,0.030512
228274.317299,0.028802
228274.327301,0.027193
228274.337293,0.025741
228274.347284,0.027960
228274.357268,0.028742
228274.367260,0.028969
228274.377249,0.028693
228274.387248,0.028531
228274.397240,0.029930
228274.407216,0.027657
228274.417227,0.024109
228274.427219,0.020229
228274.437208,0.010449
228274.447206,-2.970468
228274.457198,0.324911
228274.467184,1.679523
228274.477186,1.253787
228274.487178,1.016034
228274.497183,0.852312
228274.507164,0.701524
228274.517156,0.550218
228274.527151,0.432017
228274.537144,0.237040
228274.547136,-0.201115
228274.557120,-0.981231
228274.567122,-1.175896
228274.577114,-0.267626
228274.587118,-0.076744
228274.597102,-0.056133
228274.607094,-0.020896
228274.617088,0.000575
228274.627081,0.036945
228274.637073,0.048275
228274.647067,0.035319
228274.657061,0.039384
228274.667053,0.039816
228274.677046,0.051715
228274.687033,0.068491
228274.697025,0.072633
228274.707022,0.069629
228274.717024,0.050214
228274.727016,0.040600
228274.736990,0.049394
228274.747004,0.052886
228274.756996,0.049756
228274.766977,0.048052
228274.776977,0.048479
228274.786969,0.048441
228274.796962,0.043485
228274.806945,0.034873
228274.816937,0.025099
228274.826925,0.016363
228274.836935,0.011172
228274.846927,0.010120
228274.856921,0.015745
228274.866916,0.023845
228274.876908,0.033954
228274.886892,0.040692
228274.896894,0.046263
228274.906886,0.045427
228274.916880,-0.494838
228274.926873,-1.969972
228274.936865,1.396340
228274.946847,1.471807
228274.956852,1.223605
228274.966844,0.800565
228274.976838,0.739492
228274.986832,0.700890
228274.996824,0.500075
228275.006817,0.274699
228275.016810,-0.046937
228275.026802,-0.455387
228275.036796,-1.046546
228275.046790,-0.530286
228275.056782,-0.166812
228275.066775,-0.169647
228275.076768,-0.160923
228275.086760,-0.066913
228275.096755,0.033641
228275.106748,0.077262
228275.116740,0.079777
228275.126736,0.069420
228275.136718,0.067345
228275.146710,0.055248
228275.156724,0.046867
228275.166706,0.050437
228275.176698,0.046353
228275.186696,0.048674
228275.196686,0.039638
228275.206678,0.036160
228275.216671,0.046563
228275.226665,0.048950
228275.236657,0.046379
228275.246634,0.046245
228275.256644,0.042658
228275.266636,0.036030
228275.276629,0.026263
228275.286623,0.018322
228275.296615,0.012582
228275.306607,0.008449
228275.316601,0.009511
228275.326593,0.008138
228275.336588,0.012798
228275.346581,0.017803
228275.356573,0.023418
228275.366567,0.028252
228275.376560,0.026340
228275.386552,0.022840
228275.396546,-0.116004
228275.406533,-2.725196
228275.416525,1.023626
228275.426525,1.644453
228275.436530,1.180034
228275.446522,0.814317
228275.456504,0.653213
228275.466489,0.568293
228275.476481,0.463404
228275.486484,0.312912
228275.496459,0.114235
228275.506451,-0.089289
228275.516463,-0.450516
228275.526462,-0.696782
228275.536454,-0.532086
228275.546443,-0.194185
228275.556447,-0.148510
228275.566439,-0.117375
228275.576421,-0.041003
228275.586411,0.037156
228275.596403,0.065525
228275.606400,0.063742
228275.616388,0.045339
228275.626380,0.026422
228275.636380,0.026434
228275.646385,0.026551
228275.656377,0.017958
228275.666359,0.013170
228275.676360,0.009054
228275.686352,0.009543
228275.696338,0.036690
228275.706329,0.053090
228275.716321,0.056727
228275.726317,0.039787
228275.736297,0.023498
228275.746289,0.006341
228275.756296,-0.002604
228275.766296,-0.003112
228275.776288,-0.000589
228275.786275,-0.008026
228275.796264,-0.016197
228275.806256,-0.015831
228275.816255,-0.016303
228275.826232,-0.006581
228275.836224,0.005752
228275.846234,0.014135
228275.856231,0.022043
228275.866223,0.022589
228275.876213,0.024080
228275.886199,0.017012
228275.896191,0.015877
228275.906198,0.010913
228275.916186,0.005938
228275.926178,0.002956
228275.936162,0.001587
228275.946166,0.000043
228275.956158,0.000997
228275.966149,-0.000381
228275.976135,0.002312
228275.986127,0.003159
228275.996115,0.008514
228276.006134,0.010417
228276.016126,0.014227
228276.026110,0.016125
228276.036102,0.015701
228276.046094,0.014710
228276.056087,0.015127
228276.066070,0.010178
228276.076062,0.009394
228276.086068,0.006309
228276.096068,0.008102
228276.106060,0.002395
228276.116047,0.003956
228276.126041,0.002888
228276.136033,0.005410
228276.146027,0.010725
228276.156021,0.013412
228276.166013,0.012983
228276.176004,0.015351
228276.186005,0.013711
228276.195997,0.013126
228276.205991,0.010405
228276.215972,0.010530
228276.225964,0.013028
228276.235963,0.008223
228276.245964,0.010004
228276.255956,0.011877
228276.265943,0.011986
228276.275936,0.011038
228276.285928,0.010337
228276.295922,0.015429
228276.305927,0.014123
228276.315919,0.016657
228276.325901,0.015506
228276.335894,0.018286
228276.345886,0.017231
228276.355880,0.014815
228276.365875,0.012185
228276.375867,0.006459
228276.385859,0.003980
228276.395856,0.004576
228276.405848,0.002759
228276.415839,0.001586
228276.425842,-0.002362
228276.435834,-0.009170
228276.445817,-0.009528
228276.455810,-0.010537
228276.465802,-0.090498
228276.475796,-1.165675
228276.485778,2.114918
228276.495770,1.462713
228276.505776,0.886501
228276.515769,0.695721
228276.525761,0.720410
228276.535755,0.551569
228276.545744,0.392091
228276.555736,0.368868
228276.565734,0.290348
228276.575728,-0.167840
228276.585720,-1.149076
228276.595714,-1.091749
228276.605712,-0.232647
228276.615704,-0.098173
228276.625692,-0.073116
228276.635687,-0.029834
228276.645679,0.019953
228276.655672,0.066669
228276.665666,0.070737
228276.675658,0.012271
228276.685651,0.016613
228276.695645,0.034754
228276.705637,0.042812
228276.715630,0.028457
228276.725624,0.016125
228276.735616,0.007814
228276.745609,0.012885
228276.755603,0.023796
228276.765595,0.038279
228276.775589,0.042786
228276.785582,0.039346
228276.795574,0.027845
228276.805567,0.011237
228276.815562,-0.001048
228276.825554,-0.010731
228276.835546,-0.008690
228276.845540,-0.003855
228276.855532,-0.003844
228276.865530,-0.000941
228276.875520,0.001079
228276.885512,0.006971
228276.895498,0.013239
228276.905499,0.015879
228276.915491,0.018764
228276.925495,0.016863
228276.935478,0.013770
228276.945470,0.007098
228276.955464,-1.972972
228276.965457,0.193203
228276.975449,1.998144
228276.985442,1.257929
228276.995437,0.722907
228277.005429,0.623412
228277.015422,0.560528
228277.025416,0.388862
228277.035408,0.204212
228277.045254,0.027818
228277.055248,-0.071070
228277.065240,-0.120546
228277.075233,-0.190810
228277.085227,-0.244862
228277.095219,-0.246978
228277.105212,-0.263613
228277.115206,-0.243262
228277.125198,-0.152994
228277.135190,-0.069645
228277.145185,-0.001361
228277.155177,0.056853
228277.165170,0.064734
228277.175163,0.046890
228277.185155,0.025792
228277.195151,0.020003
228277.205145,0.014232
228277.215137,0.012336
228277.225122,0.003134
228277.235123,0.000773
228277.245115,0.022022
228277.255120,0.051840
228277.265101,0.067037
228277.275093,0.065483
228277.285091,0.055544
228277.295076,0.039741
228277.305068,0.018609
228277.315073,0.008173
228277.325066,0.005057
228277.335058,0.000799
228277.345056,-0.001212
228277.355046,-0.002542
228277.365038,-0.005501
228277.375018,-0.006762
228277.385019,-0.002525
228277.395011,0.005813
228277.405014,0.009682
228277.415004,0.008072
228277.424996,0.005097
228277.434994,0.003909
228277.444977,-0.003816
228277.454969,-0.007790
228277.464962,-0.024159
228277.474948,-0.021505
228277.484940,-0.025227
228277.494930,-0.041646
228277.504935,-0.033377
228277.514927,-0.043642
228277.524913,-0.020473
228277.534915,-0.028788
228277.544907,0.006698
228277.554897,0.009434
228277.564894,-0.002009
228277.574886,-0.019982
228277.584866,-0.015063
228277.594874,0.018573
228277.604866,0.026373
228277.614864,0.028020
228277.624853,0.023883
228277.634845,0.031101
228277.644824,0.033298
228277.654832,0.018520
228277.664824,-0.003200
228277.674801,-0.010803
228277.684811,-0.003507
228277.694803,0.006410
228277.704800,0.008700
228277.714790,0.011584
228277.724782,0.003287
228277.734771,-0.006933
228277.744769,-0.007500
228277.754761,0.009784
228277.764767,0.016940
228277.774755,0.016004
228277.784747,0.009979
228277.794724,0.013294
228277.804727,-0.000982
228277.814719,-0.021875
228277.824703,-0.056850
228277.834707,-0.012239
228277.844699,0.001091
228277.854702,0.016650
228277.864686,0.023742
228277.874678,0.004956
228277.884675,0.004634
228277.894665,-0.015907
228277.904657,-0.074908
228277.914655,-0.049271
228277.924644,0.017259
228277.934636,0.161258
228277.944637,0.235167
228277.954624,0.017608
228277.964616,-0.193700
228277.974606,-0.101513
228277.984602,-0.033900
228277.994594,0.055752
228278.004573,0.058904
228278.014582,0.008786
228278.024574,-0.021071
228278.034573,-0.000991
228278.044562,0.000956
228278.054554,-0.026812
228278.064547,-0.014178
228278.074540,0.026434
228278.084532,0.003538
228278.094509,-0.020892
228278.104519,0.006286
228278.114511,0.022265
228278.124505,-0.011110
228278.134499,-0.066838
228278.144491,-0.065173
228278.154482,-0.079104
228278.164478,-0.085770
228278.174470,-0.054944
228278.184475,-0.164850
228278.194457,-0.219804
228278.204449,-0.156472
228278.214443,0.056135
228278.224437,0.228966
228278.234429,0.205467
228278.244422,0.166377
228278.254414,0.102045
228278.264406,0.054592
228278.274402,0.130340
228278.284398,0.104042
228278.294390,-0.068675
228278.304381,-0.134665
228278.314379,-0.071934
228278.324371,-0.063007
228278.334359,-0.002171
228278.344344,0.078651
228278.354336,0.010780
228278.364337,0.015289
228278.374332,-0.030829
228278.384324,-0.078473
228278.394318,-0.050960
228278.404311,-0.039310
228278.414303,-0.030013
228278.424298,-0.030770
228278.434290,-0.018352
228278.444282,0.019837
228278.454268,0.065069
228278.464256,0.031042
228278.474248,0.010264
228278.484237,0.035632
228278.494255,0.066897
228278.504247,0.065223
228278.514226,0.054057
228278.524236,0.069349
228278.534228,0.074516
228278.544214,0.053435
228278.554208,0.048467
228278.564200,0.056429
228278.574193,-0.038880
228278.584183,-0.063177
228278.594175,-0.102936
228278.604172,-0.106490
228278.614166,-0.083300
228278.624158,-0.057563
228278.634151,-0.046972
228278.644145,0.060507
228278.654137,0.060412
228278.664131,0.055044
228278.674125,0.046918
228278.684117,0.038151
228278.694109,0.019103
228278.704103,-0.002770
228278.714095,-0.005953
228278.724096,-0.002285
228278.734083,-0.008793
228278.744075,-0.008240
228278.754068,0.008694
228278.764062,0.022450
228278.774054,0.029630
228278.784050,0.016963
228278.794041,-0.002382
228278.804033,-0.002111
228278.814027,-0.000856
228278.824020,0.011446
228278.834012,0.007543
228278.844016,-0.016071
228278.853999,0.035843
228278.863991,0.053970
228278.873985,0.015444
228278.883978,0.017577
228278.893970,-0.000682
228278.903964,0.005339
228278.913957,0.010041
228278.923949,0.013317
228278.933943,0.009983
228278.943936,-0.007887
228278.953928,-0.022546
228278.963923,-0.020493
228278.973915,-0.012040
228278.983907,-0.009452
228278.993901,-0.015045
228279.003888,-0.058896
228279.013880,-0.087884
228279.023881,0.006539
228279.033869,0.062921
228279.043861,0.034281
228279.053861,0.060536
228279.063837,0.107078
228279.073829,0.060226
228279.083839,0.005768
228279.093821,-0.037638
228279.103813,-0.034236
228279.113818,-0.026371
228279.123817,-0.010480
228279.133809,0.020059
228279.143798,0.016559
228279.153803,0.018625
228279.163795,0.053235
228279.173777,0.077248
228279.183785,0.091604
228279.193777,0.031215
228279.203755,-0.016794
228279.213742,-0.018446
228279.223734,-0.022614
228279.233736,-0.030728
228279.243732,-0.037553
228279.253724,-0.023167
228279.263715,-0.025115
228279.273717,-0.051092
228279.283709,-0.068083
228279.293695,-0.124425
228279.303685,-0.121136
228279.313677,-0.071551
228279.323673,-0.025606
228279.333653,-0.022109
228279.343645,-0.023159
228279.353653,-0.007610
228279.363653,0.014671
228279.373645,0.026112
228279.383631,0.048203
228279.393620,0.036224
228279.403612,-0.144020
228279.413609,-0.017034
228279.423589,-0.036069
228279.433581,-0.009309
228279.443590,0.057052
228279.453588,0.012212
228279.463580,0.059089
228279.473568,0.060218
228279.483556,0.094002
228279.493548,-0.077145
228279.503536,0.039770
228279.513524,0.055533
228279.523516,0.007778
228279.533528,-0.035562
228279.543523,0.020981
228279.553515,-0.011019
228279.563508,0.031524
228279.573491,0.039872
228279.583483,-0.035023
228279.593487,-0.015066
228279.603490,0.002993
228279.613482,0.059637
228279.623466,0.051606
228279.633447,0.031148
228279.643439,0.121730
228279.653443,0.127386
228279.663426,0.022990
228279.673418,0.008859
228279.683416,0.033383
228279.693424,0.013333
228279.703416,-0.111579
228279.713410,0.028813
228279.723387,0.121636
228279.733379,0.094428
228279.743372,0.147958
228279.753362,0.089419
228279.763354,-0.002585
228279.773351,0.149635
228279.783355,0.230911
228279.793347,-0.068890
228279.803340,-0.109337
228279.813329,-0.099813
228279.823321,-0.007101
228279.833309,0.009351
228279.843313,-0.017033
228279.853305,-0.114132
228279.863298,-0.134689
228279.873293,-0.148898
228279.883285,-0.192680
228279.893278,-0.203295
228279.903264,-0.158333
228279.913256,-0.168005
228279.923258,-0.236518
228279.933251,-0.237764
228279.943243,-0.266181
228279.953237,-0.235400
228279.963231,-0.224634
228279.973223,-0.232804
228279.983215,-0.227631
228279.993209,-0.254037
228280.003201,-0.280819
228280.013195,-0.277161
228280.023189,-0.282140
228280.033181,-0.304074
228280.043175,-0.249450
228280.053168,-0.233989
228280.063160,-0.219007
228280.073153,-0.187470
228280.083147,-0.141381
228280.093139,-0.093687
228280.103133,-0.071402
228280.113125,-0.081240
228280.123117,-0.048347
228280.133112,-0.033294
228280.143118,-0.002100
228280.153110,0.035250
228280.163090,0.035931
228280.173085,0.042197
228280.183077,0.061319
228280.193071,0.063551
228280.203069,0.061207
228280.213061,0.062513
228280.223050,0.049929
228280.233044,0.028462
228280.243036,0.056922
228280.253029,0.043212
228280.263022,0.039970
228280.273014,0.040051
228280.283008,0.013374
228280.293003,-0.002969
228280.302995,-0.010881
228280.312987,-0.036877
228280.322981,-0.035964
228280.332973,-0.031198
228280.342967,-0.043609
228280.352960,-0.038360
228280.362952,-0.058931
228280.372939,-0.069849
228280.382940,-0.034005
228280.392932,-0.018084
228280.402925,-0.009953
228280.412919,0.006124
228280.422911,0.013023
228280.432905,0.021325
228280.442898,0.029253
228280.452890,0.055000
228280.462884,0.046069
228280.472877,0.028952
228280.482869,0.016172
228280.492862,0.066620
228280.502856,0.221567
228280.512848,0.201462
228280.522842,0.072767
228280.532835,-0.039390
228280.542827,-0.004111
228280.552821,0.052317
228280.562816,0.014013
228280.572808,0.027690
228280.582801,0.021791
228280.592794,0.002332
228280.602786,-0.015837
228280.612779,-0.035237
228280.622774,-0.065056
228280.632766,-0.058150
228280.642757,-0.035963
228280.652753,-0.014053
228280.662745,0.002745
228280.672726,0.014072
228280.682732,0.034075
228280.692724,0.056340
228280.702721,0.048794
228280.712712,0.023736
228280.722704,0.002455
228280.732691,0.004327
228280.742698,0.005818
228280.752690,0.021186
228280.762676,0.042192
228280.772670,0.017329
228280.782662,0.008185
228280.792649,0.052203
228280.802649,0.047833
228280.812641,0.024768
228280.822637,0.018513
228280.832627,-0.000825
228280.842619,-0.012139
228280.852621,-0.022668
228280.862607,-0.010545
228280.872599,0.012642
228280.882600,0.018613
228280.892586,0.000548
228280.902578,-0.019735
228280.912562,-0.015506
228280.922566,0.004199
228280.932558,0.004847
228280.942558,0.005136
228280.952546,0.032531
228280.962538,0.042936
228280.972530,0.013536
228280.982525,-0.014458
228280.992517,-0.024124
228281.002505,-0.018778
228281.012505,-0.010415
228281.022497,-0.014459
228281.032485,-0.014741
228281.042483,-0.009151
228281.052475,0.011444
228281.062465,0.028812
228281.072458,0.044572
228281.082450,0.034078
228281.092434,0.017026
228281.102442,0.011953
228281.112434,0.017381
228281.122433,0.029663
228281.132415,0.039612
228281.142407,0.034127
228281.152401,0.020789
228281.162400,0.009085
228281.172392,0.021906
228281.182369,0.052062
228281.192384,0.054901
228281.202376,0.021852
228281.212371,-0.025353
228281.222358,-0.056206
228281.232350,-0.066358
228281.242336,-0.058207
228281.252338,-0.038057
228281.262330,-0.015714
228281.272335,-0.005504
228281.282317,-0.005694
228281.292309,-0.024887
228281.302300,-0.051423
228281.312297,-0.059981
228281.322289,-0.048340
228281.332272,-0.039319
228281.342277,-0.042293
228281.352269,-0.043111
228281.362270,-0.024670
228281.372256,-0.016213
228281.382248,-0.004708
228281.392239,-0.007436
228281.402234,-0.012015
228281.412226,-0.013267
228281.422207,-0.019276
228281.432214,-0.031613
228281.442206,-0.044763
228281.452206,-0.043427
228281.462192,-0.025673
228281.472184,-0.018923
228281.482173,-0.021268
228281.492172,-0.016699
228281.502164,-0.013121
228281.512159,-0.008955
228281.522152,-0.000509
228281.532144,-0.000123
228281.542141,-0.009351
228281.552131,-0.005418
228281.562123,-0.009787
228281.572109,-0.011212
228281.582110,-0.012294
228281.592102,-0.011919
228281.602108,-0.019246
228281.612089,-0.033156
228281.622081,-0.054110
228281.632087,-0.034098
228281.642069,-0.024221
228281.652061,-0.021991
228281.662045,-0.017590
228281.672047,-0.025747
228281.682039,-0.019807
228281.692043,-0.020056
228281.702027,-0.006999
228281.712019,-0.008708
228281.722013,-0.020136
228281.732000,-0.005666
228281.741992,0.011561
228281.751980,0.019662
228281.761986,0.020582
228281.771978,0.011804
228281.781971,0.001010
228281.791965,-0.003540
228281.801957,-0.004823
228281.811947,-0.017039
228281.821944,-0.026223
228281.831936,-0.016862
228281.841937,0.003559
228281.851923,0.035039
228281.861915,0.049358
228281.871909,0.041780
228281.881903,0.035980
228281.891895,0.043689
228281.901882,0.052949
228281.911880,0.045821
228281.921872,0.047137
228281.931850,0.029972
228281.941869,0.020090
228281.951861,0.037828
228281.961837,0.048501
228281.971830,0.048382
228281.981822,0.036785
228281.991828,0.020372
228282.001829,0.002413
228282.011821,0.001706
228282.021816,-0.000105
228282.031800,-0.026165
228282.041792,-0.058396
228282.051648,-0.060509
228282.061630,-0.059743
228282.071622,-0.072798
228282.081616,-0.069983
228282.091621,-0.054339
228282.101613,-0.040834
228282.111615,-0.037303
228282.121600,-0.038079
228282.131592,-0.033519
228282.141583,-0.030675
228282.151579,-0.039294
228282.161571,-0.049912
228282.171551,-0.047423
228282.181559,-0.035812
228282.191551,-0.027257
228282.201550,-0.016660
228282.211538,-0.008925
228282.221530,-0.004152
228282.231511,-0.000107
228282.241517,-0.002253
228282.251509,-0.008943
228282.261500,-0.013348
228282.271496,-0.005697
228282.281488,0.000637
228282.291485,0.012103
228282.301476,0.020755
228282.311468,0.016375
228282.321464,0.001896
228282.331455,-0.007941
228282.341447,-0.008314
228282.351450,-0.014303
228282.361435,-0.022097
228282.371427,-0.027654
228282.381404,-0.025485
228282.391409,-0.018249
228282.401401,-0.013722
228282.411389,-0.021841
228282.421393,-0.021686
228282.431385,-0.021135
228282.441380,-0.020805
228282.451372,-0.020646
228282.461364,-0.019911
228282.471356,-0.016408
228282.481351,0.002934
228282.491343,0.014759
228282.501324,0.025824
228282.511331,0.025406
228282.521323,0.010600
228282.531316,-0.002691
228282.541310,-0.014347
228282.551302,-0.025903
228282.561291,-0.030541
228282.571288,-0.024473
228282.581280,-0.020586
228282.591259,-0.014674
228282.601268,-0.009829
228282.611260,-0.005754
228282.621258,-0.005276
228282.631248,-0.004700
228282.641240,0.002110
228282.651232,0.013713
228282.661227,0.017742
228282.671219,0.011054
228282.681217,-0.001879
228282.691199,-0.005982
228282.701191,-0.001398
228282.711192,-0.004684
228282.721186,-0.003730
228282.731178,-0.011295
228282.741162,-0.018186
228282.751150,-0.023536
228282.761142,-0.028281
228282.771136,-0.025779
228282.781144,-0.019649
228282.791136,-0.014486
228282.801115,-0.024058
228282.811107,-0.031057
228282.821099,-0.028091
228282.831101,-0.017928
228282.841103,-0.008082
228282.851095,0.000727
228282.861084,-0.001717
228282.871081,-0.004121
228282.881073,-0.008521
228282.891069,-0.016088
228282.901061,-0.011577
228282.911053,-0.004676
228282.921032,-0.000456
228282.931041,-0.007777
228282.941033,-0.011983
228282.951031,-0.006924
228282.961019,-0.009588
228282.971011,-0.003195
228282.980999,-0.005780
228282.991000,-0.006583
228283.000992,-0.009476
228283.010968,-0.006791
228283.020979,-0.003488
228283.030971,-0.006403
228283.040975,-0.014620
228283.050957,-0.022031
228283.060949,-0.018693
228283.070942,-0.010070
228283.080937,-0.002766
228283.090929,-0.002399
228283.100914,-0.006899
228283.110916,-0.015087
228283.120908,-0.011740
228283.130908,-0.002426
228283.140895,0.003553
228283.150887,0.002904
228283.160879,-0.009682
228283.170875,-0.015989
228283.180867,-0.020965
228283.190854,-0.026413
228283.200857,-0.022003
228283.210849,-0.010868
228283.220840,-0.001907
228283.230813,0.008359
228283.240805,0.011242
228283.250805,0.006467
228283.260812,-0.001049
228283.270804,-0.010963
228283.280798,-0.014163
228283.290792,-0.016356
228283.300784,-0.027723
228283.310789,-0.030936
228283.320771,-0.031837
228283.330763,-0.022515
228283.340758,-0.014439
228283.350750,-0.008936
228283.360742,0.001427
228283.370736,0.007647
228283.380730,0.008231
228283.390722,0.004314
228283.400716,-0.000759
228283.410709,-0.006323
228283.420701,-0.014856
228283.430702,-0.018053
228283.440689,-0.016653
228283.450681,-0.004153
228283.460675,-0.000093
228283.470667,-0.001292
228283.480659,-0.002354
228283.490653,-0.008353
228283.500647,-0.005961
228283.510639,0.002275
228283.520633,0.008825
228283.530626,0.007381
228283.540618,-0.004780
228283.550598,-0.017388
228283.560586,-0.018096
228283.570578,-0.021577
228283.580596,-0.030526
228283.590585,-0.033813
228283.600577,-0.037217
228283.610570,-0.053635
228283.620563,0.077944
228283.630555,0.086725
228283.640550,0.036357
228283.650549,-0.023314
228283.660541,-0.062555
228283.670529,-0.055870
228283.680517,-0.051630
228283.690509,-0.054728
228283.700509,-0.070303
